Inventory Number,Title,Author,Editor,Edition Date,Edition Location,Acquisition Mode,Status,Localisation
624,"100 FICHES POUR BIEN DÉMARRER EN PRÉPA, 2021-2022 : MPSI, MP2I, PCSI, PTSI, BCPST 1 : MATHS, PHYSIQUE, CHIMIE, PROGRAMME 2021","SPELLER, MARIE-VIRGINIE.",MALKOFF,2021.0,PARIS,ACHAT,CONSULTATION SUR PLACE,ENSIA
849,400 EXERCICES CORRIGÉS D'ALGÈBRE AVEC RAPPELS DE COURS POUR SPÉ MP-MP*,"AASSILA, MOHAMMED",ELLIPSES,2014.0,PARIS,DON,PRÊT EXTERNE,ENSIA
1387,50 [CINQUANTE]CLÉS POUR COMPRENDRE LA PHYSIQUE,"BAKER, JOANNE",DUNOD,2015.0,PARIS,DON,PRÊT EXTERNE,ENSIA
941,50 [CINQUANTE]CLÉS POUR COMPRENDRE LA PHYSIQUE,"BAKER, JOANNE",DUNOD,2015.0,PARIS,PASSIF,PRÊT EXTERNE,ENSIA
1014,"8 ANS DE PROBLÈMES CORRIGÉS DE MATHÉMATIQUES POSÉS AUX CONCOURS DE CENTRALE-SUPÉLEC, MINES-PONTS, CCP",FRANCHINI JEAN,UNKNOWN_EDITOR,2008.0,PARIS,ACHAT,PRÊT EXTERNE,ENSIA
1013,"8 ANS DE PROBLÈMES CORRIGÉS DE MATHÉMATIQUES POSÉS AUX CONCOURS DE CENTRALE-SUPÉLEC, MINES-PONTS, CCP",FRANCHINI JEAN,UNKNOWN_EDITOR,2008.0,PARIS,ACHAT,PRÊT EXTERNE,ENSIA
3781,A FIRST COURSE IN PROBABILITY,"ROSS, SHELDON M.",UNKNOWN_EDITOR,2014.0,BOSTON,ACHAT,PRÊT EXTERNE,ENSIA
3782,A FIRST COURSE IN PROBABILITY,"ROSS, SHELDON M.",UNKNOWN_EDITOR,2014.0,BOSTON,ACHAT,PRÊT EXTERNE,ENSIA
3783,A FIRST COURSE IN PROBABILITY,"ROSS, SHELDON M.",UNKNOWN_EDITOR,2014.0,BOSTON,ACHAT,PRÊT EXTERNE,ENSIA
3693,A MULTI-DISCIPLINARY APPROCH,UNKNOWN_AUTHOR,UNKNOWN_EDITOR,UNKNOWN_YEAR,UNKNOWN_LOCATION,ACHAT,PRÊT EXTERNE,ENSIA
3687,A MULTI-DISCIPLINARY APPROCH,UNKNOWN_AUTHOR,UNKNOWN_EDITOR,UNKNOWN_YEAR,UNKNOWN_LOCATION,ACHAT,PRÊT EXTERNE,ENSIA
3691,A MULTI-DISCIPLINARY APPROCH,UNKNOWN_AUTHOR,UNKNOWN_EDITOR,UNKNOWN_YEAR,UNKNOWN_LOCATION,ACHAT,PRÊT EXTERNE,ENSIA
3689,A MULTI-DISCIPLINARY APPROCH,UNKNOWN_AUTHOR,UNKNOWN_EDITOR,UNKNOWN_YEAR,UNKNOWN_LOCATION,ACHAT,PRÊT EXTERNE,ENSIA
3690,A MULTI-DISCIPLINARY APPROCH,UNKNOWN_AUTHOR,UNKNOWN_EDITOR,UNKNOWN_YEAR,UNKNOWN_LOCATION,ACHAT,PRÊT EXTERNE,ENSIA
3692,A MULTI-DISCIPLINARY APPROCH,UNKNOWN_AUTHOR,UNKNOWN_EDITOR,UNKNOWN_YEAR,UNKNOWN_LOCATION,ACHAT,PRÊT EXTERNE,ENSIA
3688,A MULTI-DISCIPLINARY APPROCH,UNKNOWN_AUTHOR,UNKNOWN_EDITOR,UNKNOWN_YEAR,UNKNOWN_LOCATION,ACHAT,PRÊT EXTERNE,ENSIA
3686,A MULTI-DISCIPLINARY APPROCH,UNKNOWN_AUTHOR,UNKNOWN_EDITOR,UNKNOWN_YEAR,UNKNOWN_LOCATION,ACHAT,PRÊT EXTERNE,ENSIA
3694,A MULTI-DISCIPLINARY APPROCH,UNKNOWN_AUTHOR,UNKNOWN_EDITOR,UNKNOWN_YEAR,UNKNOWN_LOCATION,ACHAT,PRÊT EXTERNE,ENSIA
3685,A MULTI-DISCIPLINARY APPROCH,UNKNOWN_AUTHOR,UNKNOWN_EDITOR,UNKNOWN_YEAR,UNKNOWN_LOCATION,ACHAT,PRÊT EXTERNE,ENSIA
65,A WORK BOOK FOR BASIC WRITING COMPOSITION,ZOUBIR ABDELHAMID,OPU,2017.0,ALGER,ACHAT,CONSULTATION SUR PLACE,ENSIA
66,A WORK BOOK FOR BASIC WRITING COMPOSITION,ZOUBIR ABDELHAMID,OPU,2017.0,ALGER,ACHAT,PRÊT EXTERNE,ENSIA
964,ABRÉGÉ DE STATISTIQUE : À L'USAGE DES ÉTUDIANTS EN MÉDECINE ET EN BIOLOGIE,"GELLER, S.",MASSON,1974.0,PARIS,ACHAT,PRÊT EXTERNE,ENSIA
963,ABRÉGÉ DE STATISTIQUE : À L'USAGE DES ÉTUDIANTS EN MÉDECINE ET EN BIOLOGIE,"GELLER, S.",MASSON,1974.0,PARIS,ACHAT,PRÊT EXTERNE,ENSIA
3840,ACADEMIC WRITING WITH CORPORA : A RESOURCE BOOK FOR DATA-DRIVEN LEARNING,SECCOMDE TATYANA KARENKO,ROUTLEDGE,2020.0,USA,ACHAT,PRÊT EXTERNE,ENSIA
614,ACADEMIC WRITING WITH CORPORA : A RESOURCE BOOK FOR DATA-DRIVEN LEARNING,SECCOMDE TATYANA KARENKO,ROUTLEDGE,2020.0,USA,ACHAT,PRÊT EXTERNE,ENSIA
613,ACADEMIC WRITING WITH CORPORA : A RESOURCE BOOK FOR DATA-DRIVEN LEARNING,SECCOMDE TATYANA KARENKO,ROUTLEDGE,2020.0,USA,ACHAT,PRÊT EXTERNE,ENSIA
615,ACADEMIC WRITING WITH CORPORA : A RESOURCE BOOK FOR DATA-DRIVEN LEARNING,SECCOMDE TATYANA KARENKO,ROUTLEDGE,2020.0,USA,ACHAT,PRÊT EXTERNE,ENSIA
3841,ACADEMIC WRITING WITH CORPORA : A RESOURCE BOOK FOR DATA-DRIVEN LEARNING,SECCOMDE TATYANA KARENKO,ROUTLEDGE,2020.0,USA,ACHAT,PRÊT EXTERNE,ENSIA
3839,ACADEMIC WRITING WITH CORPORA : A RESOURCE BOOK FOR DATA-DRIVEN LEARNING,SECCOMDE TATYANA KARENKO,ROUTLEDGE,2020.0,USA,ACHAT,PRÊT EXTERNE,ENSIA
729,ACCESSIBILITÉ WEB : NORMES ET BONNES PRATIQUES POUR DES SITES PLUS ACCESSIBLES,"ALTINIER, ARMONY",EYROLLES,2012.0,PARIS,DON,CONSULTATION SUR PLACE,ENSIA
749,"ACROBAT XI, VERSION PRO : POUR PC-MAC, INCLUT ADOBE READER","SAINT-DENIS, NATHALIE DE",ED. ENI,2013.0,SAINT-HERBLAIN,DON,PRÊT EXTERNE,ENSIA
4282,ADMINISTRATION DES RÉSEAUX PAR LA PRATIQUE EXERCICES POUR DÉBUTANTS,"DAHMANI, YOUCEF",OPU,2017.0,ALGER,ACHAT,PRÊT EXTERNE,ENSIA
4280,ADMINISTRATION DES RÉSEAUX PAR LA PRATIQUE EXERCICES POUR DÉBUTANTS,"DAHMANI, YOUCEF",OPU,2017.0,ALGER,ACHAT,PRÊT EXTERNE,ENSIA
4276,ADMINISTRATION DES RÉSEAUX PAR LA PRATIQUE EXERCICES POUR DÉBUTANTS,"DAHMANI, YOUCEF",OPU,2017.0,ALGER,ACHAT,PRÊT EXTERNE,ENSIA
4279,ADMINISTRATION DES RÉSEAUX PAR LA PRATIQUE EXERCICES POUR DÉBUTANTS,"DAHMANI, YOUCEF",OPU,2017.0,ALGER,ACHAT,PRÊT EXTERNE,ENSIA
331,ADMINISTRATION DES RÉSEAUX PAR LA PRATIQUE EXERCICES POUR DÉBUTANTS,"DAHMANI, YOUCEF",OPU,2017.0,ALGER,ACHAT,CONSULTATION SUR PLACE,ENSIA
4278,ADMINISTRATION DES RÉSEAUX PAR LA PRATIQUE EXERCICES POUR DÉBUTANTS,"DAHMANI, YOUCEF",OPU,2017.0,ALGER,ACHAT,PRÊT EXTERNE,ENSIA
4274,ADMINISTRATION DES RÉSEAUX PAR LA PRATIQUE EXERCICES POUR DÉBUTANTS,"DAHMANI, YOUCEF",OPU,2017.0,ALGER,ACHAT,PRÊT EXTERNE,ENSIA
4277,ADMINISTRATION DES RÉSEAUX PAR LA PRATIQUE EXERCICES POUR DÉBUTANTS,"DAHMANI, YOUCEF",OPU,2017.0,ALGER,ACHAT,PRÊT EXTERNE,ENSIA
4283,ADMINISTRATION DES RÉSEAUX PAR LA PRATIQUE EXERCICES POUR DÉBUTANTS,"DAHMANI, YOUCEF",OPU,2017.0,ALGER,ACHAT,PRÊT EXTERNE,ENSIA
332,ADMINISTRATION DES RÉSEAUX PAR LA PRATIQUE EXERCICES POUR DÉBUTANTS,"DAHMANI, YOUCEF",OPU,2017.0,ALGER,ACHAT,PRÊT EXTERNE,ENSIA
4275,ADMINISTRATION DES RÉSEAUX PAR LA PRATIQUE EXERCICES POUR DÉBUTANTS,"DAHMANI, YOUCEF",OPU,2017.0,ALGER,ACHAT,PRÊT EXTERNE,ENSIA
4281,ADMINISTRATION DES RÉSEAUX PAR LA PRATIQUE EXERCICES POUR DÉBUTANTS,"DAHMANI, YOUCEF",OPU,2017.0,ALGER,ACHAT,PRÊT EXTERNE,ENSIA
3808,ADVANCED BACKEND CODE OPTIMIZATION,"TOUATI, SID",UNKNOWN_EDITOR,2014.0,UNKNOWN_LOCATION,ACHAT,PRÊT EXTERNE,ENSIA
3806,ADVANCED BACKEND CODE OPTIMIZATION,"TOUATI, SID",UNKNOWN_EDITOR,2014.0,UNKNOWN_LOCATION,ACHAT,PRÊT EXTERNE,ENSIA
3807,ADVANCED BACKEND CODE OPTIMIZATION,"TOUATI, SID",UNKNOWN_EDITOR,2014.0,UNKNOWN_LOCATION,ACHAT,PRÊT EXTERNE,ENSIA
3810,ADVANCED CYBERSECURITY TECHNOLOGIES,"MOSELEY,RALPH",UNKNOWN_EDITOR,2022.0,UNKNOWN_LOCATION,ACHAT,PRÊT EXTERNE,ENSIA
3809,ADVANCED CYBERSECURITY TECHNOLOGIES,"MOSELEY,RALPH",UNKNOWN_EDITOR,2022.0,UNKNOWN_LOCATION,ACHAT,PRÊT EXTERNE,ENSIA
3811,ADVANCED CYBERSECURITY TECHNOLOGIES,"MOSELEY,RALPH",UNKNOWN_EDITOR,2022.0,UNKNOWN_LOCATION,ACHAT,PRÊT EXTERNE,ENSIA
3812,ADVANCED DATA STRUCTURES: THEORY AND APPLICATIONS,"SAHA,SUMAN",UNKNOWN_EDITOR,2019.0,UNKNOWN_LOCATION,ACHAT,PRÊT EXTERNE,ENSIA
3813,ADVANCED DATA STRUCTURES: THEORY AND APPLICATIONS,"SAHA,SUMAN",UNKNOWN_EDITOR,2019.0,UNKNOWN_LOCATION,ACHAT,PRÊT EXTERNE,ENSIA
3814,ADVANCED DATA STRUCTURES: THEORY AND APPLICATIONS,"SAHA,SUMAN",UNKNOWN_EDITOR,2019.0,UNKNOWN_LOCATION,ACHAT,PRÊT EXTERNE,ENSIA
3817,AGILE STRATEGY MANAGEMENT : TECHNIQUES FOR CONTINUOUS ALIGNMENT AND IMPROVEMENT,"LYNGSO,SOREN",UNKNOWN_EDITOR,2014.0,UNKNOWN_LOCATION,ACHAT,PRÊT EXTERNE,ENSIA
3816,AGILE STRATEGY MANAGEMENT : TECHNIQUES FOR CONTINUOUS ALIGNMENT AND IMPROVEMENT,"LYNGSO,SOREN",UNKNOWN_EDITOR,2014.0,UNKNOWN_LOCATION,ACHAT,PRÊT EXTERNE,ENSIA
3815,AGILE STRATEGY MANAGEMENT : TECHNIQUES FOR CONTINUOUS ALIGNMENT AND IMPROVEMENT,"LYNGSO,SOREN",UNKNOWN_EDITOR,2014.0,UNKNOWN_LOCATION,ACHAT,PRÊT EXTERNE,ENSIA
3819,AI FOR THE SUSTAINABLE DEVELOPMENT GOALS,"SAETRA, HENRIK SKAUG",UNKNOWN_EDITOR,2022.0,UNKNOWN_LOCATION,ACHAT,PRÊT EXTERNE,ENSIA
3818,AI FOR THE SUSTAINABLE DEVELOPMENT GOALS,"SAETRA, HENRIK SKAUG",UNKNOWN_EDITOR,2022.0,UNKNOWN_LOCATION,ACHAT,PRÊT EXTERNE,ENSIA
3821,AI MEETS BI : ARTIFICIAL INTELLIGENCE AND BUSINESS INTELLIGENCE,"BULUSU,LAKSHMAN",UNKNOWN_EDITOR,2021.0,UNKNOWN_LOCATION,ACHAT,PRÊT EXTERNE,ENSIA
3820,AI MEETS BI : ARTIFICIAL INTELLIGENCE AND BUSINESS INTELLIGENCE,"BULUSU,LAKSHMAN",UNKNOWN_EDITOR,2021.0,UNKNOWN_LOCATION,ACHAT,PRÊT EXTERNE,ENSIA
886,"AIDE À LA DÉCISION, UNE APPROCHE PAR LES CAS","VALLIN, PHILIPPE",ELLIPSES,2002.0,PARIS,DON,CONSULTATION SUR PLACE,ENSIA
826,AIDE-MÉMOIRE DE MATHÉMATIQUES,"AULIAC, GUY",EDISCIENCE INTERNATIONAL,1994.0,CACHAN (VAL-DE-MARNE),PASSIF,PRÊT EXTERNE,ENSIA
877,AIDE-MÉMOIRE DE MATHÉMATIQUES,"AULIAC, GUY",EDISCIENCE INTERNATIONAL,1994.0,CACHAN (VAL-DE-MARNE),DON,PRÊT EXTERNE,ENSIA
2835,ALGEBRE 1 : RAPPELS DE COURS ET EXERCICES AVEC SOLUTIONS,HAMED C BABA,OPU,2016.0,ALGER,ACHAT,PRÊT EXTERNE,ENSIA
4264,ALGEBRE 1 : RAPPELS DE COURS ET EXERCICES AVEC SOLUTIONS,HAMED C BABA,OPU,2016.0,ALGER,ACHAT,PRÊT EXTERNE,ENSIA
4263,ALGEBRE 1 : RAPPELS DE COURS ET EXERCICES AVEC SOLUTIONS,HAMED C BABA,OPU,2016.0,ALGER,ACHAT,PRÊT EXTERNE,ENSIA
2836,ALGEBRE 1 : RAPPELS DE COURS ET EXERCICES AVEC SOLUTIONS,HAMED C BABA,OPU,2016.0,ALGER,ACHAT,PRÊT EXTERNE,ENSIA
2837,ALGEBRE 1 : RAPPELS DE COURS ET EXERCICES AVEC SOLUTIONS,HAMED C BABA,OPU,2016.0,ALGER,ACHAT,PRÊT EXTERNE,ENSIA
2834,ALGEBRE 1 : RAPPELS DE COURS ET EXERCICES AVEC SOLUTIONS,HAMED C BABA,OPU,2016.0,ALGER,ACHAT,PRÊT EXTERNE,ENSIA
2741,ALGEBRE 1 : RAPPELS DE COURS ET EXERCICES AVEC SOLUTIONS,HAMED C BABA,OPU,2016.0,ALGER,ACHAT,PRÊT EXTERNE,ENSIA
2740,ALGEBRE 1 : RAPPELS DE COURS ET EXERCICES AVEC SOLUTIONS,HAMED C BABA,OPU,2016.0,ALGER,ACHAT,PRÊT EXTERNE,ENSIA
1659,ALGEBRE 1 : RAPPELS DE COURS ET EXERCICES AVEC SOLUTIONS,HAMED C BABA,OPU,2016.0,ALGER,ACHAT,PRÊT EXTERNE,ENSIA
2838,ALGEBRE 1 : RAPPELS DE COURS ET EXERCICES AVEC SOLUTIONS,HAMED C BABA,OPU,2016.0,ALGER,ACHAT,PRÊT EXTERNE,ENSIA
1658,ALGEBRE 1 : RAPPELS DE COURS ET EXERCICES AVEC SOLUTIONS,HAMED C BABA,OPU,2016.0,ALGER,ACHAT,PRÊT EXTERNE,ENSIA
2839,ALGEBRE 1 : RAPPELS DE COURS ET EXERCICES AVEC SOLUTIONS,HAMED C BABA,OPU,2016.0,ALGER,ACHAT,PRÊT EXTERNE,ENSIA
2833,ALGEBRE 1 : RAPPELS DE COURS ET EXERCICES AVEC SOLUTIONS,HAMED C BABA,OPU,2016.0,ALGER,ACHAT,PRÊT EXTERNE,ENSIA
284,ALGEBRE 1 : RAPPELS DE COURS ET EXERCICES AVEC SOLUTIONS,HAMED C BABA,OPU,2016.0,ALGER,ACHAT,PRÊT EXTERNE,ENSIA
2832,ALGEBRE 1 : RAPPELS DE COURS ET EXERCICES AVEC SOLUTIONS,HAMED C BABA,OPU,2016.0,ALGER,ACHAT,PRÊT EXTERNE,ENSIA
2831,ALGEBRE 1 : RAPPELS DE COURS ET EXERCICES AVEC SOLUTIONS,HAMED C BABA,OPU,2016.0,ALGER,ACHAT,PRÊT EXTERNE,ENSIA
2830,ALGEBRE 1 : RAPPELS DE COURS ET EXERCICES AVEC SOLUTIONS,HAMED C BABA,OPU,2016.0,ALGER,ACHAT,PRÊT EXTERNE,ENSIA
283,ALGEBRE 1 : RAPPELS DE COURS ET EXERCICES AVEC SOLUTIONS,HAMED C BABA,OPU,2016.0,ALGER,ACHAT,PRÊT EXTERNE,ENSIA
2829,ALGEBRE 1 : RAPPELS DE COURS ET EXERCICES AVEC SOLUTIONS,HAMED C BABA,OPU,2016.0,ALGER,ACHAT,PRÊT EXTERNE,ENSIA
1660,ALGEBRE 1 : RAPPELS DE COURS ET EXERCICES AVEC SOLUTIONS,HAMED C BABA,OPU,2016.0,ALGER,ACHAT,PRÊT EXTERNE,ENSIA
4260,ALGEBRE 1 : RAPPELS DE COURS ET EXERCICES AVEC SOLUTIONS,HAMED C BABA,OPU,2016.0,ALGER,ACHAT,PRÊT EXTERNE,ENSIA
4267,ALGEBRE 1 : RAPPELS DE COURS ET EXERCICES AVEC SOLUTIONS,HAMED C BABA,OPU,2016.0,ALGER,ACHAT,PRÊT EXTERNE,ENSIA
2745,ALGEBRE 1 : RAPPELS DE COURS ET EXERCICES AVEC SOLUTIONS,HAMED C BABA,OPU,2016.0,ALGER,ACHAT,PRÊT EXTERNE,ENSIA
4266,ALGEBRE 1 : RAPPELS DE COURS ET EXERCICES AVEC SOLUTIONS,HAMED C BABA,OPU,2016.0,ALGER,ACHAT,PRÊT EXTERNE,ENSIA
2752,ALGEBRE 1 : RAPPELS DE COURS ET EXERCICES AVEC SOLUTIONS,HAMED C BABA,OPU,2016.0,ALGER,ACHAT,PRÊT EXTERNE,ENSIA
1664,ALGEBRE 1 : RAPPELS DE COURS ET EXERCICES AVEC SOLUTIONS,HAMED C BABA,OPU,2016.0,ALGER,ACHAT,PRÊT EXTERNE,ENSIA
4268,ALGEBRE 1 : RAPPELS DE COURS ET EXERCICES AVEC SOLUTIONS,HAMED C BABA,OPU,2016.0,ALGER,ACHAT,PRÊT EXTERNE,ENSIA
4269,ALGEBRE 1 : RAPPELS DE COURS ET EXERCICES AVEC SOLUTIONS,HAMED C BABA,OPU,2016.0,ALGER,ACHAT,PRÊT EXTERNE,ENSIA
4270,ALGEBRE 1 : RAPPELS DE COURS ET EXERCICES AVEC SOLUTIONS,HAMED C BABA,OPU,2016.0,ALGER,ACHAT,PRÊT EXTERNE,ENSIA
2753,ALGEBRE 1 : RAPPELS DE COURS ET EXERCICES AVEC SOLUTIONS,HAMED C BABA,OPU,2016.0,ALGER,ACHAT,PRÊT EXTERNE,ENSIA
2754,ALGEBRE 1 : RAPPELS DE COURS ET EXERCICES AVEC SOLUTIONS,HAMED C BABA,OPU,2016.0,ALGER,ACHAT,PRÊT EXTERNE,ENSIA
4271,ALGEBRE 1 : RAPPELS DE COURS ET EXERCICES AVEC SOLUTIONS,HAMED C BABA,OPU,2016.0,ALGER,ACHAT,PRÊT EXTERNE,ENSIA
2744,ALGEBRE 1 : RAPPELS DE COURS ET EXERCICES AVEC SOLUTIONS,HAMED C BABA,OPU,2016.0,ALGER,ACHAT,PRÊT EXTERNE,ENSIA
4272,ALGEBRE 1 : RAPPELS DE COURS ET EXERCICES AVEC SOLUTIONS,HAMED C BABA,OPU,2016.0,ALGER,ACHAT,PRÊT EXTERNE,ENSIA
4265,ALGEBRE 1 : RAPPELS DE COURS ET EXERCICES AVEC SOLUTIONS,HAMED C BABA,OPU,2016.0,ALGER,ACHAT,PRÊT EXTERNE,ENSIA
2755,ALGEBRE 1 : RAPPELS DE COURS ET EXERCICES AVEC SOLUTIONS,HAMED C BABA,OPU,2016.0,ALGER,ACHAT,PRÊT EXTERNE,ENSIA
2743,ALGEBRE 1 : RAPPELS DE COURS ET EXERCICES AVEC SOLUTIONS,HAMED C BABA,OPU,2016.0,ALGER,ACHAT,PRÊT EXTERNE,ENSIA
2746,ALGEBRE 1 : RAPPELS DE COURS ET EXERCICES AVEC SOLUTIONS,HAMED C BABA,OPU,2016.0,ALGER,ACHAT,PRÊT EXTERNE,ENSIA
1663,ALGEBRE 1 : RAPPELS DE COURS ET EXERCICES AVEC SOLUTIONS,HAMED C BABA,OPU,2016.0,ALGER,ACHAT,PRÊT EXTERNE,ENSIA
2747,ALGEBRE 1 : RAPPELS DE COURS ET EXERCICES AVEC SOLUTIONS,HAMED C BABA,OPU,2016.0,ALGER,ACHAT,PRÊT EXTERNE,ENSIA
2742,ALGEBRE 1 : RAPPELS DE COURS ET EXERCICES AVEC SOLUTIONS,HAMED C BABA,OPU,2016.0,ALGER,ACHAT,PRÊT EXTERNE,ENSIA
1662,ALGEBRE 1 : RAPPELS DE COURS ET EXERCICES AVEC SOLUTIONS,HAMED C BABA,OPU,2016.0,ALGER,ACHAT,PRÊT EXTERNE,ENSIA
1661,ALGEBRE 1 : RAPPELS DE COURS ET EXERCICES AVEC SOLUTIONS,HAMED C BABA,OPU,2016.0,ALGER,ACHAT,PRÊT EXTERNE,ENSIA
1665,ALGEBRE 1 : RAPPELS DE COURS ET EXERCICES AVEC SOLUTIONS,HAMED C BABA,OPU,2016.0,ALGER,ACHAT,PRÊT EXTERNE,ENSIA
2748,ALGEBRE 1 : RAPPELS DE COURS ET EXERCICES AVEC SOLUTIONS,HAMED C BABA,OPU,2016.0,ALGER,ACHAT,PRÊT EXTERNE,ENSIA
2751,ALGEBRE 1 : RAPPELS DE COURS ET EXERCICES AVEC SOLUTIONS,HAMED C BABA,OPU,2016.0,ALGER,ACHAT,PRÊT EXTERNE,ENSIA
2749,ALGEBRE 1 : RAPPELS DE COURS ET EXERCICES AVEC SOLUTIONS,HAMED C BABA,OPU,2016.0,ALGER,ACHAT,PRÊT EXTERNE,ENSIA
2750,ALGEBRE 1 : RAPPELS DE COURS ET EXERCICES AVEC SOLUTIONS,HAMED C BABA,OPU,2016.0,ALGER,ACHAT,PRÊT EXTERNE,ENSIA
2805,ALGEBRE 1 : RAPPELS DE COURS ET EXERCICES AVEC SOLUTIONS,HAMED C BABA,OPU,2016.0,ALGER,ACHAT,PRÊT EXTERNE,ENSIA
2827,ALGEBRE 1 : RAPPELS DE COURS ET EXERCICES AVEC SOLUTIONS,HAMED C BABA,OPU,2016.0,ALGER,ACHAT,PRÊT EXTERNE,ENSIA
2763,ALGEBRE 1 : RAPPELS DE COURS ET EXERCICES AVEC SOLUTIONS,HAMED C BABA,OPU,2016.0,ALGER,ACHAT,PRÊT EXTERNE,ENSIA
2762,ALGEBRE 1 : RAPPELS DE COURS ET EXERCICES AVEC SOLUTIONS,HAMED C BABA,OPU,2016.0,ALGER,ACHAT,PRÊT EXTERNE,ENSIA
2761,ALGEBRE 1 : RAPPELS DE COURS ET EXERCICES AVEC SOLUTIONS,HAMED C BABA,OPU,2016.0,ALGER,ACHAT,PRÊT EXTERNE,ENSIA
2760,ALGEBRE 1 : RAPPELS DE COURS ET EXERCICES AVEC SOLUTIONS,HAMED C BABA,OPU,2016.0,ALGER,ACHAT,PRÊT EXTERNE,ENSIA
2759,ALGEBRE 1 : RAPPELS DE COURS ET EXERCICES AVEC SOLUTIONS,HAMED C BABA,OPU,2016.0,ALGER,ACHAT,PRÊT EXTERNE,ENSIA
2795,ALGEBRE 1 : RAPPELS DE COURS ET EXERCICES AVEC SOLUTIONS,HAMED C BABA,OPU,2016.0,ALGER,ACHAT,PRÊT EXTERNE,ENSIA
2794,ALGEBRE 1 : RAPPELS DE COURS ET EXERCICES AVEC SOLUTIONS,HAMED C BABA,OPU,2016.0,ALGER,ACHAT,PRÊT EXTERNE,ENSIA
2793,ALGEBRE 1 : RAPPELS DE COURS ET EXERCICES AVEC SOLUTIONS,HAMED C BABA,OPU,2016.0,ALGER,ACHAT,PRÊT EXTERNE,ENSIA
2792,ALGEBRE 1 : RAPPELS DE COURS ET EXERCICES AVEC SOLUTIONS,HAMED C BABA,OPU,2016.0,ALGER,ACHAT,PRÊT EXTERNE,ENSIA
2791,ALGEBRE 1 : RAPPELS DE COURS ET EXERCICES AVEC SOLUTIONS,HAMED C BABA,OPU,2016.0,ALGER,ACHAT,PRÊT EXTERNE,ENSIA
2790,ALGEBRE 1 : RAPPELS DE COURS ET EXERCICES AVEC SOLUTIONS,HAMED C BABA,OPU,2016.0,ALGER,ACHAT,PRÊT EXTERNE,ENSIA
2789,ALGEBRE 1 : RAPPELS DE COURS ET EXERCICES AVEC SOLUTIONS,HAMED C BABA,OPU,2016.0,ALGER,ACHAT,PRÊT EXTERNE,ENSIA
2788,ALGEBRE 1 : RAPPELS DE COURS ET EXERCICES AVEC SOLUTIONS,HAMED C BABA,OPU,2016.0,ALGER,ACHAT,PRÊT EXTERNE,ENSIA
2787,ALGEBRE 1 : RAPPELS DE COURS ET EXERCICES AVEC SOLUTIONS,HAMED C BABA,OPU,2016.0,ALGER,ACHAT,PRÊT EXTERNE,ENSIA
2786,ALGEBRE 1 : RAPPELS DE COURS ET EXERCICES AVEC SOLUTIONS,HAMED C BABA,OPU,2016.0,ALGER,ACHAT,PRÊT EXTERNE,ENSIA
2785,ALGEBRE 1 : RAPPELS DE COURS ET EXERCICES AVEC SOLUTIONS,HAMED C BABA,OPU,2016.0,ALGER,ACHAT,PRÊT EXTERNE,ENSIA
2784,ALGEBRE 1 : RAPPELS DE COURS ET EXERCICES AVEC SOLUTIONS,HAMED C BABA,OPU,2016.0,ALGER,ACHAT,PRÊT EXTERNE,ENSIA
2806,ALGEBRE 1 : RAPPELS DE COURS ET EXERCICES AVEC SOLUTIONS,HAMED C BABA,OPU,2016.0,ALGER,ACHAT,PRÊT EXTERNE,ENSIA
2783,ALGEBRE 1 : RAPPELS DE COURS ET EXERCICES AVEC SOLUTIONS,HAMED C BABA,OPU,2016.0,ALGER,ACHAT,PRÊT EXTERNE,ENSIA
2764,ALGEBRE 1 : RAPPELS DE COURS ET EXERCICES AVEC SOLUTIONS,HAMED C BABA,OPU,2016.0,ALGER,ACHAT,PRÊT EXTERNE,ENSIA
2765,ALGEBRE 1 : RAPPELS DE COURS ET EXERCICES AVEC SOLUTIONS,HAMED C BABA,OPU,2016.0,ALGER,ACHAT,PRÊT EXTERNE,ENSIA
2766,ALGEBRE 1 : RAPPELS DE COURS ET EXERCICES AVEC SOLUTIONS,HAMED C BABA,OPU,2016.0,ALGER,ACHAT,PRÊT EXTERNE,ENSIA
2767,ALGEBRE 1 : RAPPELS DE COURS ET EXERCICES AVEC SOLUTIONS,HAMED C BABA,OPU,2016.0,ALGER,ACHAT,PRÊT EXTERNE,ENSIA
2804,ALGEBRE 1 : RAPPELS DE COURS ET EXERCICES AVEC SOLUTIONS,HAMED C BABA,OPU,2016.0,ALGER,ACHAT,PRÊT EXTERNE,ENSIA
2803,ALGEBRE 1 : RAPPELS DE COURS ET EXERCICES AVEC SOLUTIONS,HAMED C BABA,OPU,2016.0,ALGER,ACHAT,PRÊT EXTERNE,ENSIA
2777,ALGEBRE 1 : RAPPELS DE COURS ET EXERCICES AVEC SOLUTIONS,HAMED C BABA,OPU,2016.0,ALGER,ACHAT,PRÊT EXTERNE,ENSIA
2778,ALGEBRE 1 : RAPPELS DE COURS ET EXERCICES AVEC SOLUTIONS,HAMED C BABA,OPU,2016.0,ALGER,ACHAT,PRÊT EXTERNE,ENSIA
2802,ALGEBRE 1 : RAPPELS DE COURS ET EXERCICES AVEC SOLUTIONS,HAMED C BABA,OPU,2016.0,ALGER,ACHAT,PRÊT EXTERNE,ENSIA
2801,ALGEBRE 1 : RAPPELS DE COURS ET EXERCICES AVEC SOLUTIONS,HAMED C BABA,OPU,2016.0,ALGER,ACHAT,PRÊT EXTERNE,ENSIA
2800,ALGEBRE 1 : RAPPELS DE COURS ET EXERCICES AVEC SOLUTIONS,HAMED C BABA,OPU,2016.0,ALGER,ACHAT,PRÊT EXTERNE,ENSIA
2799,ALGEBRE 1 : RAPPELS DE COURS ET EXERCICES AVEC SOLUTIONS,HAMED C BABA,OPU,2016.0,ALGER,ACHAT,PRÊT EXTERNE,ENSIA
2798,ALGEBRE 1 : RAPPELS DE COURS ET EXERCICES AVEC SOLUTIONS,HAMED C BABA,OPU,2016.0,ALGER,ACHAT,PRÊT EXTERNE,ENSIA
2828,ALGEBRE 1 : RAPPELS DE COURS ET EXERCICES AVEC SOLUTIONS,HAMED C BABA,OPU,2016.0,ALGER,ACHAT,PRÊT EXTERNE,ENSIA
2797,ALGEBRE 1 : RAPPELS DE COURS ET EXERCICES AVEC SOLUTIONS,HAMED C BABA,OPU,2016.0,ALGER,ACHAT,PRÊT EXTERNE,ENSIA
2796,ALGEBRE 1 : RAPPELS DE COURS ET EXERCICES AVEC SOLUTIONS,HAMED C BABA,OPU,2016.0,ALGER,ACHAT,PRÊT EXTERNE,ENSIA
2775,ALGEBRE 1 : RAPPELS DE COURS ET EXERCICES AVEC SOLUTIONS,HAMED C BABA,OPU,2016.0,ALGER,ACHAT,PRÊT EXTERNE,ENSIA
2774,ALGEBRE 1 : RAPPELS DE COURS ET EXERCICES AVEC SOLUTIONS,HAMED C BABA,OPU,2016.0,ALGER,ACHAT,PRÊT EXTERNE,ENSIA
2773,ALGEBRE 1 : RAPPELS DE COURS ET EXERCICES AVEC SOLUTIONS,HAMED C BABA,OPU,2016.0,ALGER,ACHAT,PRÊT EXTERNE,ENSIA
2772,ALGEBRE 1 : RAPPELS DE COURS ET EXERCICES AVEC SOLUTIONS,HAMED C BABA,OPU,2016.0,ALGER,ACHAT,PRÊT EXTERNE,ENSIA
2771,ALGEBRE 1 : RAPPELS DE COURS ET EXERCICES AVEC SOLUTIONS,HAMED C BABA,OPU,2016.0,ALGER,ACHAT,PRÊT EXTERNE,ENSIA
2770,ALGEBRE 1 : RAPPELS DE COURS ET EXERCICES AVEC SOLUTIONS,HAMED C BABA,OPU,2016.0,ALGER,ACHAT,PRÊT EXTERNE,ENSIA
2769,ALGEBRE 1 : RAPPELS DE COURS ET EXERCICES AVEC SOLUTIONS,HAMED C BABA,OPU,2016.0,ALGER,ACHAT,PRÊT EXTERNE,ENSIA
2768,ALGEBRE 1 : RAPPELS DE COURS ET EXERCICES AVEC SOLUTIONS,HAMED C BABA,OPU,2016.0,ALGER,ACHAT,PRÊT EXTERNE,ENSIA
2776,ALGEBRE 1 : RAPPELS DE COURS ET EXERCICES AVEC SOLUTIONS,HAMED C BABA,OPU,2016.0,ALGER,ACHAT,PRÊT EXTERNE,ENSIA
2781,ALGEBRE 1 : RAPPELS DE COURS ET EXERCICES AVEC SOLUTIONS,HAMED C BABA,OPU,2016.0,ALGER,ACHAT,PRÊT EXTERNE,ENSIA
2782,ALGEBRE 1 : RAPPELS DE COURS ET EXERCICES AVEC SOLUTIONS,HAMED C BABA,OPU,2016.0,ALGER,ACHAT,PRÊT EXTERNE,ENSIA
1657,ALGEBRE 1 : RAPPELS DE COURS ET EXERCICES AVEC SOLUTIONS,HAMED C BABA,OPU,2016.0,ALGER,ACHAT,PRÊT EXTERNE,ENSIA
2757,ALGEBRE 1 : RAPPELS DE COURS ET EXERCICES AVEC SOLUTIONS,HAMED C BABA,OPU,2016.0,ALGER,ACHAT,PRÊT EXTERNE,ENSIA
2780,ALGEBRE 1 : RAPPELS DE COURS ET EXERCICES AVEC SOLUTIONS,HAMED C BABA,OPU,2016.0,ALGER,ACHAT,PRÊT EXTERNE,ENSIA
2814,ALGEBRE 1 : RAPPELS DE COURS ET EXERCICES AVEC SOLUTIONS,HAMED C BABA,OPU,2016.0,ALGER,ACHAT,PRÊT EXTERNE,ENSIA
2815,ALGEBRE 1 : RAPPELS DE COURS ET EXERCICES AVEC SOLUTIONS,HAMED C BABA,OPU,2016.0,ALGER,ACHAT,PRÊT EXTERNE,ENSIA
2816,ALGEBRE 1 : RAPPELS DE COURS ET EXERCICES AVEC SOLUTIONS,HAMED C BABA,OPU,2016.0,ALGER,ACHAT,PRÊT EXTERNE,ENSIA
2817,ALGEBRE 1 : RAPPELS DE COURS ET EXERCICES AVEC SOLUTIONS,HAMED C BABA,OPU,2016.0,ALGER,ACHAT,PRÊT EXTERNE,ENSIA
2818,ALGEBRE 1 : RAPPELS DE COURS ET EXERCICES AVEC SOLUTIONS,HAMED C BABA,OPU,2016.0,ALGER,ACHAT,PRÊT EXTERNE,ENSIA
2819,ALGEBRE 1 : RAPPELS DE COURS ET EXERCICES AVEC SOLUTIONS,HAMED C BABA,OPU,2016.0,ALGER,ACHAT,PRÊT EXTERNE,ENSIA
1656,ALGEBRE 1 : RAPPELS DE COURS ET EXERCICES AVEC SOLUTIONS,HAMED C BABA,OPU,2016.0,ALGER,ACHAT,CONSULTATION SUR PLACE,ENSIA
282,ALGEBRE 1 : RAPPELS DE COURS ET EXERCICES AVEC SOLUTIONS,HAMED C BABA,OPU,2016.0,ALGER,ACHAT,PRÊT EXTERNE,ENSIA
2756,ALGEBRE 1 : RAPPELS DE COURS ET EXERCICES AVEC SOLUTIONS,HAMED C BABA,OPU,2016.0,ALGER,ACHAT,PRÊT EXTERNE,ENSIA
2821,ALGEBRE 1 : RAPPELS DE COURS ET EXERCICES AVEC SOLUTIONS,HAMED C BABA,OPU,2016.0,ALGER,ACHAT,PRÊT EXTERNE,ENSIA
2822,ALGEBRE 1 : RAPPELS DE COURS ET EXERCICES AVEC SOLUTIONS,HAMED C BABA,OPU,2016.0,ALGER,ACHAT,PRÊT EXTERNE,ENSIA
2823,ALGEBRE 1 : RAPPELS DE COURS ET EXERCICES AVEC SOLUTIONS,HAMED C BABA,OPU,2016.0,ALGER,ACHAT,PRÊT EXTERNE,ENSIA
2824,ALGEBRE 1 : RAPPELS DE COURS ET EXERCICES AVEC SOLUTIONS,HAMED C BABA,OPU,2016.0,ALGER,ACHAT,PRÊT EXTERNE,ENSIA
4262,ALGEBRE 1 : RAPPELS DE COURS ET EXERCICES AVEC SOLUTIONS,HAMED C BABA,OPU,2016.0,ALGER,ACHAT,PRÊT EXTERNE,ENSIA
2825,ALGEBRE 1 : RAPPELS DE COURS ET EXERCICES AVEC SOLUTIONS,HAMED C BABA,OPU,2016.0,ALGER,ACHAT,PRÊT EXTERNE,ENSIA
2826,ALGEBRE 1 : RAPPELS DE COURS ET EXERCICES AVEC SOLUTIONS,HAMED C BABA,OPU,2016.0,ALGER,ACHAT,PRÊT EXTERNE,ENSIA
2820,ALGEBRE 1 : RAPPELS DE COURS ET EXERCICES AVEC SOLUTIONS,HAMED C BABA,OPU,2016.0,ALGER,ACHAT,PRÊT EXTERNE,ENSIA
2813,ALGEBRE 1 : RAPPELS DE COURS ET EXERCICES AVEC SOLUTIONS,HAMED C BABA,OPU,2016.0,ALGER,ACHAT,PRÊT EXTERNE,ENSIA
4261,ALGEBRE 1 : RAPPELS DE COURS ET EXERCICES AVEC SOLUTIONS,HAMED C BABA,OPU,2016.0,ALGER,ACHAT,PRÊT EXTERNE,ENSIA
2812,ALGEBRE 1 : RAPPELS DE COURS ET EXERCICES AVEC SOLUTIONS,HAMED C BABA,OPU,2016.0,ALGER,ACHAT,PRÊT EXTERNE,ENSIA
3632,ALGEBRE 1 : RAPPELS DE COURS ET EXERCICES AVEC SOLUTIONS,HAMED C BABA,OPU,2016.0,ALGER,ACHAT,PRÊT EXTERNE,ENSIA
3633,ALGEBRE 1 : RAPPELS DE COURS ET EXERCICES AVEC SOLUTIONS,HAMED C BABA,OPU,2016.0,ALGER,ACHAT,PRÊT EXTERNE,ENSIA
3629,ALGEBRE 1 : RAPPELS DE COURS ET EXERCICES AVEC SOLUTIONS,HAMED C BABA,OPU,2016.0,ALGER,ACHAT,PRÊT EXTERNE,ENSIA
3634,ALGEBRE 1 : RAPPELS DE COURS ET EXERCICES AVEC SOLUTIONS,HAMED C BABA,OPU,2016.0,ALGER,ACHAT,PRÊT EXTERNE,ENSIA
3635,ALGEBRE 1 : RAPPELS DE COURS ET EXERCICES AVEC SOLUTIONS,HAMED C BABA,OPU,2016.0,ALGER,ACHAT,PRÊT EXTERNE,ENSIA
2779,ALGEBRE 1 : RAPPELS DE COURS ET EXERCICES AVEC SOLUTIONS,HAMED C BABA,OPU,2016.0,ALGER,ACHAT,PRÊT EXTERNE,ENSIA
3630,ALGEBRE 1 : RAPPELS DE COURS ET EXERCICES AVEC SOLUTIONS,HAMED C BABA,OPU,2016.0,ALGER,ACHAT,PRÊT EXTERNE,ENSIA
3628,ALGEBRE 1 : RAPPELS DE COURS ET EXERCICES AVEC SOLUTIONS,HAMED C BABA,OPU,2016.0,ALGER,ACHAT,PRÊT EXTERNE,ENSIA
2808,ALGEBRE 1 : RAPPELS DE COURS ET EXERCICES AVEC SOLUTIONS,HAMED C BABA,OPU,2016.0,ALGER,ACHAT,PRÊT EXTERNE,ENSIA
2809,ALGEBRE 1 : RAPPELS DE COURS ET EXERCICES AVEC SOLUTIONS,HAMED C BABA,OPU,2016.0,ALGER,ACHAT,PRÊT EXTERNE,ENSIA
2758,ALGEBRE 1 : RAPPELS DE COURS ET EXERCICES AVEC SOLUTIONS,HAMED C BABA,OPU,2016.0,ALGER,ACHAT,PRÊT EXTERNE,ENSIA
281,ALGEBRE 1 : RAPPELS DE COURS ET EXERCICES AVEC SOLUTIONS,HAMED C BABA,OPU,2016.0,ALGER,ACHAT,PRÊT EXTERNE,ENSIA
2810,ALGEBRE 1 : RAPPELS DE COURS ET EXERCICES AVEC SOLUTIONS,HAMED C BABA,OPU,2016.0,ALGER,ACHAT,PRÊT EXTERNE,ENSIA
2811,ALGEBRE 1 : RAPPELS DE COURS ET EXERCICES AVEC SOLUTIONS,HAMED C BABA,OPU,2016.0,ALGER,ACHAT,PRÊT EXTERNE,ENSIA
2807,ALGEBRE 1 : RAPPELS DE COURS ET EXERCICES AVEC SOLUTIONS,HAMED C BABA,OPU,2016.0,ALGER,ACHAT,PRÊT EXTERNE,ENSIA
3631,ALGEBRE 1 : RAPPELS DE COURS ET EXERCICES AVEC SOLUTIONS,HAMED C BABA,OPU,2016.0,ALGER,ACHAT,PRÊT EXTERNE,ENSIA
1728,ALGEBRE LINEAIRE : COURS ET PROBLEMES,SEYMOUR LIPSCHUTZ,UNKNOWN_EDITOR,1973.0,PARIS,DON,PRÊT EXTERNE,ENSIA
1377,ALGORITHMES DE GRAPHES,LACOMME; PHILIPPE,UNKNOWN_EDITOR,2003.0,FRANCE,DON,PRÊT EXTERNE,ENSIA
1740,"ALGORITHMES EN JAVA : CONCEPTS FONDAMENTAUX, STRUCTURES DE DONNÉES, TRI ET RECHERCHE","SEDGEWICK, ROBERT",UNKNOWN_EDITOR,2004.0,PARIS,DON,PRÊT EXTERNE,ENSIA
1316,ALGORITHMES EN LANGAGE C : COURS ET EXERCICES,"SEDGEWICK, ROBERT,",DUNOD,2001.0,FRANCE,ACHAT,PRÊT EXTERNE,ENSIA
1317,ALGORITHMES EN LANGAGE C : COURS ET EXERCICES,"SEDGEWICK, ROBERT,",DUNOD,2001.0,FRANCE,ACHAT,PRÊT EXTERNE,ENSIA
1315,ALGORITHMES EN LANGAGE C : COURS ET EXERCICES,"SEDGEWICK, ROBERT,",DUNOD,2001.0,FRANCE,ACHAT,PRÊT EXTERNE,ENSIA
122,ALGORITHMIQUE : COURS ET EXERCICES CORRIGÉS,OURBIH LATIFA BAGHDADLI,OPU,2010.0,ALGER,ACHAT,PRÊT EXTERNE,ENSIA
121,ALGORITHMIQUE : COURS ET EXERCICES CORRIGÉS,OURBIH LATIFA BAGHDADLI,OPU,2010.0,ALGER,ACHAT,PRÊT EXTERNE,ENSIA
3271,ALGORITHMIQUE : COURS ET EXERCICES CORRIGÉS,OURBIH LATIFA BAGHDADLI,OPU,2010.0,ALGER,ACHAT,PRÊT EXTERNE,ENSIA
1380,ALGORITHMIQUE : COURS ET EXERCICES CORRIGÉS,OURBIH LATIFA BAGHDADLI,OPU,2010.0,ALGER,ACHAT,PRÊT EXTERNE,ENSIA
3269,ALGORITHMIQUE : COURS ET EXERCICES CORRIGÉS,OURBIH LATIFA BAGHDADLI,OPU,2010.0,ALGER,ACHAT,PRÊT EXTERNE,ENSIA
3270,ALGORITHMIQUE : COURS ET EXERCICES CORRIGÉS,OURBIH LATIFA BAGHDADLI,OPU,2010.0,ALGER,ACHAT,PRÊT EXTERNE,ENSIA
3240,ALGORITHMIQUE : COURS ET EXERCICES CORRIGÉS,OURBIH LATIFA BAGHDADLI,OPU,2010.0,ALGER,ACHAT,PRÊT EXTERNE,ENSIA
3241,ALGORITHMIQUE : COURS ET EXERCICES CORRIGÉS,OURBIH LATIFA BAGHDADLI,OPU,2010.0,ALGER,ACHAT,PRÊT EXTERNE,ENSIA
3242,ALGORITHMIQUE : COURS ET EXERCICES CORRIGÉS,OURBIH LATIFA BAGHDADLI,OPU,2010.0,ALGER,ACHAT,PRÊT EXTERNE,ENSIA
3243,ALGORITHMIQUE : COURS ET EXERCICES CORRIGÉS,OURBIH LATIFA BAGHDADLI,OPU,2010.0,ALGER,ACHAT,PRÊT EXTERNE,ENSIA
3244,ALGORITHMIQUE : COURS ET EXERCICES CORRIGÉS,OURBIH LATIFA BAGHDADLI,OPU,2010.0,ALGER,ACHAT,PRÊT EXTERNE,ENSIA
3245,ALGORITHMIQUE : COURS ET EXERCICES CORRIGÉS,OURBIH LATIFA BAGHDADLI,OPU,2010.0,ALGER,ACHAT,PRÊT EXTERNE,ENSIA
3239,ALGORITHMIQUE : COURS ET EXERCICES CORRIGÉS,OURBIH LATIFA BAGHDADLI,OPU,2010.0,ALGER,ACHAT,PRÊT EXTERNE,ENSIA
3246,ALGORITHMIQUE : COURS ET EXERCICES CORRIGÉS,OURBIH LATIFA BAGHDADLI,OPU,2010.0,ALGER,ACHAT,PRÊT EXTERNE,ENSIA
3248,ALGORITHMIQUE : COURS ET EXERCICES CORRIGÉS,OURBIH LATIFA BAGHDADLI,OPU,2010.0,ALGER,ACHAT,PRÊT EXTERNE,ENSIA
3249,ALGORITHMIQUE : COURS ET EXERCICES CORRIGÉS,OURBIH LATIFA BAGHDADLI,OPU,2010.0,ALGER,ACHAT,PRÊT EXTERNE,ENSIA
3251,ALGORITHMIQUE : COURS ET EXERCICES CORRIGÉS,OURBIH LATIFA BAGHDADLI,OPU,2010.0,ALGER,ACHAT,PRÊT EXTERNE,ENSIA
3252,ALGORITHMIQUE : COURS ET EXERCICES CORRIGÉS,OURBIH LATIFA BAGHDADLI,OPU,2010.0,ALGER,ACHAT,PRÊT EXTERNE,ENSIA
3253,ALGORITHMIQUE : COURS ET EXERCICES CORRIGÉS,OURBIH LATIFA BAGHDADLI,OPU,2010.0,ALGER,ACHAT,PRÊT EXTERNE,ENSIA
3254,ALGORITHMIQUE : COURS ET EXERCICES CORRIGÉS,OURBIH LATIFA BAGHDADLI,OPU,2010.0,ALGER,ACHAT,PRÊT EXTERNE,ENSIA
3247,ALGORITHMIQUE : COURS ET EXERCICES CORRIGÉS,OURBIH LATIFA BAGHDADLI,OPU,2010.0,ALGER,ACHAT,PRÊT EXTERNE,ENSIA
3255,ALGORITHMIQUE : COURS ET EXERCICES CORRIGÉS,OURBIH LATIFA BAGHDADLI,OPU,2010.0,ALGER,ACHAT,PRÊT EXTERNE,ENSIA
3238,ALGORITHMIQUE : COURS ET EXERCICES CORRIGÉS,OURBIH LATIFA BAGHDADLI,OPU,2010.0,ALGER,ACHAT,PRÊT EXTERNE,ENSIA
3236,ALGORITHMIQUE : COURS ET EXERCICES CORRIGÉS,OURBIH LATIFA BAGHDADLI,OPU,2010.0,ALGER,ACHAT,PRÊT EXTERNE,ENSIA
4080,ALGORITHMIQUE : COURS ET EXERCICES CORRIGÉS,OURBIH LATIFA BAGHDADLI,OPU,2010.0,ALGER,ACHAT,PRÊT EXTERNE,ENSIA
4081,ALGORITHMIQUE : COURS ET EXERCICES CORRIGÉS,OURBIH LATIFA BAGHDADLI,OPU,2010.0,ALGER,ACHAT,PRÊT EXTERNE,ENSIA
4082,ALGORITHMIQUE : COURS ET EXERCICES CORRIGÉS,OURBIH LATIFA BAGHDADLI,OPU,2010.0,ALGER,ACHAT,PRÊT EXTERNE,ENSIA
4083,ALGORITHMIQUE : COURS ET EXERCICES CORRIGÉS,OURBIH LATIFA BAGHDADLI,OPU,2010.0,ALGER,ACHAT,PRÊT EXTERNE,ENSIA
4084,ALGORITHMIQUE : COURS ET EXERCICES CORRIGÉS,OURBIH LATIFA BAGHDADLI,OPU,2010.0,ALGER,ACHAT,PRÊT EXTERNE,ENSIA
4085,ALGORITHMIQUE : COURS ET EXERCICES CORRIGÉS,OURBIH LATIFA BAGHDADLI,OPU,2010.0,ALGER,ACHAT,PRÊT EXTERNE,ENSIA
3237,ALGORITHMIQUE : COURS ET EXERCICES CORRIGÉS,OURBIH LATIFA BAGHDADLI,OPU,2010.0,ALGER,ACHAT,PRÊT EXTERNE,ENSIA
4086,ALGORITHMIQUE : COURS ET EXERCICES CORRIGÉS,OURBIH LATIFA BAGHDADLI,OPU,2010.0,ALGER,ACHAT,PRÊT EXTERNE,ENSIA
4088,ALGORITHMIQUE : COURS ET EXERCICES CORRIGÉS,OURBIH LATIFA BAGHDADLI,OPU,2010.0,ALGER,ACHAT,PRÊT EXTERNE,ENSIA
4089,ALGORITHMIQUE : COURS ET EXERCICES CORRIGÉS,OURBIH LATIFA BAGHDADLI,OPU,2010.0,ALGER,ACHAT,PRÊT EXTERNE,ENSIA
3234,ALGORITHMIQUE : COURS ET EXERCICES CORRIGÉS,OURBIH LATIFA BAGHDADLI,OPU,2010.0,ALGER,ACHAT,PRÊT EXTERNE,ENSIA
4090,ALGORITHMIQUE : COURS ET EXERCICES CORRIGÉS,OURBIH LATIFA BAGHDADLI,OPU,2010.0,ALGER,ACHAT,PRÊT EXTERNE,ENSIA
4091,ALGORITHMIQUE : COURS ET EXERCICES CORRIGÉS,OURBIH LATIFA BAGHDADLI,OPU,2010.0,ALGER,ACHAT,PRÊT EXTERNE,ENSIA
3235,ALGORITHMIQUE : COURS ET EXERCICES CORRIGÉS,OURBIH LATIFA BAGHDADLI,OPU,2010.0,ALGER,ACHAT,PRÊT EXTERNE,ENSIA
4087,ALGORITHMIQUE : COURS ET EXERCICES CORRIGÉS,OURBIH LATIFA BAGHDADLI,OPU,2010.0,ALGER,ACHAT,PRÊT EXTERNE,ENSIA
3256,ALGORITHMIQUE : COURS ET EXERCICES CORRIGÉS,OURBIH LATIFA BAGHDADLI,OPU,2010.0,ALGER,ACHAT,PRÊT EXTERNE,ENSIA
3250,ALGORITHMIQUE : COURS ET EXERCICES CORRIGÉS,OURBIH LATIFA BAGHDADLI,OPU,2010.0,ALGER,ACHAT,PRÊT EXTERNE,ENSIA
3257,ALGORITHMIQUE : COURS ET EXERCICES CORRIGÉS,OURBIH LATIFA BAGHDADLI,OPU,2010.0,ALGER,ACHAT,PRÊT EXTERNE,ENSIA
3261,ALGORITHMIQUE : COURS ET EXERCICES CORRIGÉS,OURBIH LATIFA BAGHDADLI,OPU,2010.0,ALGER,ACHAT,PRÊT EXTERNE,ENSIA
3262,ALGORITHMIQUE : COURS ET EXERCICES CORRIGÉS,OURBIH LATIFA BAGHDADLI,OPU,2010.0,ALGER,ACHAT,PRÊT EXTERNE,ENSIA
3263,ALGORITHMIQUE : COURS ET EXERCICES CORRIGÉS,OURBIH LATIFA BAGHDADLI,OPU,2010.0,ALGER,ACHAT,PRÊT EXTERNE,ENSIA
3264,ALGORITHMIQUE : COURS ET EXERCICES CORRIGÉS,OURBIH LATIFA BAGHDADLI,OPU,2010.0,ALGER,ACHAT,PRÊT EXTERNE,ENSIA
3266,ALGORITHMIQUE : COURS ET EXERCICES CORRIGÉS,OURBIH LATIFA BAGHDADLI,OPU,2010.0,ALGER,ACHAT,PRÊT EXTERNE,ENSIA
3267,ALGORITHMIQUE : COURS ET EXERCICES CORRIGÉS,OURBIH LATIFA BAGHDADLI,OPU,2010.0,ALGER,ACHAT,PRÊT EXTERNE,ENSIA
3268,ALGORITHMIQUE : COURS ET EXERCICES CORRIGÉS,OURBIH LATIFA BAGHDADLI,OPU,2010.0,ALGER,ACHAT,PRÊT EXTERNE,ENSIA
3265,ALGORITHMIQUE : COURS ET EXERCICES CORRIGÉS,OURBIH LATIFA BAGHDADLI,OPU,2010.0,ALGER,ACHAT,PRÊT EXTERNE,ENSIA
3258,ALGORITHMIQUE : COURS ET EXERCICES CORRIGÉS,OURBIH LATIFA BAGHDADLI,OPU,2010.0,ALGER,ACHAT,PRÊT EXTERNE,ENSIA
3260,ALGORITHMIQUE : COURS ET EXERCICES CORRIGÉS,OURBIH LATIFA BAGHDADLI,OPU,2010.0,ALGER,ACHAT,PRÊT EXTERNE,ENSIA
3259,ALGORITHMIQUE : COURS ET EXERCICES CORRIGÉS,OURBIH LATIFA BAGHDADLI,OPU,2010.0,ALGER,ACHAT,PRÊT EXTERNE,ENSIA
3909,ALGORITHMIQUE ET DÉVELOPPEMENT PYTHON : COURS ET EXEMPLES D'APPLICATIONS,"FADIL, ABDERRAHMANE",UNKNOWN_EDITOR,2021.0,PARIS,ACHAT,PRÊT EXTERNE,ENSIA
3912,ALGORITHMIQUE ET DÉVELOPPEMENT PYTHON : COURS ET EXEMPLES D'APPLICATIONS,"FADIL, ABDERRAHMANE",UNKNOWN_EDITOR,2021.0,PARIS,ACHAT,PRÊT EXTERNE,ENSIA
3911,ALGORITHMIQUE ET DÉVELOPPEMENT PYTHON : COURS ET EXEMPLES D'APPLICATIONS,"FADIL, ABDERRAHMANE",UNKNOWN_EDITOR,2021.0,PARIS,ACHAT,PRÊT EXTERNE,ENSIA
3910,ALGORITHMIQUE ET DÉVELOPPEMENT PYTHON : COURS ET EXEMPLES D'APPLICATIONS,"FADIL, ABDERRAHMANE",UNKNOWN_EDITOR,2021.0,PARIS,ACHAT,PRÊT EXTERNE,ENSIA
1295,ALGORITHMIQUE ET OPTIMISATION - EXERCICES CORRIGÉS : EXERCICES CORRIGÉS,"DARTE, ALAIN",DUNOD,2001.0,FRANCE,ACHAT,PRÊT EXTERNE,ENSIA
1294,ALGORITHMIQUE ET OPTIMISATION - EXERCICES CORRIGÉS : EXERCICES CORRIGÉS,"DARTE, ALAIN",DUNOD,2001.0,FRANCE,ACHAT,PRÊT EXTERNE,ENSIA
1293,ALGORITHMIQUE ET OPTIMISATION - EXERCICES CORRIGÉS : EXERCICES CORRIGÉS,"DARTE, ALAIN",DUNOD,2001.0,FRANCE,ACHAT,PRÊT EXTERNE,ENSIA
1292,ALGORITHMIQUE ET OPTIMISATION - EXERCICES CORRIGÉS : EXERCICES CORRIGÉS,"DARTE, ALAIN",DUNOD,2001.0,FRANCE,ACHAT,PRÊT EXTERNE,ENSIA
1291,ALGORITHMIQUE ET OPTIMISATION - EXERCICES CORRIGÉS : EXERCICES CORRIGÉS,"DARTE, ALAIN",DUNOD,2001.0,FRANCE,ACHAT,PRÊT EXTERNE,ENSIA
1296,ALGORITHMIQUE ET PROGRAMMATION EN JAVA : COURS ET EXERCICES,"GRANET, VINCENT",UNKNOWN_EDITOR,2000.0,PARIS,DON,PRÊT EXTERNE,ENSIA
1300,ALGORITHMIQUE ET PROGRAMMATION EN JAVA : COURS ET EXERCICES,"GRANET, VINCENT",UNKNOWN_EDITOR,2000.0,PARIS,DON,PRÊT EXTERNE,ENSIA
1301,ALGORITHMIQUE ET PROGRAMMATION EN JAVA : COURS ET EXERCICES,"GRANET, VINCENT",UNKNOWN_EDITOR,2000.0,PARIS,DON,PRÊT EXTERNE,ENSIA
1297,ALGORITHMIQUE ET PROGRAMMATION EN JAVA : COURS ET EXERCICES,"GRANET, VINCENT",UNKNOWN_EDITOR,2000.0,PARIS,DON,PRÊT EXTERNE,ENSIA
1298,ALGORITHMIQUE ET PROGRAMMATION EN JAVA : COURS ET EXERCICES,"GRANET, VINCENT",UNKNOWN_EDITOR,2000.0,PARIS,DON,PRÊT EXTERNE,ENSIA
1299,ALGORITHMIQUE ET PROGRAMMATION EN JAVA : COURS ET EXERCICES,"GRANET, VINCENT",UNKNOWN_EDITOR,2000.0,PARIS,DON,PRÊT EXTERNE,ENSIA
314,ALGORITHMIQUE ET STRUCTURES DE DONNÉES STATIQUES : COURS ET EXERCICES AVEC SOLUTIONS,HAMED C BABA,OPU,2015.0,ALGER,ACHAT,PRÊT EXTERNE,ENSIA
316,ALGORITHMIQUE ET STRUCTURES DE DONNÉES STATIQUES : COURS ET EXERCICES AVEC SOLUTIONS,HAMED C BABA,OPU,2015.0,ALGER,ACHAT,PRÊT EXTERNE,ENSIA
313,ALGORITHMIQUE ET STRUCTURES DE DONNÉES STATIQUES : COURS ET EXERCICES AVEC SOLUTIONS,HAMED C BABA,OPU,2015.0,ALGER,ACHAT,PRÊT EXTERNE,ENSIA
315,ALGORITHMIQUE ET STRUCTURES DE DONNÉES STATIQUES : COURS ET EXERCICES AVEC SOLUTIONS,HAMED C BABA,OPU,2015.0,ALGER,ACHAT,PRÊT EXTERNE,ENSIA
4204,ALGORITHMIQUE MODERNE ANALYSE ET COMPLEXITÉ,ZERKAOUI HABIBA DRIAS,OPU,2017.0,ALGER,ACHAT,PRÊT EXTERNE,ENSIA
4205,ALGORITHMIQUE MODERNE ANALYSE ET COMPLEXITÉ,ZERKAOUI HABIBA DRIAS,OPU,2017.0,ALGER,ACHAT,PRÊT EXTERNE,ENSIA
4206,ALGORITHMIQUE MODERNE ANALYSE ET COMPLEXITÉ,ZERKAOUI HABIBA DRIAS,OPU,2017.0,ALGER,ACHAT,PRÊT EXTERNE,ENSIA
4207,ALGORITHMIQUE MODERNE ANALYSE ET COMPLEXITÉ,ZERKAOUI HABIBA DRIAS,OPU,2017.0,ALGER,ACHAT,PRÊT EXTERNE,ENSIA
4184,ALGORITHMIQUE MODERNE ANALYSE ET COMPLEXITÉ,ZERKAOUI HABIBA DRIAS,OPU,2017.0,ALGER,ACHAT,PRÊT EXTERNE,ENSIA
2972,ALGORITHMIQUE MODERNE ANALYSE ET COMPLEXITÉ,ZERKAOUI HABIBA DRIAS,OPU,2017.0,ALGER,ACHAT,PRÊT EXTERNE,ENSIA
2973,ALGORITHMIQUE MODERNE ANALYSE ET COMPLEXITÉ,ZERKAOUI HABIBA DRIAS,OPU,2017.0,ALGER,ACHAT,PRÊT EXTERNE,ENSIA
4208,ALGORITHMIQUE MODERNE ANALYSE ET COMPLEXITÉ,ZERKAOUI HABIBA DRIAS,OPU,2017.0,ALGER,ACHAT,PRÊT EXTERNE,ENSIA
4192,ALGORITHMIQUE MODERNE ANALYSE ET COMPLEXITÉ,ZERKAOUI HABIBA DRIAS,OPU,2017.0,ALGER,ACHAT,PRÊT EXTERNE,ENSIA
2974,ALGORITHMIQUE MODERNE ANALYSE ET COMPLEXITÉ,ZERKAOUI HABIBA DRIAS,OPU,2017.0,ALGER,ACHAT,PRÊT EXTERNE,ENSIA
2975,ALGORITHMIQUE MODERNE ANALYSE ET COMPLEXITÉ,ZERKAOUI HABIBA DRIAS,OPU,2017.0,ALGER,ACHAT,PRÊT EXTERNE,ENSIA
4185,ALGORITHMIQUE MODERNE ANALYSE ET COMPLEXITÉ,ZERKAOUI HABIBA DRIAS,OPU,2017.0,ALGER,ACHAT,PRÊT EXTERNE,ENSIA
4161,ALGORITHMIQUE MODERNE ANALYSE ET COMPLEXITÉ,ZERKAOUI HABIBA DRIAS,OPU,2017.0,ALGER,ACHAT,PRÊT EXTERNE,ENSIA
2976,ALGORITHMIQUE MODERNE ANALYSE ET COMPLEXITÉ,ZERKAOUI HABIBA DRIAS,OPU,2017.0,ALGER,ACHAT,PRÊT EXTERNE,ENSIA
4186,ALGORITHMIQUE MODERNE ANALYSE ET COMPLEXITÉ,ZERKAOUI HABIBA DRIAS,OPU,2017.0,ALGER,ACHAT,PRÊT EXTERNE,ENSIA
4190,ALGORITHMIQUE MODERNE ANALYSE ET COMPLEXITÉ,ZERKAOUI HABIBA DRIAS,OPU,2017.0,ALGER,ACHAT,PRÊT EXTERNE,ENSIA
4162,ALGORITHMIQUE MODERNE ANALYSE ET COMPLEXITÉ,ZERKAOUI HABIBA DRIAS,OPU,2017.0,ALGER,ACHAT,PRÊT EXTERNE,ENSIA
4203,ALGORITHMIQUE MODERNE ANALYSE ET COMPLEXITÉ,ZERKAOUI HABIBA DRIAS,OPU,2017.0,ALGER,ACHAT,PRÊT EXTERNE,ENSIA
4202,ALGORITHMIQUE MODERNE ANALYSE ET COMPLEXITÉ,ZERKAOUI HABIBA DRIAS,OPU,2017.0,ALGER,ACHAT,PRÊT EXTERNE,ENSIA
4200,ALGORITHMIQUE MODERNE ANALYSE ET COMPLEXITÉ,ZERKAOUI HABIBA DRIAS,OPU,2017.0,ALGER,ACHAT,PRÊT EXTERNE,ENSIA
4191,ALGORITHMIQUE MODERNE ANALYSE ET COMPLEXITÉ,ZERKAOUI HABIBA DRIAS,OPU,2017.0,ALGER,ACHAT,PRÊT EXTERNE,ENSIA
4182,ALGORITHMIQUE MODERNE ANALYSE ET COMPLEXITÉ,ZERKAOUI HABIBA DRIAS,OPU,2017.0,ALGER,ACHAT,PRÊT EXTERNE,ENSIA
4181,ALGORITHMIQUE MODERNE ANALYSE ET COMPLEXITÉ,ZERKAOUI HABIBA DRIAS,OPU,2017.0,ALGER,ACHAT,PRÊT EXTERNE,ENSIA
2970,ALGORITHMIQUE MODERNE ANALYSE ET COMPLEXITÉ,ZERKAOUI HABIBA DRIAS,OPU,2017.0,ALGER,ACHAT,PRÊT EXTERNE,ENSIA
4178,ALGORITHMIQUE MODERNE ANALYSE ET COMPLEXITÉ,ZERKAOUI HABIBA DRIAS,OPU,2017.0,ALGER,ACHAT,PRÊT EXTERNE,ENSIA
4179,ALGORITHMIQUE MODERNE ANALYSE ET COMPLEXITÉ,ZERKAOUI HABIBA DRIAS,OPU,2017.0,ALGER,ACHAT,PRÊT EXTERNE,ENSIA
4180,ALGORITHMIQUE MODERNE ANALYSE ET COMPLEXITÉ,ZERKAOUI HABIBA DRIAS,OPU,2017.0,ALGER,ACHAT,PRÊT EXTERNE,ENSIA
235,ALGORITHMIQUE MODERNE ANALYSE ET COMPLEXITÉ,ZERKAOUI HABIBA DRIAS,OPU,2017.0,ALGER,ACHAT,PRÊT EXTERNE,ENSIA
2977,ALGORITHMIQUE MODERNE ANALYSE ET COMPLEXITÉ,ZERKAOUI HABIBA DRIAS,OPU,2017.0,ALGER,ACHAT,PRÊT EXTERNE,ENSIA
4201,ALGORITHMIQUE MODERNE ANALYSE ET COMPLEXITÉ,ZERKAOUI HABIBA DRIAS,OPU,2017.0,ALGER,ACHAT,PRÊT EXTERNE,ENSIA
234,ALGORITHMIQUE MODERNE ANALYSE ET COMPLEXITÉ,ZERKAOUI HABIBA DRIAS,OPU,2017.0,ALGER,ACHAT,CONSULTATION SUR PLACE,ENSIA
2971,ALGORITHMIQUE MODERNE ANALYSE ET COMPLEXITÉ,ZERKAOUI HABIBA DRIAS,OPU,2017.0,ALGER,ACHAT,PRÊT EXTERNE,ENSIA
4183,ALGORITHMIQUE MODERNE ANALYSE ET COMPLEXITÉ,ZERKAOUI HABIBA DRIAS,OPU,2017.0,ALGER,ACHAT,PRÊT EXTERNE,ENSIA
4194,ALGORITHMIQUE MODERNE ANALYSE ET COMPLEXITÉ,ZERKAOUI HABIBA DRIAS,OPU,2017.0,ALGER,ACHAT,PRÊT EXTERNE,ENSIA
4195,ALGORITHMIQUE MODERNE ANALYSE ET COMPLEXITÉ,ZERKAOUI HABIBA DRIAS,OPU,2017.0,ALGER,ACHAT,PRÊT EXTERNE,ENSIA
4196,ALGORITHMIQUE MODERNE ANALYSE ET COMPLEXITÉ,ZERKAOUI HABIBA DRIAS,OPU,2017.0,ALGER,ACHAT,PRÊT EXTERNE,ENSIA
4197,ALGORITHMIQUE MODERNE ANALYSE ET COMPLEXITÉ,ZERKAOUI HABIBA DRIAS,OPU,2017.0,ALGER,ACHAT,PRÊT EXTERNE,ENSIA
4198,ALGORITHMIQUE MODERNE ANALYSE ET COMPLEXITÉ,ZERKAOUI HABIBA DRIAS,OPU,2017.0,ALGER,ACHAT,PRÊT EXTERNE,ENSIA
4199,ALGORITHMIQUE MODERNE ANALYSE ET COMPLEXITÉ,ZERKAOUI HABIBA DRIAS,OPU,2017.0,ALGER,ACHAT,PRÊT EXTERNE,ENSIA
4193,ALGORITHMIQUE MODERNE ANALYSE ET COMPLEXITÉ,ZERKAOUI HABIBA DRIAS,OPU,2017.0,ALGER,ACHAT,PRÊT EXTERNE,ENSIA
2978,ALGORITHMIQUE MODERNE ANALYSE ET COMPLEXITÉ,ZERKAOUI HABIBA DRIAS,OPU,2017.0,ALGER,ACHAT,PRÊT EXTERNE,ENSIA
237,ALGORITHMIQUE MODERNE ANALYSE ET COMPLEXITÉ,ZERKAOUI HABIBA DRIAS,OPU,2017.0,ALGER,ACHAT,PRÊT EXTERNE,ENSIA
4168,ALGORITHMIQUE MODERNE ANALYSE ET COMPLEXITÉ,ZERKAOUI HABIBA DRIAS,OPU,2017.0,ALGER,ACHAT,PRÊT EXTERNE,ENSIA
4170,ALGORITHMIQUE MODERNE ANALYSE ET COMPLEXITÉ,ZERKAOUI HABIBA DRIAS,OPU,2017.0,ALGER,ACHAT,PRÊT EXTERNE,ENSIA
4169,ALGORITHMIQUE MODERNE ANALYSE ET COMPLEXITÉ,ZERKAOUI HABIBA DRIAS,OPU,2017.0,ALGER,ACHAT,PRÊT EXTERNE,ENSIA
4173,ALGORITHMIQUE MODERNE ANALYSE ET COMPLEXITÉ,ZERKAOUI HABIBA DRIAS,OPU,2017.0,ALGER,ACHAT,PRÊT EXTERNE,ENSIA
4167,ALGORITHMIQUE MODERNE ANALYSE ET COMPLEXITÉ,ZERKAOUI HABIBA DRIAS,OPU,2017.0,ALGER,ACHAT,PRÊT EXTERNE,ENSIA
4188,ALGORITHMIQUE MODERNE ANALYSE ET COMPLEXITÉ,ZERKAOUI HABIBA DRIAS,OPU,2017.0,ALGER,ACHAT,PRÊT EXTERNE,ENSIA
4175,ALGORITHMIQUE MODERNE ANALYSE ET COMPLEXITÉ,ZERKAOUI HABIBA DRIAS,OPU,2017.0,ALGER,ACHAT,PRÊT EXTERNE,ENSIA
236,ALGORITHMIQUE MODERNE ANALYSE ET COMPLEXITÉ,ZERKAOUI HABIBA DRIAS,OPU,2017.0,ALGER,ACHAT,PRÊT EXTERNE,ENSIA
4166,ALGORITHMIQUE MODERNE ANALYSE ET COMPLEXITÉ,ZERKAOUI HABIBA DRIAS,OPU,2017.0,ALGER,ACHAT,PRÊT EXTERNE,ENSIA
4189,ALGORITHMIQUE MODERNE ANALYSE ET COMPLEXITÉ,ZERKAOUI HABIBA DRIAS,OPU,2017.0,ALGER,ACHAT,PRÊT EXTERNE,ENSIA
4171,ALGORITHMIQUE MODERNE ANALYSE ET COMPLEXITÉ,ZERKAOUI HABIBA DRIAS,OPU,2017.0,ALGER,ACHAT,PRÊT EXTERNE,ENSIA
4172,ALGORITHMIQUE MODERNE ANALYSE ET COMPLEXITÉ,ZERKAOUI HABIBA DRIAS,OPU,2017.0,ALGER,ACHAT,PRÊT EXTERNE,ENSIA
4165,ALGORITHMIQUE MODERNE ANALYSE ET COMPLEXITÉ,ZERKAOUI HABIBA DRIAS,OPU,2017.0,ALGER,ACHAT,PRÊT EXTERNE,ENSIA
4164,ALGORITHMIQUE MODERNE ANALYSE ET COMPLEXITÉ,ZERKAOUI HABIBA DRIAS,OPU,2017.0,ALGER,ACHAT,PRÊT EXTERNE,ENSIA
4176,ALGORITHMIQUE MODERNE ANALYSE ET COMPLEXITÉ,ZERKAOUI HABIBA DRIAS,OPU,2017.0,ALGER,ACHAT,PRÊT EXTERNE,ENSIA
4187,ALGORITHMIQUE MODERNE ANALYSE ET COMPLEXITÉ,ZERKAOUI HABIBA DRIAS,OPU,2017.0,ALGER,ACHAT,PRÊT EXTERNE,ENSIA
4163,ALGORITHMIQUE MODERNE ANALYSE ET COMPLEXITÉ,ZERKAOUI HABIBA DRIAS,OPU,2017.0,ALGER,ACHAT,PRÊT EXTERNE,ENSIA
4177,ALGORITHMIQUE MODERNE ANALYSE ET COMPLEXITÉ,ZERKAOUI HABIBA DRIAS,OPU,2017.0,ALGER,ACHAT,PRÊT EXTERNE,ENSIA
2979,ALGORITHMIQUE MODERNE ANALYSE ET COMPLEXITÉ,ZERKAOUI HABIBA DRIAS,OPU,2017.0,ALGER,ACHAT,PRÊT EXTERNE,ENSIA
4174,ALGORITHMIQUE MODERNE ANALYSE ET COMPLEXITÉ,ZERKAOUI HABIBA DRIAS,OPU,2017.0,ALGER,ACHAT,PRÊT EXTERNE,ENSIA
1303,ALGORITHMIQUE PARALLÈLE : COURS ET EXERCICES CORRIGÉS,"LEGRAND, ARNAUD",DUNOD,2003.0,PARIS,ACHAT,PRÊT EXTERNE,ENSIA
1302,ALGORITHMIQUE PARALLÈLE : COURS ET EXERCICES CORRIGÉS,"LEGRAND, ARNAUD",DUNOD,2003.0,PARIS,ACHAT,PRÊT EXTERNE,ENSIA
1097,ALGÈBRE 1 : TRAVAUX DIRIGÉS DE MATHÉMATIQUES : PREMIER CYCLE DE L'ENSEIGNEMENT SUPÉRIEUR SCIENTIFIQUE,AUZIMOUR ANNICK,VUIBERT,1998.0,PARIS,ACHAT,PRÊT EXTERNE,ENSIA
413,ALGÈBRE 1RE ANNÉE,LIRET FRANCOIS,DUNOD,2003.0,PARIS,ACHAT,PRÊT EXTERNE,ENSIA
409,ALGÈBRE 1RE ANNÉE,LIRET FRANCOIS,DUNOD,2003.0,PARIS,ACHAT,PRÊT EXTERNE,ENSIA
414,ALGÈBRE 1RE ANNÉE,LIRET FRANCOIS,DUNOD,2003.0,PARIS,ACHAT,PRÊT EXTERNE,ENSIA
410,ALGÈBRE 1RE ANNÉE,LIRET FRANCOIS,DUNOD,2003.0,PARIS,ACHAT,PRÊT EXTERNE,ENSIA
411,ALGÈBRE 1RE ANNÉE,LIRET FRANCOIS,DUNOD,2003.0,PARIS,ACHAT,PRÊT EXTERNE,ENSIA
412,ALGÈBRE 1RE ANNÉE,LIRET FRANCOIS,DUNOD,2003.0,PARIS,ACHAT,PRÊT EXTERNE,ENSIA
1711,ALGÈBRE : 240 EXERCICES CORRIGÉS AVEC RÉSUMÉS DE COURS : PREMIERS CYCLES DE L'ENSEIGNEMENT SUPÉRIEUR...,"GAULTIER, MAURICE",UNKNOWN_EDITOR,1999.0,PARIS,ACHAT,PRÊT EXTERNE,ENSIA
3928,"ALGÈBRE : ARITHMÉTIQUE POUR L'INFORMATIQUE : COURS & EXERCICES CORRIGÉS, LICENCE 2 & 3","WASSEF,PIERRE",UNKNOWN_EDITOR,2014.0,PARIS,ACHAT,PRÊT EXTERNE,ENSIA
3929,"ALGÈBRE : ARITHMÉTIQUE POUR L'INFORMATIQUE : COURS & EXERCICES CORRIGÉS, LICENCE 2 & 3","WASSEF,PIERRE",UNKNOWN_EDITOR,2014.0,PARIS,ACHAT,PRÊT EXTERNE,ENSIA
872,ALGÈBRE : COURS ET EXERCICES AVEC SOLUTIONS,"FRANÇOIS, LIRET",DUNOD,2003.0,PARIS,DON,PRÊT EXTERNE,ENSIA
1712,"ALGÈBRE : DEUG SCIENCES, CLASSES PRÉPARATOIRES","SUREAU, HÉLÈNE",UNKNOWN_EDITOR,1996.0,PARIS,ACHAT,PRÊT EXTERNE,ENSIA
1075,"ALGÈBRE : PREMIERS PAS EN PRÉPA : 1RE ANNÉE, PRÉPA SCIENTIFIQUE, MATHÉMATIQUES","LEVINE, ALBERT",UNKNOWN_EDITOR,2002.0,PARIS,ACHAT,PRÊT EXTERNE,ENSIA
1074,"ALGÈBRE : PREMIERS PAS EN PRÉPA : 1RE ANNÉE, PRÉPA SCIENTIFIQUE, MATHÉMATIQUES","LEVINE, ALBERT",UNKNOWN_EDITOR,2002.0,PARIS,PASSIF,PRÊT EXTERNE,ENSIA
1713,"ALGÈBRE ET ANALYSE : EXERCICES CORRIGÉS AVEC RAPPELS DE COURS : L1, L2, L3, CLASSES PRÉPARATOIRES","MONNA, GILBERT",UNKNOWN_EDITOR,2007.0,UNKNOWN_LOCATION,DON,PRÊT EXTERNE,ENSIA
1079,"ALGÈBRE ET ANALYSE : EXERCICES CORRIGÉS AVEC RAPPELS DE COURS : L1, L2, L3, CLASSES PRÉPARATOIRES","MONNA, GILBERT",UNKNOWN_EDITOR,2007.0,UNKNOWN_LOCATION,DON,PRÊT EXTERNE,ENSIA
1078,"ALGÈBRE ET ANALYSE : EXERCICES CORRIGÉS AVEC RAPPELS DE COURS : L1, L2, L3, CLASSES PRÉPARATOIRES","MONNA, GILBERT",UNKNOWN_EDITOR,2007.0,UNKNOWN_LOCATION,DON,PRÊT EXTERNE,ENSIA
1710,"ALGÈBRE ET GÉOMÉTRIE : 200 EXERCICES DÉVELOPPÉS, 980EXERCICES D'ENTRAONEMENT, RAPPELS DE COURS",UNKNOWN_AUTHOR,UNKNOWN_EDITOR,1999.0,UNKNOWN_LOCATION,ACHAT,PRÊT EXTERNE,ENSIA
1708,"ALGÈBRE ET GÉOMÉTRIE : 90 EXERCICES DÉVELOPPÉS, 300 EXERCICES D'ENTRAONEMENT, RAPPELS DE COURS","MARIE MONIER, JEAN",UNKNOWN_EDITOR,UNKNOWN_YEAR,2001,ACHAT,PRÊT EXTERNE,ENSIA
1709,"ALGÈBRE ET GÉOMÉTRIE : 90 EXERCICES DÉVELOPPÉS, 300 EXERCICES D'ENTRAONEMENT, RAPPELS DE COURS","MARIE MONIER, JEAN",UNKNOWN_EDITOR,UNKNOWN_YEAR,2001,ACHAT,PRÊT EXTERNE,ENSIA
1278,"ALGÈBRE GÉNÉRALE : 1RE ET 2E ANNÉES TOUTES FILIÈRES : 350 MÉTHODES, 400 EXERCICES CORRIGÉS","MÉTIER, PAUL",UNKNOWN_EDITOR,2001.0,PARIS,DON,PRÊT EXTERNE,ENSIA
1336,"ALGÈBRE GÉNÉRALE : RAPPELS DE COURS, QUESTIONS DE RÉFLEXION, EXERCICES D'ENTRAÎNEMENT",DENMAT ANNE,UNKNOWN_EDITOR,2000.0,PARIS,DON,PRÊT EXTERNE,ENSIA
168,ALGÈBRE LINÉAIRE ET MULTILINÉAIRE ALGÈBRE QUADRATIQUE,ZIZI KHELIFA,OPU,2016.0,ALGER,ACHAT,PRÊT EXTERNE,ENSIA
169,ALGÈBRE LINÉAIRE ET MULTILINÉAIRE ALGÈBRE QUADRATIQUE,ZIZI KHELIFA,OPU,2016.0,ALGER,ACHAT,PRÊT EXTERNE,ENSIA
170,ALGÈBRE LINÉAIRE ET MULTILINÉAIRE ALGÈBRE QUADRATIQUE,ZIZI KHELIFA,OPU,2016.0,ALGER,ACHAT,PRÊT EXTERNE,ENSIA
167,ALGÈBRE LINÉAIRE ET MULTILINÉAIRE ALGÈBRE QUADRATIQUE,ZIZI KHELIFA,OPU,2016.0,ALGER,ACHAT,CONSULTATION SUR PLACE,ENSIA
1116,"ALGÈBRE. 1 : 1E ANNÉE, CLASSES PRÉPARATOIRES, 1ER CYCLE UNIVERSITAIRE","TISSIER, ALAIN",UNKNOWN_EDITOR,1989.0,UNKNOWN_LOCATION,ACHAT,PRÊT EXTERNE,ENSIA
1098,ALGÈBRE. 2 : TRAVAUX DIRIGÉS DE MATHÉMATIQUES : PREMIER CYCLE DE L'ENSEIGNEMENT SUPÉRIEUR SCIENTIFIQUE,AUZIMOUR ANNICK,VUIBERT,1998.0,PARIS,DON,PRÊT EXTERNE,ENSIA
1099,ALGÈBRE. 2 : TRAVAUX DIRIGÉS DE MATHÉMATIQUES : PREMIER CYCLE DE L'ENSEIGNEMENT SUPÉRIEUR SCIENTIFIQUE,AUZIMOUR ANNICK,VUIBERT,1998.0,PARIS,DON,PRÊT EXTERNE,ENSIA
1719,"ALGÈBRE. 2, 2E ANNÉE","TISSIER, ALAIN",UNKNOWN_EDITOR,1985.0,UNKNOWN_LOCATION,DON,PRÊT EXTERNE,ENSIA
1718,"ALGÈBRE. 2, 2E ANNÉE","TISSIER, ALAIN",UNKNOWN_EDITOR,1985.0,UNKNOWN_LOCATION,DON,PRÊT EXTERNE,ENSIA
1100,ALGÈBRE. 3 : TRAVAUX DIRIGÉS DE MATHÉMATIQUES : PREMIER CYCLE DE L'ENSEIGNEMENT SUPÉRIEUR SCIENTIFIQUE,AUZIMOUR ANNICK,VUIBERT,1998.0,PARIS,DON,PRÊT EXTERNE,ENSIA
1101,ALGÈBRE. 3 : TRAVAUX DIRIGÉS DE MATHÉMATIQUES : PREMIER CYCLE DE L'ENSEIGNEMENT SUPÉRIEUR SCIENTIFIQUE,AUZIMOUR ANNICK,VUIBERT,1998.0,PARIS,DON,PRÊT EXTERNE,ENSIA
1762,ALGÉBRE : RAPPELS DE COURS QUESTIONS DE RÉFLEXION EXERCICE D'ENTRAINEMENT ANNALES CORRIGÉES,"LECOUTRE, JEAN-PIERRE",DUNOD,2000.0,PARIS,ACHAT,PRÊT EXTERNE,ENSIA
1706,ALGÉBRE LINÉAIRE,"DANMAT, ANNE",DUNOD,1999.0,FRANCE,DON,PRÊT EXTERNE,ENSIA
1760,ALGÉBRE LINÉAIRE,"DANMAT, ANNE",DUNOD,1999.0,FRANCE,PASSIF,PRÊT EXTERNE,ENSIA
1707,ALGÉBRE LINÉAIRE,"DANMAT, ANNE",DUNOD,1999.0,FRANCE,PASSIF,PRÊT EXTERNE,ENSIA
3733,ALL OF STATISTICS : A CONCISE COURSE IN STATISTICAL INFERENCE,"WASSERMAN, LARRY",UNKNOWN_EDITOR,2003.0,UNKNOWN_LOCATION,ACHAT,PRÊT EXTERNE,ENSIA
3734,ALL OF STATISTICS : A CONCISE COURSE IN STATISTICAL INFERENCE,"WASSERMAN, LARRY",UNKNOWN_EDITOR,2003.0,UNKNOWN_LOCATION,ACHAT,PRÊT EXTERNE,ENSIA
3735,ALL OF STATISTICS : A CONCISE COURSE IN STATISTICAL INFERENCE,"WASSERMAN, LARRY",UNKNOWN_EDITOR,2003.0,UNKNOWN_LOCATION,ACHAT,PRÊT EXTERNE,ENSIA
3763,AN ELEMENTARY INTRODUCTION TO STATISTICAL LEARNING THEORY,"KULKARNI,SANJEEV",UNKNOWN_EDITOR,2011.0,UNKNOWN_LOCATION,ACHAT,PRÊT EXTERNE,ENSIA
3764,AN ELEMENTARY INTRODUCTION TO STATISTICAL LEARNING THEORY,"KULKARNI,SANJEEV",UNKNOWN_EDITOR,2011.0,UNKNOWN_LOCATION,ACHAT,PRÊT EXTERNE,ENSIA
3762,AN ELEMENTARY INTRODUCTION TO STATISTICAL LEARNING THEORY,"KULKARNI,SANJEEV",UNKNOWN_EDITOR,2011.0,UNKNOWN_LOCATION,ACHAT,PRÊT EXTERNE,ENSIA
3891,AN INTRODUCTION TO PARALLEL PROGRAMMING,"PACHECO, PETER S",UNKNOWN_EDITOR,UNKNOWN_YEAR,UNKNOWN_LOCATION,ACHAT,PRÊT EXTERNE,ENSIA
341,ANALOG ELECTRONICS APPLICATIONS: FUNDAMENTALS OF DESIGN AND ANALYSIS,CANQUE HERNANDO LAUTARO FERNANDEZ,CRC PRESS,2017.0,USA,ACHAT,PRÊT EXTERNE,ENSIA
981,ANALYS CONCEPT ET CONTEXTES : VOLUME 2 .FONCTIONS DE PLUSIEURS VARIABLES,STEWART,UNKNOWN_EDITOR,2006.0,PARIS,PASSIF,PRÊT EXTERNE,ENSIA
982,ANALYS CONCEPT ET CONTEXTES : VOLUME 2 .FONCTIONS DE PLUSIEURS VARIABLES,STEWART,UNKNOWN_EDITOR,2006.0,PARIS,ACHAT,PRÊT EXTERNE,ENSIA
1386,"ANALYSE 2 : EXERCICES ET PROBLÈMES RÉSOLUS : CLASSES PRÉPARATOIRES, PREMIER CYCLE UNIVERSITAIRE","TISSIER, ALAIN",UNKNOWN_EDITOR,1985.0,UNKNOWN_LOCATION,ACHAT,PRÊT EXTERNE,ENSIA
2847,ANALYSE 2 : RAPPELS DE COURS ET EXERCICES AVEC SOLUTIONS,HAMED C BABA,OPU,2011.0,ALGER,ACHAT,PRÊT EXTERNE,ENSIA
4273,ANALYSE 2 : RAPPELS DE COURS ET EXERCICES AVEC SOLUTIONS,HAMED C BABA,OPU,2011.0,ALGER,ACHAT,PRÊT EXTERNE,ENSIA
286,ANALYSE 2 : RAPPELS DE COURS ET EXERCICES AVEC SOLUTIONS,HAMED C BABA,OPU,2011.0,ALGER,ACHAT,PRÊT EXTERNE,ENSIA
285,ANALYSE 2 : RAPPELS DE COURS ET EXERCICES AVEC SOLUTIONS,HAMED C BABA,OPU,2011.0,ALGER,ACHAT,PRÊT EXTERNE,ENSIA
2849,ANALYSE 2 : RAPPELS DE COURS ET EXERCICES AVEC SOLUTIONS,HAMED C BABA,OPU,2011.0,ALGER,ACHAT,PRÊT EXTERNE,ENSIA
2841,ANALYSE 2 : RAPPELS DE COURS ET EXERCICES AVEC SOLUTIONS,HAMED C BABA,OPU,2011.0,ALGER,ACHAT,PRÊT EXTERNE,ENSIA
2845,ANALYSE 2 : RAPPELS DE COURS ET EXERCICES AVEC SOLUTIONS,HAMED C BABA,OPU,2011.0,ALGER,ACHAT,PRÊT EXTERNE,ENSIA
2846,ANALYSE 2 : RAPPELS DE COURS ET EXERCICES AVEC SOLUTIONS,HAMED C BABA,OPU,2011.0,ALGER,ACHAT,PRÊT EXTERNE,ENSIA
287,ANALYSE 2 : RAPPELS DE COURS ET EXERCICES AVEC SOLUTIONS,HAMED C BABA,OPU,2011.0,ALGER,ACHAT,PRÊT EXTERNE,ENSIA
2842,ANALYSE 2 : RAPPELS DE COURS ET EXERCICES AVEC SOLUTIONS,HAMED C BABA,OPU,2011.0,ALGER,ACHAT,PRÊT EXTERNE,ENSIA
2843,ANALYSE 2 : RAPPELS DE COURS ET EXERCICES AVEC SOLUTIONS,HAMED C BABA,OPU,2011.0,ALGER,ACHAT,PRÊT EXTERNE,ENSIA
2848,ANALYSE 2 : RAPPELS DE COURS ET EXERCICES AVEC SOLUTIONS,HAMED C BABA,OPU,2011.0,ALGER,ACHAT,PRÊT EXTERNE,ENSIA
2844,ANALYSE 2 : RAPPELS DE COURS ET EXERCICES AVEC SOLUTIONS,HAMED C BABA,OPU,2011.0,ALGER,ACHAT,PRÊT EXTERNE,ENSIA
288,ANALYSE 2 : RAPPELS DE COURS ET EXERCICES AVEC SOLUTIONS,HAMED C BABA,OPU,2011.0,ALGER,ACHAT,PRÊT EXTERNE,ENSIA
2840,ANALYSE 2 : RAPPELS DE COURS ET EXERCICES AVEC SOLUTIONS,HAMED C BABA,OPU,2011.0,ALGER,ACHAT,PRÊT EXTERNE,ENSIA
3679,ANALYSE 2 : RAPPELS DE COURS ET EXERCICES AVEC SOLUTIONS,HAMED C BABA,OPU,2011.0,ALGER,ACHAT,PRÊT EXTERNE,ENSIA
3681,ANALYSE 2 : RAPPELS DE COURS ET EXERCICES AVEC SOLUTIONS,HAMED C BABA,OPU,2011.0,ALGER,ACHAT,PRÊT EXTERNE,ENSIA
3673,ANALYSE 2 : RAPPELS DE COURS ET EXERCICES AVEC SOLUTIONS,HAMED C BABA,OPU,2011.0,ALGER,ACHAT,PRÊT EXTERNE,ENSIA
3672,ANALYSE 2 : RAPPELS DE COURS ET EXERCICES AVEC SOLUTIONS,HAMED C BABA,OPU,2011.0,ALGER,ACHAT,PRÊT EXTERNE,ENSIA
3671,ANALYSE 2 : RAPPELS DE COURS ET EXERCICES AVEC SOLUTIONS,HAMED C BABA,OPU,2011.0,ALGER,ACHAT,PRÊT EXTERNE,ENSIA
3670,ANALYSE 2 : RAPPELS DE COURS ET EXERCICES AVEC SOLUTIONS,HAMED C BABA,OPU,2011.0,ALGER,ACHAT,PRÊT EXTERNE,ENSIA
3669,ANALYSE 2 : RAPPELS DE COURS ET EXERCICES AVEC SOLUTIONS,HAMED C BABA,OPU,2011.0,ALGER,ACHAT,PRÊT EXTERNE,ENSIA
3667,ANALYSE 2 : RAPPELS DE COURS ET EXERCICES AVEC SOLUTIONS,HAMED C BABA,OPU,2011.0,ALGER,ACHAT,PRÊT EXTERNE,ENSIA
3674,ANALYSE 2 : RAPPELS DE COURS ET EXERCICES AVEC SOLUTIONS,HAMED C BABA,OPU,2011.0,ALGER,ACHAT,PRÊT EXTERNE,ENSIA
3666,ANALYSE 2 : RAPPELS DE COURS ET EXERCICES AVEC SOLUTIONS,HAMED C BABA,OPU,2011.0,ALGER,ACHAT,PRÊT EXTERNE,ENSIA
3664,ANALYSE 2 : RAPPELS DE COURS ET EXERCICES AVEC SOLUTIONS,HAMED C BABA,OPU,2011.0,ALGER,ACHAT,PRÊT EXTERNE,ENSIA
3663,ANALYSE 2 : RAPPELS DE COURS ET EXERCICES AVEC SOLUTIONS,HAMED C BABA,OPU,2011.0,ALGER,ACHAT,PRÊT EXTERNE,ENSIA
3662,ANALYSE 2 : RAPPELS DE COURS ET EXERCICES AVEC SOLUTIONS,HAMED C BABA,OPU,2011.0,ALGER,ACHAT,PRÊT EXTERNE,ENSIA
3661,ANALYSE 2 : RAPPELS DE COURS ET EXERCICES AVEC SOLUTIONS,HAMED C BABA,OPU,2011.0,ALGER,ACHAT,PRÊT EXTERNE,ENSIA
3660,ANALYSE 2 : RAPPELS DE COURS ET EXERCICES AVEC SOLUTIONS,HAMED C BABA,OPU,2011.0,ALGER,ACHAT,PRÊT EXTERNE,ENSIA
3659,ANALYSE 2 : RAPPELS DE COURS ET EXERCICES AVEC SOLUTIONS,HAMED C BABA,OPU,2011.0,ALGER,ACHAT,PRÊT EXTERNE,ENSIA
3665,ANALYSE 2 : RAPPELS DE COURS ET EXERCICES AVEC SOLUTIONS,HAMED C BABA,OPU,2011.0,ALGER,ACHAT,PRÊT EXTERNE,ENSIA
3675,ANALYSE 2 : RAPPELS DE COURS ET EXERCICES AVEC SOLUTIONS,HAMED C BABA,OPU,2011.0,ALGER,ACHAT,PRÊT EXTERNE,ENSIA
3676,ANALYSE 2 : RAPPELS DE COURS ET EXERCICES AVEC SOLUTIONS,HAMED C BABA,OPU,2011.0,ALGER,ACHAT,PRÊT EXTERNE,ENSIA
3677,ANALYSE 2 : RAPPELS DE COURS ET EXERCICES AVEC SOLUTIONS,HAMED C BABA,OPU,2011.0,ALGER,ACHAT,PRÊT EXTERNE,ENSIA
1675,ANALYSE 2 : RAPPELS DE COURS ET EXERCICES AVEC SOLUTIONS,HAMED C BABA,OPU,2011.0,ALGER,ACHAT,PRÊT EXTERNE,ENSIA
1674,ANALYSE 2 : RAPPELS DE COURS ET EXERCICES AVEC SOLUTIONS,HAMED C BABA,OPU,2011.0,ALGER,ACHAT,CONSULTATION SUR PLACE,ENSIA
1673,ANALYSE 2 : RAPPELS DE COURS ET EXERCICES AVEC SOLUTIONS,HAMED C BABA,OPU,2011.0,ALGER,ACHAT,PRÊT EXTERNE,ENSIA
1672,ANALYSE 2 : RAPPELS DE COURS ET EXERCICES AVEC SOLUTIONS,HAMED C BABA,OPU,2011.0,ALGER,ACHAT,PRÊT EXTERNE,ENSIA
1671,ANALYSE 2 : RAPPELS DE COURS ET EXERCICES AVEC SOLUTIONS,HAMED C BABA,OPU,2011.0,ALGER,ACHAT,PRÊT EXTERNE,ENSIA
1670,ANALYSE 2 : RAPPELS DE COURS ET EXERCICES AVEC SOLUTIONS,HAMED C BABA,OPU,2011.0,ALGER,ACHAT,PRÊT EXTERNE,ENSIA
1669,ANALYSE 2 : RAPPELS DE COURS ET EXERCICES AVEC SOLUTIONS,HAMED C BABA,OPU,2011.0,ALGER,ACHAT,PRÊT EXTERNE,ENSIA
1668,ANALYSE 2 : RAPPELS DE COURS ET EXERCICES AVEC SOLUTIONS,HAMED C BABA,OPU,2011.0,ALGER,ACHAT,PRÊT EXTERNE,ENSIA
1667,ANALYSE 2 : RAPPELS DE COURS ET EXERCICES AVEC SOLUTIONS,HAMED C BABA,OPU,2011.0,ALGER,ACHAT,PRÊT EXTERNE,ENSIA
1666,ANALYSE 2 : RAPPELS DE COURS ET EXERCICES AVEC SOLUTIONS,HAMED C BABA,OPU,2011.0,ALGER,ACHAT,PRÊT EXTERNE,ENSIA
3684,ANALYSE 2 : RAPPELS DE COURS ET EXERCICES AVEC SOLUTIONS,HAMED C BABA,OPU,2011.0,ALGER,ACHAT,PRÊT EXTERNE,ENSIA
3683,ANALYSE 2 : RAPPELS DE COURS ET EXERCICES AVEC SOLUTIONS,HAMED C BABA,OPU,2011.0,ALGER,ACHAT,PRÊT EXTERNE,ENSIA
3682,ANALYSE 2 : RAPPELS DE COURS ET EXERCICES AVEC SOLUTIONS,HAMED C BABA,OPU,2011.0,ALGER,ACHAT,PRÊT EXTERNE,ENSIA
3680,ANALYSE 2 : RAPPELS DE COURS ET EXERCICES AVEC SOLUTIONS,HAMED C BABA,OPU,2011.0,ALGER,ACHAT,PRÊT EXTERNE,ENSIA
3678,ANALYSE 2 : RAPPELS DE COURS ET EXERCICES AVEC SOLUTIONS,HAMED C BABA,OPU,2011.0,ALGER,ACHAT,PRÊT EXTERNE,ENSIA
3658,ANALYSE 2 : RAPPELS DE COURS ET EXERCICES AVEC SOLUTIONS,HAMED C BABA,OPU,2011.0,ALGER,ACHAT,PRÊT EXTERNE,ENSIA
3657,ANALYSE 2 : RAPPELS DE COURS ET EXERCICES AVEC SOLUTIONS,HAMED C BABA,OPU,2011.0,ALGER,ACHAT,PRÊT EXTERNE,ENSIA
3668,ANALYSE 2 : RAPPELS DE COURS ET EXERCICES AVEC SOLUTIONS,HAMED C BABA,OPU,2011.0,ALGER,ACHAT,PRÊT EXTERNE,ENSIA
3656,ANALYSE 2 : RAPPELS DE COURS ET EXERCICES AVEC SOLUTIONS,HAMED C BABA,OPU,2011.0,ALGER,ACHAT,PRÊT EXTERNE,ENSIA
3636,ANALYSE 2 : RAPPELS DE COURS ET EXERCICES AVEC SOLUTIONS,HAMED C BABA,OPU,2011.0,ALGER,ACHAT,PRÊT EXTERNE,ENSIA
3637,ANALYSE 2 : RAPPELS DE COURS ET EXERCICES AVEC SOLUTIONS,HAMED C BABA,OPU,2011.0,ALGER,ACHAT,PRÊT EXTERNE,ENSIA
3638,ANALYSE 2 : RAPPELS DE COURS ET EXERCICES AVEC SOLUTIONS,HAMED C BABA,OPU,2011.0,ALGER,ACHAT,PRÊT EXTERNE,ENSIA
3639,ANALYSE 2 : RAPPELS DE COURS ET EXERCICES AVEC SOLUTIONS,HAMED C BABA,OPU,2011.0,ALGER,ACHAT,PRÊT EXTERNE,ENSIA
3640,ANALYSE 2 : RAPPELS DE COURS ET EXERCICES AVEC SOLUTIONS,HAMED C BABA,OPU,2011.0,ALGER,ACHAT,PRÊT EXTERNE,ENSIA
3641,ANALYSE 2 : RAPPELS DE COURS ET EXERCICES AVEC SOLUTIONS,HAMED C BABA,OPU,2011.0,ALGER,ACHAT,PRÊT EXTERNE,ENSIA
3642,ANALYSE 2 : RAPPELS DE COURS ET EXERCICES AVEC SOLUTIONS,HAMED C BABA,OPU,2011.0,ALGER,ACHAT,PRÊT EXTERNE,ENSIA
3643,ANALYSE 2 : RAPPELS DE COURS ET EXERCICES AVEC SOLUTIONS,HAMED C BABA,OPU,2011.0,ALGER,ACHAT,PRÊT EXTERNE,ENSIA
3645,ANALYSE 2 : RAPPELS DE COURS ET EXERCICES AVEC SOLUTIONS,HAMED C BABA,OPU,2011.0,ALGER,ACHAT,PRÊT EXTERNE,ENSIA
3646,ANALYSE 2 : RAPPELS DE COURS ET EXERCICES AVEC SOLUTIONS,HAMED C BABA,OPU,2011.0,ALGER,ACHAT,PRÊT EXTERNE,ENSIA
3647,ANALYSE 2 : RAPPELS DE COURS ET EXERCICES AVEC SOLUTIONS,HAMED C BABA,OPU,2011.0,ALGER,ACHAT,PRÊT EXTERNE,ENSIA
3648,ANALYSE 2 : RAPPELS DE COURS ET EXERCICES AVEC SOLUTIONS,HAMED C BABA,OPU,2011.0,ALGER,ACHAT,PRÊT EXTERNE,ENSIA
3649,ANALYSE 2 : RAPPELS DE COURS ET EXERCICES AVEC SOLUTIONS,HAMED C BABA,OPU,2011.0,ALGER,ACHAT,PRÊT EXTERNE,ENSIA
3650,ANALYSE 2 : RAPPELS DE COURS ET EXERCICES AVEC SOLUTIONS,HAMED C BABA,OPU,2011.0,ALGER,ACHAT,PRÊT EXTERNE,ENSIA
3644,ANALYSE 2 : RAPPELS DE COURS ET EXERCICES AVEC SOLUTIONS,HAMED C BABA,OPU,2011.0,ALGER,ACHAT,PRÊT EXTERNE,ENSIA
3655,ANALYSE 2 : RAPPELS DE COURS ET EXERCICES AVEC SOLUTIONS,HAMED C BABA,OPU,2011.0,ALGER,ACHAT,PRÊT EXTERNE,ENSIA
3654,ANALYSE 2 : RAPPELS DE COURS ET EXERCICES AVEC SOLUTIONS,HAMED C BABA,OPU,2011.0,ALGER,ACHAT,PRÊT EXTERNE,ENSIA
3653,ANALYSE 2 : RAPPELS DE COURS ET EXERCICES AVEC SOLUTIONS,HAMED C BABA,OPU,2011.0,ALGER,ACHAT,PRÊT EXTERNE,ENSIA
3652,ANALYSE 2 : RAPPELS DE COURS ET EXERCICES AVEC SOLUTIONS,HAMED C BABA,OPU,2011.0,ALGER,ACHAT,PRÊT EXTERNE,ENSIA
3651,ANALYSE 2 : RAPPELS DE COURS ET EXERCICES AVEC SOLUTIONS,HAMED C BABA,OPU,2011.0,ALGER,ACHAT,PRÊT EXTERNE,ENSIA
852,ANALYSE 3 : COURS ET EXERCICES CORRIGÉS,"SERVIEN, CLAUDE",ELLIPSES,1995.0,PARIS,PASSIF,PRÊT EXTERNE,TRANSFÉRÉ L'ENSIA
853,ANALYSE 3 : COURS ET EXERCICES CORRIGÉS,"SERVIEN, CLAUDE",ELLIPSES,1995.0,PARIS,PASSIF,PRÊT EXTERNE,TRANSFÉRÉ L'ENSIA
854,ANALYSE 3 : COURS ET EXERCICES CORRIGÉS,"SERVIEN, CLAUDE",ELLIPSES,1995.0,PARIS,DON,PRÊT EXTERNE,ENSIA
855,ANALYSE 3 : COURS ET EXERCICES CORRIGÉS,"SERVIEN, CLAUDE",ELLIPSES,1995.0,PARIS,DON,PRÊT EXTERNE,TRANSFÉRÉ L'ENSIA
856,ANALYSE 3 : COURS ET EXERCICES CORRIGÉS,"SERVIEN, CLAUDE",ELLIPSES,1995.0,PARIS,DON,PRÊT EXTERNE,ENSIA
966,ANALYSE : COURS ET EXERCICES CORRIG,"COTTET-EMARD,FRANCOIS",UNKNOWN_EDITOR,2005.0,PARIS,ACHAT,PRÊT EXTERNE,ENSIA
965,ANALYSE : COURS ET EXERCICES CORRIG,"COTTET-EMARD,FRANCOIS",UNKNOWN_EDITOR,2005.0,PARIS,DON,PRÊT EXTERNE,ENSIA
1345,ANALYSE : COURS ET PROBLÈMES,"SPIEGEL, MURRAY R.",UNKNOWN_EDITOR,1993.0,PARIS,DON,PRÊT EXTERNE,ENSIA
1333,ANALYSE : COURS ET PROBLÈMES,"SPIEGEL, MURRAY R.",UNKNOWN_EDITOR,1993.0,PARIS,DON,PRÊT EXTERNE,ENSIA
969,ANALYSE : FONCTIONS DE PLUSIEURS VARIABLES ET GÉOMÉTRIE ANALYTIQUE,"AEBISCHER, BRUNO",UNKNOWN_EDITOR,2011.0,PARIS,DON,CONSULTATION SUR PLACE,ENSIA
971,ANALYSE : FONCTIONS DE PLUSIEURS VARIABLES ET GÉOMÉTRIE ANALYTIQUE,"AEBISCHER, BRUNO",UNKNOWN_EDITOR,2011.0,PARIS,ACHAT,PRÊT EXTERNE,ENSIA
970,ANALYSE : FONCTIONS DE PLUSIEURS VARIABLES ET GÉOMÉTRIE ANALYTIQUE,"AEBISCHER, BRUNO",UNKNOWN_EDITOR,2011.0,PARIS,ACHAT,PRÊT EXTERNE,ENSIA
968,ANALYSE CONCEPTS ET CONTEXTES VOLUME1,STEWART,DE BOECK,2006.0,BRUXELLES,ACHAT,PRÊT EXTERNE,ENSIA
967,ANALYSE CONCEPTS ET CONTEXTES VOLUME1,STEWART,DE BOECK,2006.0,BRUXELLES,ACHAT,PRÊT EXTERNE,ENSIA
631,ANALYSE DE TRACES ET PERSONNALISATION DES ENVIRONNEMENTS INFORMATIQUES POUR L'APPRENTISSAGE HUMAIN,MARTY CHARLES,LAVOISIE,2009.0,FRANCE,ACHAT,PRÊT EXTERNE,ENSIA
630,ANALYSE DE TRACES ET PERSONNALISATION DES ENVIRONNEMENTS INFORMATIQUES POUR L'APPRENTISSAGE HUMAIN,MARTY CHARLES,LAVOISIE,2009.0,FRANCE,ACHAT,PRÊT EXTERNE,ENSIA
632,ANALYSE DE TRACES ET PERSONNALISATION DES ENVIRONNEMENTS INFORMATIQUES POUR L'APPRENTISSAGE HUMAIN,MARTY CHARLES,LAVOISIE,2009.0,FRANCE,ACHAT,PRÊT EXTERNE,ENSIA
1382,ANALYSE DES DONNÉES BINAIRES,COX.D.R,UNKNOWN_EDITOR,1972.0,PARIS,DON,PRÊT EXTERNE,ENSIA
1360,ANALYSE DES DONNÉES MULTIDIMENSIONNELLES : STATISTIQUE ENSCIENCE HUMAINES,"ROUANET, HENRY",UNKNOWN_EDITOR,1993.0,PARIS,ACHAT,PRÊT EXTERNE,ENSIA
1359,ANALYSE DES DONNÉES MULTIDIMENSIONNELLES : STATISTIQUE ENSCIENCE HUMAINES,"ROUANET, HENRY",UNKNOWN_EDITOR,1993.0,PARIS,ACHAT,PRÊT EXTERNE,ENSIA
70,ANALYSE DES POLITIQUES ÉCONOMIQUES,FONTANEL JACQUES,OPU,2005.0,ALGER,ACHAT,CONSULTATION SUR PLACE,ENSIA
1314,ANALYSE ET GEOMÉTRIE : MÉTHODES HILBERTIENNES : COURS ET EXERCICES CORRIGÉS,"ROOS, GUY",UNKNOWN_EDITOR,UNKNOWN_YEAR,UNKNOWN_LOCATION,DON,PRÊT EXTERNE,ENSIA
1313,ANALYSE ET GEOMÉTRIE : MÉTHODES HILBERTIENNES : COURS ET EXERCICES CORRIGÉS,"ROOS, GUY",UNKNOWN_EDITOR,UNKNOWN_YEAR,UNKNOWN_LOCATION,DON,PRÊT EXTERNE,ENSIA
1312,ANALYSE ET GEOMÉTRIE : MÉTHODES HILBERTIENNES : COURS ET EXERCICES CORRIGÉS,"ROOS, GUY",UNKNOWN_EDITOR,UNKNOWN_YEAR,UNKNOWN_LOCATION,DON,PRÊT EXTERNE,ENSIA
1373,"ANALYSE II POUR ÉCONOMISTES : MANUEL D'EXERCICES CORRIGÉS AVEC RAPPELS DE COURS : INTÉGRALES DOUBLES, ÉQUATIONS DIFFÉRENTIELLES...","PILLER, ALAIN",UNKNOWN_EDITOR,1998.0,PARIS,DON,PRÊT EXTERNE,ENSIA
2863,ANALYSE MATHEMATIQUE : EXERCICES CORRIGES,BELAIDI BENHARRAT,UNKNOWN_EDITOR,UNKNOWN_YEAR,ALGER,ACHAT,PRÊT EXTERNE,ENSIA
1696,ANALYSE MATHEMATIQUE : EXERCICES CORRIGES,BELAIDI BENHARRAT,UNKNOWN_EDITOR,UNKNOWN_YEAR,ALGER,ACHAT,PRÊT EXTERNE,ENSIA
2862,ANALYSE MATHEMATIQUE : EXERCICES CORRIGES,BELAIDI BENHARRAT,UNKNOWN_EDITOR,UNKNOWN_YEAR,ALGER,ACHAT,PRÊT EXTERNE,ENSIA
2869,ANALYSE MATHEMATIQUE : EXERCICES CORRIGES,BELAIDI BENHARRAT,UNKNOWN_EDITOR,UNKNOWN_YEAR,ALGER,ACHAT,PRÊT EXTERNE,ENSIA
2860,ANALYSE MATHEMATIQUE : EXERCICES CORRIGES,BELAIDI BENHARRAT,UNKNOWN_EDITOR,UNKNOWN_YEAR,ALGER,ACHAT,PRÊT EXTERNE,ENSIA
1698,ANALYSE MATHEMATIQUE : EXERCICES CORRIGES,BELAIDI BENHARRAT,UNKNOWN_EDITOR,UNKNOWN_YEAR,ALGER,ACHAT,PRÊT EXTERNE,ENSIA
2868,ANALYSE MATHEMATIQUE : EXERCICES CORRIGES,BELAIDI BENHARRAT,UNKNOWN_EDITOR,UNKNOWN_YEAR,ALGER,ACHAT,PRÊT EXTERNE,ENSIA
2867,ANALYSE MATHEMATIQUE : EXERCICES CORRIGES,BELAIDI BENHARRAT,UNKNOWN_EDITOR,UNKNOWN_YEAR,ALGER,ACHAT,PRÊT EXTERNE,ENSIA
1700,ANALYSE MATHEMATIQUE : EXERCICES CORRIGES,BELAIDI BENHARRAT,UNKNOWN_EDITOR,UNKNOWN_YEAR,ALGER,ACHAT,PRÊT EXTERNE,ENSIA
2866,ANALYSE MATHEMATIQUE : EXERCICES CORRIGES,BELAIDI BENHARRAT,UNKNOWN_EDITOR,UNKNOWN_YEAR,ALGER,ACHAT,PRÊT EXTERNE,ENSIA
1701,ANALYSE MATHEMATIQUE : EXERCICES CORRIGES,BELAIDI BENHARRAT,UNKNOWN_EDITOR,UNKNOWN_YEAR,ALGER,ACHAT,PRÊT EXTERNE,ENSIA
1702,ANALYSE MATHEMATIQUE : EXERCICES CORRIGES,BELAIDI BENHARRAT,UNKNOWN_EDITOR,UNKNOWN_YEAR,ALGER,ACHAT,PRÊT EXTERNE,ENSIA
1703,ANALYSE MATHEMATIQUE : EXERCICES CORRIGES,BELAIDI BENHARRAT,UNKNOWN_EDITOR,UNKNOWN_YEAR,ALGER,ACHAT,PRÊT EXTERNE,ENSIA
1704,ANALYSE MATHEMATIQUE : EXERCICES CORRIGES,BELAIDI BENHARRAT,UNKNOWN_EDITOR,UNKNOWN_YEAR,ALGER,ACHAT,PRÊT EXTERNE,ENSIA
1705,ANALYSE MATHEMATIQUE : EXERCICES CORRIGES,BELAIDI BENHARRAT,UNKNOWN_EDITOR,UNKNOWN_YEAR,ALGER,ACHAT,PRÊT EXTERNE,ENSIA
2861,ANALYSE MATHEMATIQUE : EXERCICES CORRIGES,BELAIDI BENHARRAT,UNKNOWN_EDITOR,UNKNOWN_YEAR,ALGER,ACHAT,PRÊT EXTERNE,ENSIA
1697,ANALYSE MATHEMATIQUE : EXERCICES CORRIGES,BELAIDI BENHARRAT,UNKNOWN_EDITOR,UNKNOWN_YEAR,ALGER,ACHAT,PRÊT EXTERNE,ENSIA
1699,ANALYSE MATHEMATIQUE : EXERCICES CORRIGES,BELAIDI BENHARRAT,UNKNOWN_EDITOR,UNKNOWN_YEAR,ALGER,ACHAT,PRÊT EXTERNE,ENSIA
2865,ANALYSE MATHEMATIQUE : EXERCICES CORRIGES,BELAIDI BENHARRAT,UNKNOWN_EDITOR,UNKNOWN_YEAR,ALGER,ACHAT,PRÊT EXTERNE,ENSIA
2870,ANALYSE MATHEMATIQUE : EXERCICES CORRIGES,BELAIDI BENHARRAT,UNKNOWN_EDITOR,UNKNOWN_YEAR,ALGER,ACHAT,PRÊT EXTERNE,ENSIA
2884,ANALYSE MATHEMATIQUE : EXERCICES CORRIGES,BELAIDI BENHARRAT,UNKNOWN_EDITOR,UNKNOWN_YEAR,ALGER,ACHAT,PRÊT EXTERNE,ENSIA
2883,ANALYSE MATHEMATIQUE : EXERCICES CORRIGES,BELAIDI BENHARRAT,UNKNOWN_EDITOR,UNKNOWN_YEAR,ALGER,ACHAT,PRÊT EXTERNE,ENSIA
2882,ANALYSE MATHEMATIQUE : EXERCICES CORRIGES,BELAIDI BENHARRAT,UNKNOWN_EDITOR,UNKNOWN_YEAR,ALGER,ACHAT,PRÊT EXTERNE,ENSIA
2881,ANALYSE MATHEMATIQUE : EXERCICES CORRIGES,BELAIDI BENHARRAT,UNKNOWN_EDITOR,UNKNOWN_YEAR,ALGER,ACHAT,PRÊT EXTERNE,ENSIA
2880,ANALYSE MATHEMATIQUE : EXERCICES CORRIGES,BELAIDI BENHARRAT,UNKNOWN_EDITOR,UNKNOWN_YEAR,ALGER,ACHAT,PRÊT EXTERNE,ENSIA
2879,ANALYSE MATHEMATIQUE : EXERCICES CORRIGES,BELAIDI BENHARRAT,UNKNOWN_EDITOR,UNKNOWN_YEAR,ALGER,ACHAT,PRÊT EXTERNE,ENSIA
2878,ANALYSE MATHEMATIQUE : EXERCICES CORRIGES,BELAIDI BENHARRAT,UNKNOWN_EDITOR,UNKNOWN_YEAR,ALGER,ACHAT,PRÊT EXTERNE,ENSIA
2864,ANALYSE MATHEMATIQUE : EXERCICES CORRIGES,BELAIDI BENHARRAT,UNKNOWN_EDITOR,UNKNOWN_YEAR,ALGER,ACHAT,PRÊT EXTERNE,ENSIA
2877,ANALYSE MATHEMATIQUE : EXERCICES CORRIGES,BELAIDI BENHARRAT,UNKNOWN_EDITOR,UNKNOWN_YEAR,ALGER,ACHAT,PRÊT EXTERNE,ENSIA
2876,ANALYSE MATHEMATIQUE : EXERCICES CORRIGES,BELAIDI BENHARRAT,UNKNOWN_EDITOR,UNKNOWN_YEAR,ALGER,ACHAT,PRÊT EXTERNE,ENSIA
2874,ANALYSE MATHEMATIQUE : EXERCICES CORRIGES,BELAIDI BENHARRAT,UNKNOWN_EDITOR,UNKNOWN_YEAR,ALGER,ACHAT,PRÊT EXTERNE,ENSIA
2875,ANALYSE MATHEMATIQUE : EXERCICES CORRIGES,BELAIDI BENHARRAT,UNKNOWN_EDITOR,UNKNOWN_YEAR,ALGER,ACHAT,PRÊT EXTERNE,ENSIA
2873,ANALYSE MATHEMATIQUE : EXERCICES CORRIGES,BELAIDI BENHARRAT,UNKNOWN_EDITOR,UNKNOWN_YEAR,ALGER,ACHAT,PRÊT EXTERNE,ENSIA
2872,ANALYSE MATHEMATIQUE : EXERCICES CORRIGES,BELAIDI BENHARRAT,UNKNOWN_EDITOR,UNKNOWN_YEAR,ALGER,ACHAT,PRÊT EXTERNE,ENSIA
2871,ANALYSE MATHEMATIQUE : EXERCICES CORRIGES,BELAIDI BENHARRAT,UNKNOWN_EDITOR,UNKNOWN_YEAR,ALGER,ACHAT,PRÊT EXTERNE,ENSIA
972,"ANALYSE MP : COURS, MÉTHODES ET EXERCICES CORRIGÉS","MONIER, JEAN-MARIE",UNKNOWN_EDITOR,2007.0,PARIS,DON,PRÊT EXTERNE,ENSIA
973,"ANALYSE MP : COURS, MÉTHODES ET EXERCICES CORRIGÉS","MONIER, JEAN-MARIE",UNKNOWN_EDITOR,2007.0,PARIS,DON,PRÊT EXTERNE,ENSIA
850,ANALYSE NUMÉRIQUE : ALGORITHME ET ÉTUDE MATHÉMATIQUE,FRANCIS FILBET,DUNOD,2013.0,PARIS,DON,CONSULTATION SUR PLACE,ENSIA
974,ANALYSE NUMÉRIQUE : COURS ET EXERCICES CORRIGÉS,"CANON, ERIC",UNKNOWN_EDITOR,2012.0,PARIS,ACHAT,PRÊT EXTERNE,ENSIA
975,ANALYSE NUMÉRIQUE : COURS ET EXERCICES CORRIGÉS,"CANON, ERIC",UNKNOWN_EDITOR,2012.0,PARIS,ACHAT,PRÊT EXTERNE,ENSIA
976,ANALYSE NUMÉRIQUE : COURS ET EXERCICES CORRIGÉS,"CANON, ERIC",UNKNOWN_EDITOR,2012.0,PARIS,ACHAT,PRÊT EXTERNE,ENSIA
847,"ANALYSE NUMÉRIQUE AVEC MATLAB : RAPPELS DE COURS, MÉTHODES, EXERCICES ET PROBLÈMES CORRIGÉS DÉTAILLÉS","MERRIEN, JEAN-LOUIS",DUNOD,2007.0,PARIS,ACHAT,PRÊT EXTERNE,ENSIA
862,ANALYSE NUMÉRIQUE ET OPTIMISATION : UNE INTRODUCTION À LA MODÉLISATION MATHÉMATIQUE ET À LA SIMULATION NUMÉRIQUE,"ALLAIRE, GRÉGOIRE",ÉDITIONS DE L'ÉCOLE ÉOLYTECHNIQUE,2006.0,PALAISEAU,PASSIF,PRÊT EXTERNE,ENSIA
861,ANALYSE PC-PSI-PT : 2E ANNÉE : COURS ET 800 EXERCICES CORRIGÉS,"MONIER, JEAN-MARIE",DUNOD,2004.0,PARIS,DON,PRÊT EXTERNE,ENSIA
977,ANALYSE RÉELLE,"LANG,SERGE",UNKNOWN_EDITOR,1977.0,PARIS,ACHAT,PRÊT EXTERNE,ENSIA
978,ANALYSE RÉELLE,"LANG,SERGE",UNKNOWN_EDITOR,1977.0,PARIS,ACHAT,PRÊT EXTERNE,ENSIA
980,ANALYSE THEORIE DE LINTEGRATION : CONVOLUTION ET TRANSFORMÉE DE FOURIER : COURS & EXERCICES CORRIGÉS : LICENCE 3 & MASTER 1 MATHÉMATIQUES,BRIANE MARC,UNKNOWN_EDITOR,2012.0,PARIS,ACHAT,PRÊT EXTERNE,ENSIA
979,ANALYSE THEORIE DE LINTEGRATION : CONVOLUTION ET TRANSFORMÉE DE FOURIER : COURS & EXERCICES CORRIGÉS : LICENCE 3 & MASTER 1 MATHÉMATIQUES,BRIANE MARC,UNKNOWN_EDITOR,2012.0,PARIS,ACHAT,PRÊT EXTERNE,ENSIA
1385,ANALYSE VECTORIELLE : COURS ET PROBLEMES :480 EXERCICES RESOLUS,R.SPIEGEL MURRAY,UNKNOWN_EDITOR,UNKNOWN_YEAR,UNKNOWN_LOCATION,ACHAT,PRÊT EXTERNE,ENSIA
896,"ANALYSE. 1, SUITES NUMÉRIQUES, FONCTIONS D'UNE VARIABLE RÉELLE, DÉVELOPPEMENTS LIMITÉS : COURS ET EXERCICES CORRIGÉS","SERMANT, MARIE- CLAUDE",ELLIPSES,1998.0,PARIS,DON,PRÊT EXTERNE,ENSIA
895,"ANALYSE. 1, SUITES NUMÉRIQUES, FONCTIONS D'UNE VARIABLE RÉELLE, DÉVELOPPEMENTS LIMITÉS : COURS ET EXERCICES CORRIGÉS","SERMANT, MARIE- CLAUDE",ELLIPSES,1998.0,PARIS,DON,PRÊT EXTERNE,ENSIA
342,ANALYTICS AND TECH MINING FOR ENGINEERING MANAGERS.,CUNNINGHAM SCOOT W,MOMENTUM PRESS,2016.0,USA,ACHAT,PRÊT EXTERNE,ENSIA
343,ANALYTICS AND TECH MINING FOR ENGINEERING MANAGERS.,CUNNINGHAM SCOOT W,MOMENTUM PRESS,2016.0,USA,ACHAT,PRÊT EXTERNE,ENSIA
678,ANATOMIE ET PHYSIOLOGIE HUMAINES,MARIEB ELAINE,NOUVEAUX HORIZONS,UNKNOWN_YEAR,FRANCE,ACHAT,PRÊT EXTERNE,ENSIA
677,ANATOMIE ET PHYSIOLOGIE HUMAINES,MARIEB ELAINE,NOUVEAUX HORIZONS,UNKNOWN_YEAR,FRANCE,ACHAT,PRÊT EXTERNE,ENSIA
675,ANATOMIE ET PHYSIOLOGIE HUMAINES,MARIEB ELAINE,NOUVEAUX HORIZONS,UNKNOWN_YEAR,FRANCE,ACHAT,PRÊT EXTERNE,ENSIA
676,ANATOMIE ET PHYSIOLOGIE HUMAINES,MARIEB ELAINE,NOUVEAUX HORIZONS,UNKNOWN_YEAR,FRANCE,ACHAT,PRÊT EXTERNE,ENSIA
633,ANGULAR : DÉVELOPPEZ VOS APPLICATIONS WEB AVEC LE FRAMEWORK JAVASCRIPT DE GOOGLE,"DJORDJEVIC, DANIEL",EDITIONS ENI,2017.0,FRANCE,ACHAT,PRÊT EXTERNE,ENSIA
635,ANGULAR : DÉVELOPPEZ VOS APPLICATIONS WEB AVEC LE FRAMEWORK JAVASCRIPT DE GOOGLE,"DJORDJEVIC, DANIEL",EDITIONS ENI,2017.0,FRANCE,ACHAT,PRÊT EXTERNE,ENSIA
634,ANGULAR : DÉVELOPPEZ VOS APPLICATIONS WEB AVEC LE FRAMEWORK JAVASCRIPT DE GOOGLE,"DJORDJEVIC, DANIEL",EDITIONS ENI,2017.0,FRANCE,ACHAT,PRÊT EXTERNE,ENSIA
346,ANT COLONY OPTIMIZATION,DORIGO MARCO,WILEY,2010.0,USA,ACHAT,PRÊT EXTERNE,ENSIA
345,ANT COLONY OPTIMIZATION,DORIGO MARCO,WILEY,2010.0,USA,ACHAT,PRÊT EXTERNE,ENSIA
344,ANT COLONY OPTIMIZATION,DORIGO MARCO,WILEY,2010.0,USA,ACHAT,PRÊT EXTERNE,ENSIA
1332,ANTELLIGENCE ARTIFICIELLE PROBLÉME ET MÉTHODES,UNKNOWN_AUTHOR,UNKNOWN_EDITOR,UNKNOWN_YEAR,UNKNOWN_LOCATION,ACHAT,PRÊT EXTERNE,ENSIA
1331,ANTELLIGENCE ARTIFICIELLE PROBLÉME ET MÉTHODES,UNKNOWN_AUTHOR,UNKNOWN_EDITOR,UNKNOWN_YEAR,UNKNOWN_LOCATION,ACHAT,PRÊT EXTERNE,ENSIA
64,ANTENNES FILAIRES ET ANTENNES A SURFACES RAYONNANTES,"ZERROUK, SIDI ALI MEBAREK",OPU,2017.0,ALGER,ACHAT,CONSULTATION SUR PLACE,ENSIA
906,APPRENDRE JAVA ET C++ EN PARALLÈLE,"BOICHAT, JEAN-BERNARD",EYROLLES,UNKNOWN_YEAR,PARIS,DON,PRÊT EXTERNE,ENSIA
901,APPRENDRE LE C++,"DELANNOY, CLAUDE",EYROLLES,2007.0,PARIS,DON,PRÊT EXTERNE,ENSIA
3926,"APPRENDRE À PROGRAMMER AVEC C ET PYTHON : COURS & EXERCICES CORRIGÉS : DUT ET LICENCE 1 INFORMATIQUE, BTS SERVICES INFORMATIQUES AUX ORGANISATIONS","FELEA, VIOLETA",UNKNOWN_EDITOR,2015.0,PARIS,ACHAT,CONSULTATION SUR PLACE,ENSIA
3927,"APPRENDRE À PROGRAMMER AVEC C ET PYTHON : COURS & EXERCICES CORRIGÉS : DUT ET LICENCE 1 INFORMATIQUE, BTS SERVICES INFORMATIQUES AUX ORGANISATIONS","FELEA, VIOLETA",UNKNOWN_EDITOR,2015.0,PARIS,ACHAT,PRÊT EXTERNE,ENSIA
789,APPRENDRE À PROGRAMMER AVEC PYTHON 3 : AVEC 60 PAGES D'EXERCICES CORRIGÉS !,"SWINNEN, GÉRARD",EYROLLES,2012.0,PARIS,PASSIF,PRÊT EXTERNE,ENSIA
1215,APPRENDRE À PROGRAMMER EN TURBO C,CLAUDE DELANNOY,EYROLLES,1992.0,FRANCE,ACHAT,PRÊT EXTERNE,ENSIA
722,APPRENEZ À PROGRAMMER EN JAVA : A PROGRAMMATION PROFESSIONNELLE À LA PORTÉE DE TOUS !,"HERBY, CYRILLE",EYROLLES,2000.0,PARIS,DON,PRÊT EXTERNE,ENSIA
772,APPRENEZ À PROGRAMMER EN JAVA : A PROGRAMMATION PROFESSIONNELLE À LA PORTÉE DE TOUS !,"HERBY, CYRILLE",EYROLLES,2000.0,PARIS,DON,PRÊT EXTERNE,ENSIA
742,APPROCHE DU TEMPS REEL INDUSTRIEL,"DE GEETER, JEAN-MARIE",ELLIPSES,1999.0,PARIS,DON,CONSULTATION SUR PLACE,ENSIA
743,APPROCHE DU TEMPS REEL INDUSTRIEL,"DE GEETER, JEAN-MARIE",ELLIPSES,1999.0,PARIS,DON,PRÊT EXTERNE,ENSIA
805,APPROCHE FONCTIONNELLE DE LA PROGRAMMATION,"COUSINEAU, GUY",EDISCIENCE INTERNATIONAL,1995.0,CACHAN (VAL-DE-MARNE),DON,PRÊT EXTERNE,ENSIA
806,APPROCHE FONCTIONNELLE DE LA PROGRAMMATION,"COUSINEAU, GUY",EDISCIENCE INTERNATIONAL,1995.0,CACHAN (VAL-DE-MARNE),PASSIF,PRÊT EXTERNE,ENSIA
807,APPROCHE FONCTIONNELLE DE LA PROGRAMMATION,"COUSINEAU, GUY",EDISCIENCE INTERNATIONAL,1995.0,CACHAN (VAL-DE-MARNE),DON,PRÊT EXTERNE,ENSIA
625,ARBRES POUR L’ALGORITHMIQUE,BRIGITTE CHAUVIN,SPRINGER,2018.0,FRANCE,ACHAT,PRÊT EXTERNE,ENSIA
626,ARBRES POUR L’ALGORITHMIQUE,BRIGITTE CHAUVIN,SPRINGER,2018.0,FRANCE,ACHAT,PRÊT EXTERNE,ENSIA
733,"ARCHITECTURE DES ORDINATEURS : MÉMOIRES À SEMI-CONDUCTEURS, PRINCIPE DE FONCTIONNEMENT ET ORGANISATION INTERNE DES MÉMOIRES VIVES","DARCHE, PHILIPPE",VUIBERT,2012.0,PARIS,DON,CONSULTATION SUR PLACE,ENSIA
767,ARCHITECTURE DES SYSTEME SUR PUCE : PROCESSEURS SYNTHETISABLES CAO VLSI NORME VCI ENVIRONNEMENT ISE ET QUARTUS,"ATTAOUI, AMMAR",ELLIPSES,2005.0,UNKNOWN_LOCATION,PASSIF,PRÊT EXTERNE,ENSIA
1328,ARCHITECTURE ET TECHNOLOGIE DES ORDINATEURS,"ZANELLA, PAOLO",UNKNOWN_EDITOR,1998.0,PARIS,DON,PRÊT EXTERNE,ENSIA
1329,ARCHITECTURE ET TECHNOLOGIE DES ORDINATEURS,"ZANELLA, PAOLO",UNKNOWN_EDITOR,1998.0,PARIS,DON,PRÊT EXTERNE,ENSIA
1717,ARCHITECTURE ET TECHNOLOGIE DES ORDINATEURS,"ZANELLA, PAOLO",UNKNOWN_EDITOR,1998.0,PARIS,DON,PRÊT EXTERNE,ENSIA
755,"ARCHITECTURE LOGICIELLE : CONCEVOIR DES APPLICATIONS SIMPLES, SÛRES ET ADAPTABLES","PRINTZ, JACQUES",DUNOD,2009.0,PARIS,PASSIF,PRÊT EXTERNE,ENSIA
747,"ARCHITECTURE LOGICIELLE : POUR UNE APPROCHE ORGANISATIONNELLE, FONCTIONNELLE ET TECHNIQUE","BAILET, THOMAS",ENI,2012.0,SAINT-HERBLAIN,DON,CONSULTATION SUR PLACE,ENSIA
1196,"ARCHITECTURES LOGICIELLES ET MATÉRIELLES : COURS, ÉTUDES DE CAS ET EXERCICES CORRIGÉS",AMBLARD PAUL,UNKNOWN_EDITOR,2000.0,PARIS,DON,PRÊT EXTERNE,ENSIA
1195,"ARCHITECTURES LOGICIELLES ET MATÉRIELLES : COURS, ÉTUDES DE CAS ET EXERCICES CORRIGÉS",AMBLARD PAUL,UNKNOWN_EDITOR,2000.0,PARIS,DON,PRÊT EXTERNE,ENSIA
3913,ARDUINO : MAÎTRISEZ SA PROGRAMMATION ET SES CARTES D'INTERFACE (SHIELDS),"TAVERNIER, CHRISTIAN",DUNOD,2014.0,PARIS,ACHAT,PRÊT EXTERNE,ENSIA
3914,ARDUINO : MAÎTRISEZ SA PROGRAMMATION ET SES CARTES D'INTERFACE (SHIELDS),"TAVERNIER, CHRISTIAN",DUNOD,2014.0,PARIS,ACHAT,PRÊT EXTERNE,ENSIA
3915,ARDUINO : MAÎTRISEZ SA PROGRAMMATION ET SES CARTES D'INTERFACE (SHIELDS),"TAVERNIER, CHRISTIAN",DUNOD,2014.0,PARIS,ACHAT,PRÊT EXTERNE,ENSIA
746,ARDUINO : MAÎTRISEZ SA PROGRAMMATION ET SES CARTES D'INTERFACE (SHIELDS),"TAVERNIER, CHRISTIAN",DUNOD,2014.0,PARIS,DON,CONSULTATION SUR PLACE,ENSIA
3824,ARTIFICIAL INTELLIGENCE (AI) : RECENT TRENDS AND APPLICATIONS,"SUGUNA,S.KANIMOZHI",UNKNOWN_EDITOR,2021.0,UNKNOWN_LOCATION,ACHAT,PRÊT EXTERNE,ENSIA
3825,ARTIFICIAL INTELLIGENCE (AI) : RECENT TRENDS AND APPLICATIONS,"SUGUNA,S.KANIMOZHI",UNKNOWN_EDITOR,2021.0,UNKNOWN_LOCATION,ACHAT,PRÊT EXTERNE,ENSIA
3872,ARTIFICIAL INTELLIGENCE - STRUCTURES AND STRATEGIES FOR COMPLEX PROBLEM SOLVING,"LUGER, GEORGE F.",UNKNOWN_EDITOR,2009.0,UNKNOWN_LOCATION,ACHAT,PRÊT EXTERNE,ENSIA
3822,ARTIFICIAL INTELLIGENCE : WITH AN INTRODUCTION TO MACHINE LEARNING,"NEAPOLITAN, RICHARD E.",UNKNOWN_EDITOR,2018.0,UNKNOWN_LOCATION,ACHAT,CONSULTATION SUR PLACE,ENSIA
3823,ARTIFICIAL INTELLIGENCE : WITH AN INTRODUCTION TO MACHINE LEARNING,"NEAPOLITAN, RICHARD E.",UNKNOWN_EDITOR,2018.0,UNKNOWN_LOCATION,ACHAT,PRÊT EXTERNE,ENSIA
3881,"ARTIFICIAL INTELLIGENCE A MODERN APPROACH : THE APPLICATION IN HEALTHCARE, INDUSTRY AND MORE. THE FASCINATING TOPIC OF MACHINE LEARNING AND PREDICTION MACHINES. THE COMPLEXITY EXPLAINED FOR BEGINNERS","BAKER, CHRIS",UNKNOWN_EDITOR,UNKNOWN_YEAR,PARIS,ACHAT,PRÊT EXTERNE,ENSIA
3827,ARTIFICIAL INTELLIGENCE AND CYBERSECURITY : ADVANCES AND INNOVATIONS (GREEN ENGINEERING AND TECHNOLOGY),"PRIYADARSHINI,ISHAANI",UNKNOWN_EDITOR,UNKNOWN_YEAR,UNKNOWN_LOCATION,ACHAT,PRÊT EXTERNE,ENSIA
3826,ARTIFICIAL INTELLIGENCE AND CYBERSECURITY : ADVANCES AND INNOVATIONS (GREEN ENGINEERING AND TECHNOLOGY),"PRIYADARSHINI,ISHAANI",UNKNOWN_EDITOR,UNKNOWN_YEAR,UNKNOWN_LOCATION,ACHAT,PRÊT EXTERNE,ENSIA
3828,ARTIFICIAL INTELLIGENCE AND DATA MINING FOR MERGERS AND ACQUISITIONS,"CHANDA, DEBASIS",UNKNOWN_EDITOR,2021.0,UNKNOWN_LOCATION,ACHAT,PRÊT EXTERNE,ENSIA
3829,ARTIFICIAL INTELLIGENCE AND DATA MINING FOR MERGERS AND ACQUISITIONS,"CHANDA, DEBASIS",UNKNOWN_EDITOR,2021.0,UNKNOWN_LOCATION,ACHAT,PRÊT EXTERNE,ENSIA
3831,ARTIFICIAL INTELLIGENCE AND MACHINE LEARNING IN 2D-3D MEDICAL IMAGE PROCESSING,"RAJA, ROHIT",UNKNOWN_EDITOR,2021.0,UNKNOWN_LOCATION,ACHAT,PRÊT EXTERNE,ENSIA
3830,ARTIFICIAL INTELLIGENCE AND MACHINE LEARNING IN 2D-3D MEDICAL IMAGE PROCESSING,"RAJA, ROHIT",UNKNOWN_EDITOR,2021.0,UNKNOWN_LOCATION,ACHAT,PRÊT EXTERNE,ENSIA
3832,ARTIFICIAL INTELLIGENCE FOR BUSINESS OPTIMIZATION : RESEARCH AND APPLICATIONS,"UNHELKAR, BHUVAN",UNKNOWN_EDITOR,2021.0,UNKNOWN_LOCATION,ACHAT,PRÊT EXTERNE,ENSIA
3833,ARTIFICIAL INTELLIGENCE FOR BUSINESS OPTIMIZATION : RESEARCH AND APPLICATIONS,"UNHELKAR, BHUVAN",UNKNOWN_EDITOR,2021.0,UNKNOWN_LOCATION,ACHAT,PRÊT EXTERNE,ENSIA
3834,ARTIFICIAL INTELLIGENCE FOR THE INTERNET OF HEALTH THINGS,"SHANKAR, K.",UNKNOWN_EDITOR,2021.0,UNKNOWN_LOCATION,ACHAT,PRÊT EXTERNE,ENSIA
3835,ARTIFICIAL INTELLIGENCE FOR THE INTERNET OF HEALTH THINGS,"SHANKAR, K.",UNKNOWN_EDITOR,2021.0,UNKNOWN_LOCATION,ACHAT,PRÊT EXTERNE,ENSIA
3836,ARTIFICIAL INTELLIGENCE HARDWARE DESIGN: CHALLENGES AND SOLUTIONS,"CHEN LIU, ALBERT CHUN",UNKNOWN_EDITOR,2021.0,UNKNOWN_LOCATION,ACHAT,PRÊT EXTERNE,ENSIA
3838,ARTIFICIAL INTELLIGENCE HARDWARE DESIGN: CHALLENGES AND SOLUTIONS,"CHEN LIU, ALBERT CHUN",UNKNOWN_EDITOR,2021.0,UNKNOWN_LOCATION,ACHAT,PRÊT EXTERNE,ENSIA
3837,ARTIFICIAL INTELLIGENCE HARDWARE DESIGN: CHALLENGES AND SOLUTIONS,"CHEN LIU, ALBERT CHUN",UNKNOWN_EDITOR,2021.0,UNKNOWN_LOCATION,ACHAT,PRÊT EXTERNE,ENSIA
801,ASP.NET ET LES BASES DE DONNÉES,"BUTLER, JASON",OEM,2002.0,PARIS,PASSIF,PRÊT EXTERNE,ENSIA
607,ASSESSING CHANGE IN ENGLISH SECOND LANGUAGE WRITING PERFORMANCE,BARKAOUI KHALED,ROUTLEDGE,2020.0,USA,ACHAT,CONSULTATION SUR PLACE,ENSIA
606,ASSESSING CHANGE IN ENGLISH SECOND LANGUAGE WRITING PERFORMANCE,BARKAOUI KHALED,ROUTLEDGE,2020.0,USA,ACHAT,CONSULTATION SUR PLACE,ENSIA
164,ASSURANCE -QUALITE DANS L'ENSEIGNEMENT SUPERIEUR CONDUIRE ET REUSSIR L'AUTOEVALUATION,BADDARI KAMEL,OPU,2013.0,ALGER,ACHAT,CONSULTATION SUR PLACE,ENSIA
2943,AU CARREFOUR DES EXAMENS DE TOPOLOGIE : PROBLEMES ET EXERCICES RESOLUS,HAZI MOHAMMED,OPU,2018.0,ALGER,ACHAT,PRÊT EXTERNE,ENSIA
3517,AU CARREFOUR DES EXAMENS DE TOPOLOGIE : PROBLEMES ET EXERCICES RESOLUS,HAZI MOHAMMED,OPU,2018.0,ALGER,ACHAT,PRÊT EXTERNE,ENSIA
3508,AU CARREFOUR DES EXAMENS DE TOPOLOGIE : PROBLEMES ET EXERCICES RESOLUS,HAZI MOHAMMED,OPU,2018.0,ALGER,ACHAT,PRÊT EXTERNE,ENSIA
1647,AU CARREFOUR DES EXAMENS DE TOPOLOGIE : PROBLEMES ET EXERCICES RESOLUS,HAZI MOHAMMED,OPU,2018.0,ALGER,ACHAT,PRÊT EXTERNE,ENSIA
1648,AU CARREFOUR DES EXAMENS DE TOPOLOGIE : PROBLEMES ET EXERCICES RESOLUS,HAZI MOHAMMED,OPU,2018.0,ALGER,ACHAT,PRÊT EXTERNE,ENSIA
1649,AU CARREFOUR DES EXAMENS DE TOPOLOGIE : PROBLEMES ET EXERCICES RESOLUS,HAZI MOHAMMED,OPU,2018.0,ALGER,ACHAT,PRÊT EXTERNE,ENSIA
1650,AU CARREFOUR DES EXAMENS DE TOPOLOGIE : PROBLEMES ET EXERCICES RESOLUS,HAZI MOHAMMED,OPU,2018.0,ALGER,ACHAT,PRÊT EXTERNE,ENSIA
1651,AU CARREFOUR DES EXAMENS DE TOPOLOGIE : PROBLEMES ET EXERCICES RESOLUS,HAZI MOHAMMED,OPU,2018.0,ALGER,ACHAT,PRÊT EXTERNE,ENSIA
1652,AU CARREFOUR DES EXAMENS DE TOPOLOGIE : PROBLEMES ET EXERCICES RESOLUS,HAZI MOHAMMED,OPU,2018.0,ALGER,ACHAT,PRÊT EXTERNE,ENSIA
1653,AU CARREFOUR DES EXAMENS DE TOPOLOGIE : PROBLEMES ET EXERCICES RESOLUS,HAZI MOHAMMED,OPU,2018.0,ALGER,ACHAT,PRÊT EXTERNE,ENSIA
1654,AU CARREFOUR DES EXAMENS DE TOPOLOGIE : PROBLEMES ET EXERCICES RESOLUS,HAZI MOHAMMED,OPU,2018.0,ALGER,ACHAT,PRÊT EXTERNE,ENSIA
1655,AU CARREFOUR DES EXAMENS DE TOPOLOGIE : PROBLEMES ET EXERCICES RESOLUS,HAZI MOHAMMED,OPU,2018.0,ALGER,ACHAT,PRÊT EXTERNE,ENSIA
3509,AU CARREFOUR DES EXAMENS DE TOPOLOGIE : PROBLEMES ET EXERCICES RESOLUS,HAZI MOHAMMED,OPU,2018.0,ALGER,ACHAT,PRÊT EXTERNE,ENSIA
3510,AU CARREFOUR DES EXAMENS DE TOPOLOGIE : PROBLEMES ET EXERCICES RESOLUS,HAZI MOHAMMED,OPU,2018.0,ALGER,ACHAT,PRÊT EXTERNE,ENSIA
2942,AU CARREFOUR DES EXAMENS DE TOPOLOGIE : PROBLEMES ET EXERCICES RESOLUS,HAZI MOHAMMED,OPU,2018.0,ALGER,ACHAT,PRÊT EXTERNE,ENSIA
3512,AU CARREFOUR DES EXAMENS DE TOPOLOGIE : PROBLEMES ET EXERCICES RESOLUS,HAZI MOHAMMED,OPU,2018.0,ALGER,ACHAT,PRÊT EXTERNE,ENSIA
3511,AU CARREFOUR DES EXAMENS DE TOPOLOGIE : PROBLEMES ET EXERCICES RESOLUS,HAZI MOHAMMED,OPU,2018.0,ALGER,ACHAT,PRÊT EXTERNE,ENSIA
3514,AU CARREFOUR DES EXAMENS DE TOPOLOGIE : PROBLEMES ET EXERCICES RESOLUS,HAZI MOHAMMED,OPU,2018.0,ALGER,ACHAT,PRÊT EXTERNE,ENSIA
2941,AU CARREFOUR DES EXAMENS DE TOPOLOGIE : PROBLEMES ET EXERCICES RESOLUS,HAZI MOHAMMED,OPU,2018.0,ALGER,ACHAT,PRÊT EXTERNE,ENSIA
2940,AU CARREFOUR DES EXAMENS DE TOPOLOGIE : PROBLEMES ET EXERCICES RESOLUS,HAZI MOHAMMED,OPU,2018.0,ALGER,ACHAT,PRÊT EXTERNE,ENSIA
2944,AU CARREFOUR DES EXAMENS DE TOPOLOGIE : PROBLEMES ET EXERCICES RESOLUS,HAZI MOHAMMED,OPU,2018.0,ALGER,ACHAT,PRÊT EXTERNE,ENSIA
2945,AU CARREFOUR DES EXAMENS DE TOPOLOGIE : PROBLEMES ET EXERCICES RESOLUS,HAZI MOHAMMED,OPU,2018.0,ALGER,ACHAT,PRÊT EXTERNE,ENSIA
2946,AU CARREFOUR DES EXAMENS DE TOPOLOGIE : PROBLEMES ET EXERCICES RESOLUS,HAZI MOHAMMED,OPU,2018.0,ALGER,ACHAT,PRÊT EXTERNE,ENSIA
2947,AU CARREFOUR DES EXAMENS DE TOPOLOGIE : PROBLEMES ET EXERCICES RESOLUS,HAZI MOHAMMED,OPU,2018.0,ALGER,ACHAT,PRÊT EXTERNE,ENSIA
3513,AU CARREFOUR DES EXAMENS DE TOPOLOGIE : PROBLEMES ET EXERCICES RESOLUS,HAZI MOHAMMED,OPU,2018.0,ALGER,ACHAT,PRÊT EXTERNE,ENSIA
2948,AU CARREFOUR DES EXAMENS DE TOPOLOGIE : PROBLEMES ET EXERCICES RESOLUS,HAZI MOHAMMED,OPU,2018.0,ALGER,ACHAT,PRÊT EXTERNE,ENSIA
3516,AU CARREFOUR DES EXAMENS DE TOPOLOGIE : PROBLEMES ET EXERCICES RESOLUS,HAZI MOHAMMED,OPU,2018.0,ALGER,ACHAT,PRÊT EXTERNE,ENSIA
1646,AU CARREFOUR DES EXAMENS DE TOPOLOGIE : PROBLEMES ET EXERCICES RESOLUS,HAZI MOHAMMED,OPU,2018.0,ALGER,ACHAT,CONSULTATION SUR PLACE,ENSIA
3515,AU CARREFOUR DES EXAMENS DE TOPOLOGIE : PROBLEMES ET EXERCICES RESOLUS,HAZI MOHAMMED,OPU,2018.0,ALGER,ACHAT,PRÊT EXTERNE,ENSIA
2949,AU CARREFOUR DES EXAMENS DE TOPOLOGIE : PROBLEMES ET EXERCICES RESOLUS,HAZI MOHAMMED,OPU,2018.0,ALGER,ACHAT,PRÊT EXTERNE,ENSIA
931,BAGAGE DE PHYSIQUE ÉLÉMENTAIRE,"HERZOG-TORKI, O.M",CENTRE DE PUBLICATION UNIVERSITAIRE,2000.0,TUNIS,DON,CONSULTATION SUR PLACE,ENSIA
1741,BAGAGE DE PHYSIQUE ÉLÉMENTAIRE,"HERZOG-TORKI, O.M",CENTRE DE PUBLICATION UNIVERSITAIRE,2000.0,TUNIS,DON,PRÊT EXTERNE,ENSIA
1169,BASES DE DONNEES ET STATISTIQUE,"MORIN, ANNIE",UNKNOWN_EDITOR,2022.0,PARIS,ACHAT,PRÊT EXTERNE,ENSIA
1171,BASES DE DONNEES ET STATISTIQUE,"MORIN, ANNIE",UNKNOWN_EDITOR,2022.0,PARIS,ACHAT,PRÊT EXTERNE,ENSIA
1172,BASES DE DONNEES ET STATISTIQUE,"MORIN, ANNIE",UNKNOWN_EDITOR,2022.0,PARIS,ACHAT,PRÊT EXTERNE,ENSIA
1170,BASES DE DONNEES ET STATISTIQUE,"MORIN, ANNIE",UNKNOWN_EDITOR,2022.0,PARIS,ACHAT,PRÊT EXTERNE,ENSIA
1203,BASES DE DONNÉES,"GARDARIN, GEORGES",UNKNOWN_EDITOR,2003.0,PARIS,DON,PRÊT EXTERNE,ENSIA
3917,"BASES DE DONNÉES : CONCEPTS, UTILISATION ET DÉVELOPPEMENT","HAINAUT, JEAN-LUC",UNKNOWN_EDITOR,2022.0,UNKNOWN_LOCATION,ACHAT,PRÊT EXTERNE,ENSIA
3916,"BASES DE DONNÉES : CONCEPTS, UTILISATION ET DÉVELOPPEMENT","HAINAUT, JEAN-LUC",UNKNOWN_EDITOR,2022.0,UNKNOWN_LOCATION,ACHAT,CONSULTATION SUR PLACE,ENSIA
1134,"BEST OF MATHÉMATIQUES : LES 14 MEILLEURS SUJETS DE CENTRALE, CCP, E3A, E4A, ESIM : MP, PC, PSI","ROUGET, JEAN-LOUIS",UNKNOWN_EDITOR,2002.0,PARIS,ACHAT,PRÊT EXTERNE,ENSIA
792,BIBLIOTHÈQUES DE CLASSES JAVA 2,"SANKAR, KRISHNA",CAMPUS PRESS,1999.0,PARIS,PASSIF,PRÊT EXTERNE,ENSIA
3889,"BIG DATA : ALGORITHMS, ANALYTICS, AND APPLICATIONS","LI ,KUAN-CHING",UNKNOWN_EDITOR,2020.0,UNKNOWN_LOCATION,ACHAT,PRÊT EXTERNE,ENSIA
347,BIG DATA ANALYTICS STRATEGIES FOR THE SMART GRID,STIMMEL CAROL L,CRC PRESS,2015.0,USA,ACHAT,PRÊT EXTERNE,ENSIA
348,BIG DATA ANALYTICS STRATEGIES FOR THE SMART GRID,STIMMEL CAROL L,CRC PRESS,2015.0,USA,ACHAT,PRÊT EXTERNE,ENSIA
349,BIG DATA ANALYTICS WITH APPLICATIONS IN INSIDER THREAT DETECTION,PARVEEN PALLABI,CRC PRESS,2017.0,USA,ACHAT,PRÊT EXTERNE,ENSIA
3890,"BIG DATA FUNDAMENTALS : CONCEPTS, DRIVERS & TECHNIQUES","ERL, THOMAS",UNKNOWN_EDITOR,2016.0,UNKNOWN_LOCATION,ACHAT,PRÊT EXTERNE,ENSIA
476,"BIOLOGIE CELLULAIRE : EXERCICES ET MÉTHODES : LICENCE, PASS, CAPES","RIGO, PIERRE",DUNOD,2021.0,PARIS,ACHAT,CONSULTATION SUR PLACE,ENSIA
477,"BIOLOGIE CELLULAIRE : EXERCICES ET MÉTHODES : LICENCE, PASS, CAPES","RIGO, PIERRE",DUNOD,2021.0,PARIS,ACHAT,PRÊT EXTERNE,ENSIA
478,"BIOLOGIE CELLULAIRE : EXERCICES ET MÉTHODES : LICENCE, PASS, CAPES","RIGO, PIERRE",DUNOD,2021.0,PARIS,ACHAT,PRÊT EXTERNE,ENSIA
481,BIOLOGIE DU SOL ET AGRICULTURE DURABLE : UNE APPROCHE ORGANIQUE ET AGROÉCOLOGIQU,CHRISTIAN DE CARNÉ-CARNAVALET,DUNOD,2021.0,PARIS,ACHAT,PRÊT EXTERNE,ENSIA
480,BIOLOGIE DU SOL ET AGRICULTURE DURABLE : UNE APPROCHE ORGANIQUE ET AGROÉCOLOGIQU,CHRISTIAN DE CARNÉ-CARNAVALET,DUNOD,2021.0,PARIS,ACHAT,PRÊT EXTERNE,ENSIA
479,BIOLOGIE DU SOL ET AGRICULTURE DURABLE : UNE APPROCHE ORGANIQUE ET AGROÉCOLOGIQU,CHRISTIAN DE CARNÉ-CARNAVALET,DUNOD,2021.0,PARIS,ACHAT,CONSULTATION SUR PLACE,ENSIA
488,BIOLOGIE VÉGÉTALE : CROISSANCE ET DÉVELOPPEMENT,"MOROT-GAUDRY, JEAN-FRANÇOIS",DUNOD,2021.0,PARIS,ACHAT,PRÊT EXTERNE,ENSIA
487,BIOLOGIE VÉGÉTALE : CROISSANCE ET DÉVELOPPEMENT,"MOROT-GAUDRY, JEAN-FRANÇOIS",DUNOD,2021.0,PARIS,ACHAT,PRÊT EXTERNE,ENSIA
485,BIOLOGIE VÉGÉTALE : CROISSANCE ET DÉVELOPPEMENT,"MOROT-GAUDRY, JEAN-FRANÇOIS",DUNOD,2021.0,PARIS,ACHAT,CONSULTATION SUR PLACE,ENSIA
486,BIOLOGIE VÉGÉTALE : CROISSANCE ET DÉVELOPPEMENT,"MOROT-GAUDRY, JEAN-FRANÇOIS",DUNOD,2021.0,PARIS,ACHAT,PRÊT EXTERNE,ENSIA
717,"BIT APRÈS BIT : NUMÉRATION, ARITHMÉTIQUE BINAIRE, LOGIQUE COMBINATOIRE","MERCIER, JEAN-JACQUES",ELLIPSES,2005.0,PARIS,DON,PRÊT EXTERNE,ENSIA
3804,BUSINESS TEACHING BEYOND SILOS : INTERDISCIPLINARY AND MULTIDISCIPLINARY LEARNING,"TRACZYKOWSKI ,LAUREN",UNKNOWN_EDITOR,2023.0,UNKNOWN_LOCATION,ACHAT,PRÊT EXTERNE,ENSIA
3803,BUSINESS TEACHING BEYOND SILOS : INTERDISCIPLINARY AND MULTIDISCIPLINARY LEARNING,"TRACZYKOWSKI ,LAUREN",UNKNOWN_EDITOR,2023.0,UNKNOWN_LOCATION,ACHAT,PRÊT EXTERNE,ENSIA
3805,BUSINESS TEACHING BEYOND SILOS : INTERDISCIPLINARY AND MULTIDISCIPLINARY LEARNING,"TRACZYKOWSKI ,LAUREN",UNKNOWN_EDITOR,2023.0,UNKNOWN_LOCATION,ACHAT,PRÊT EXTERNE,ENSIA
3796,BUSINESS VOCABULARY IN USE ADVANCED BOOK WITH ANSWERS SELF-STUDY AND CLASSROOM USE,"MASCULL,BILL",UNKNOWN_EDITOR,2004.0,UNKNOWN_LOCATION,ACHAT,PRÊT EXTERNE,ENSIA
3795,BUSINESS VOCABULARY IN USE ADVANCED BOOK WITH ANSWERS SELF-STUDY AND CLASSROOM USE,"MASCULL,BILL",UNKNOWN_EDITOR,2004.0,UNKNOWN_LOCATION,ACHAT,PRÊT EXTERNE,ENSIA
3794,BUSINESS VOCABULARY IN USE ADVANCED BOOK WITH ANSWERS SELF-STUDY AND CLASSROOM USE,"MASCULL,BILL",UNKNOWN_EDITOR,2004.0,UNKNOWN_LOCATION,ACHAT,PRÊT EXTERNE,ENSIA
778,C BY EXAMPLE,"KALICHARAN, NOEL",CAMBRIDGE UNIVERSITY PRESS,1994.0,CAMBRIDGE ; NEW YORK,DON,PRÊT EXTERNE,ENSIA
905,C++,"HUBBARD, JOHN RAST",EDISCIENCE INTERNATIONAL,2002.0,PARIS,DON,PRÊT EXTERNE,ENSIA
1242,C-C++ LA BIBLE DU PROGRAMMEUR : 1500 ASTUCES POUR TOUTES LES SITUATIONS,"JAMSA, KRIS",EYROLLES,1999.0,PARIS,DON,PRÊT EXTERNE,ENSIA
1761,C-C++ LA BIBLE DU PROGRAMMEUR : 1500 ASTUCES POUR TOUTES LES SITUATIONS,"JAMSA, KRIS",EYROLLES,1999.0,PARIS,PASSIF,PRÊT EXTERNE,ENSIA
1241,C-C++ LA BIBLE DU PROGRAMMEUR : 1500 ASTUCES POUR TOUTES LES SITUATIONS,"JAMSA, KRIS",EYROLLES,1999.0,PARIS,DON,PRÊT EXTERNE,ENSIA
1240,C-C++ LA BIBLE DU PROGRAMMEUR : 1500 ASTUCES POUR TOUTES LES SITUATIONS,"JAMSA, KRIS",EYROLLES,1999.0,PARIS,DON,PRÊT EXTERNE,ENSIA
111442,"CALCUL DES PROBABILITÉS : COURS, EXERCICES ET PROBLÈMES CORRIGÉS","FOATA, DOMINIQUE",DUNOD,2012.0,PARIS,PASSIF,PRÊT EXTERNE,TRANSFÉRÉ L'ENSIA
851,"CALCUL DES PROBABILITÉS : COURS, EXERCICES ET PROBLÈMES CORRIGÉS","FOATA, DOMINIQUE",DUNOD,2012.0,PARIS,PASSIF,PRÊT EXTERNE,TRANSFÉRÉ L'ENSIA
1167,CALCUL DES PROBABILITÉS : EXERCICES,KRIEF.A,UNKNOWN_EDITOR,1972.0,PARIS,ACHAT,PRÊT EXTERNE,ENSIA
5,CALCUL DIFFERENTIEL ET INTEGRAL TOME 01,"PISKOUNOV,N",OPU,2006.0,ALGERIE,ACHAT,PRÊT EXTERNE,ENSIA
3,CALCUL DIFFERENTIEL ET INTEGRAL TOME 01,"PISKOUNOV,N",OPU,2006.0,ALGERIE,ACHAT,PRÊT EXTERNE,ENSIA
2,CALCUL DIFFERENTIEL ET INTEGRAL TOME 01,"PISKOUNOV,N",OPU,2006.0,ALGERIE,ACHAT,PRÊT EXTERNE,ENSIA
6,CALCUL DIFFERENTIEL ET INTEGRAL TOME 01,"PISKOUNOV,N",OPU,2006.0,ALGERIE,ACHAT,PRÊT EXTERNE,ENSIA
1,CALCUL DIFFERENTIEL ET INTEGRAL TOME 01,"PISKOUNOV,N",OPU,2006.0,ALGERIE,ACHAT,PRÊT EXTERNE,ENSIA
4,CALCUL DIFFERENTIEL ET INTEGRAL TOME 01,"PISKOUNOV,N",OPU,2006.0,ALGERIE,ACHAT,PRÊT EXTERNE,ENSIA
10,CALCUL DIFFERENTIEL ET INTEGRAL TOME 2,"PISKOUNOV,N",OPU,2016.0,ALGERIE,ACHAT,PRÊT EXTERNE,ENSIA
8,CALCUL DIFFERENTIEL ET INTEGRAL TOME 2,"PISKOUNOV,N",OPU,2016.0,ALGERIE,ACHAT,PRÊT EXTERNE,ENSIA
9,CALCUL DIFFERENTIEL ET INTEGRAL TOME 2,"PISKOUNOV,N",OPU,2016.0,ALGERIE,ACHAT,PRÊT EXTERNE,ENSIA
7,CALCUL DIFFERENTIEL ET INTEGRAL TOME 2,"PISKOUNOV,N",OPU,2016.0,ALGERIE,ACHAT,PRÊT EXTERNE,ENSIA
177,CALCUL DIFFÉRENTIEL DES FONCTIONS DE PLUSIEURS VARIABLES,ZIZI KHELIFA,OPU,2016.0,ALGER,ACHAT,PRÊT EXTERNE,ENSIA
178,CALCUL DIFFÉRENTIEL DES FONCTIONS DE PLUSIEURS VARIABLES,ZIZI KHELIFA,OPU,2016.0,ALGER,ACHAT,PRÊT EXTERNE,ENSIA
173,CALCUL DIFFÉRENTIEL DES FONCTIONS DE PLUSIEURS VARIABLES,ZIZI KHELIFA,OPU,2016.0,ALGER,ACHAT,PRÊT EXTERNE,ENSIA
175,CALCUL DIFFÉRENTIEL DES FONCTIONS DE PLUSIEURS VARIABLES,ZIZI KHELIFA,OPU,2016.0,ALGER,ACHAT,PRÊT EXTERNE,ENSIA
174,CALCUL DIFFÉRENTIEL DES FONCTIONS DE PLUSIEURS VARIABLES,ZIZI KHELIFA,OPU,2016.0,ALGER,ACHAT,PRÊT EXTERNE,ENSIA
172,CALCUL DIFFÉRENTIEL DES FONCTIONS DE PLUSIEURS VARIABLES,ZIZI KHELIFA,OPU,2016.0,ALGER,ACHAT,PRÊT EXTERNE,ENSIA
176,CALCUL DIFFÉRENTIEL DES FONCTIONS DE PLUSIEURS VARIABLES,ZIZI KHELIFA,OPU,2016.0,ALGER,ACHAT,PRÊT EXTERNE,ENSIA
171,CALCUL DIFFÉRENTIEL DES FONCTIONS DE PLUSIEURS VARIABLES,ZIZI KHELIFA,OPU,2016.0,ALGER,ACHAT,PRÊT EXTERNE,ENSIA
888,"CALCUL DIFFÉRENTIEL ET INTÉGRAL : COURS ET PROBLÈMES, 1103 PROBLÈMES RÉSOLUS","AYRES, FRANCK",MCGRAW-HILL,1993.0,PARIS,ACHAT,PRÊT EXTERNE,ENSIA
184,CALCUL INTÉGRAL DES FONCTIONS DE PLUSIEURS VARIABLES : LIVRE13,ZIZI KHELIFA,OPU,2014.0,ALGER,ACHAT,PRÊT EXTERNE,ENSIA
185,CALCUL INTÉGRAL DES FONCTIONS DE PLUSIEURS VARIABLES : LIVRE13,ZIZI KHELIFA,OPU,2014.0,ALGER,ACHAT,PRÊT EXTERNE,ENSIA
183,CALCUL INTÉGRAL DES FONCTIONS DE PLUSIEURS VARIABLES : LIVRE13,ZIZI KHELIFA,OPU,2014.0,ALGER,ACHAT,CONSULTATION SUR PLACE,ENSIA
186,CALCUL INTÉGRAL DES FONCTIONS DE PLUSIEURS VARIABLES : LIVRE13,ZIZI KHELIFA,OPU,2014.0,ALGER,ACHAT,PRÊT EXTERNE,ENSIA
189,CALCUL INTÉGRAL DES FONCTIONS DE PLUSIEURS VARIABLES LIVRES 13,ZIZI KHELIFA,OPU,2014.0,ALGER,ACHAT,PRÊT EXTERNE,ENSIA
187,CALCUL INTÉGRAL DES FONCTIONS DE PLUSIEURS VARIABLES LIVRES 13,ZIZI KHELIFA,OPU,2014.0,ALGER,ACHAT,CONSULTATION SUR PLACE,ENSIA
188,CALCUL INTÉGRAL DES FONCTIONS DE PLUSIEURS VARIABLES LIVRES 13,ZIZI KHELIFA,OPU,2014.0,ALGER,ACHAT,PRÊT EXTERNE,ENSIA
190,CALCUL INTÉGRAL DES FONCTIONS DE PLUSIEURS VARIABLES LIVRES 13,ZIZI KHELIFA,OPU,2014.0,ALGER,ACHAT,PRÊT EXTERNE,ENSIA
329,CALCUL NUMÉRIQUE PARTIE,AZEDDINE SOUDANI,OPU,2015.0,ALGER,ACHAT,CONSULTATION SUR PLACE,ENSIA
330,CALCUL NUMÉRIQUE PARTIE,AZEDDINE SOUDANI,OPU,2015.0,ALGER,ACHAT,PRÊT EXTERNE,ENSIA
889,"CALCULUS : FOR BUSINESS, ECONOMICS, AND THE SOCIAL AND LIFE SCIENCES","HOFFMANN, LAURENCE D.",MCGRAW-HILL,1999.0,BOSTON,PASSIF,PRÊT EXTERNE,ENSIA
3862,CAMBRIDGE ENGLISH SKILLS REAL LISTENING AND SPEAKING 1,UNKNOWN_AUTHOR,UNKNOWN_EDITOR,UNKNOWN_YEAR,UNKNOWN_LOCATION,ACHAT,PRÊT EXTERNE,ENSIA
3863,CAMBRIDGE ENGLISH SKILLS REAL LISTENING AND SPEAKING 2,UNKNOWN_AUTHOR,UNKNOWN_EDITOR,UNKNOWN_YEAR,UNKNOWN_LOCATION,ACHAT,PRÊT EXTERNE,ENSIA
3864,CAMBRIDGE ENGLISH SKILLS REAL LISTENING AND SPEAKING 3,UNKNOWN_AUTHOR,UNKNOWN_EDITOR,UNKNOWN_YEAR,UNKNOWN_LOCATION,ACHAT,PRÊT EXTERNE,ENSIA
3865,CAMBRIDGE ENGLISH SKILLS REAL LISTENING AND SPEAKING 4,UNKNOWN_AUTHOR,UNKNOWN_EDITOR,UNKNOWN_YEAR,UNKNOWN_LOCATION,ACHAT,PRÊT EXTERNE,ENSIA
887,"CHAINES DE MARKOV : COURS, EXERCICES ET CORRIGÉS DÉTAILLÉS","GRAHAM, CARL",DUNOD,2008.0,PARIS,PASSIF,PRÊT EXTERNE,ENSIA
436,CHIMIE GÉNÉRALE : CHIMIE DES SOLUTIONS,"BARDEZ, ÉISABETH",DUNOD,2021.0,PARIS,ACHAT,PRÊT EXTERNE,ENSIA
435,CHIMIE GÉNÉRALE : CHIMIE DES SOLUTIONS,"BARDEZ, ÉISABETH",DUNOD,2021.0,PARIS,ACHAT,PRÊT EXTERNE,ENSIA
434,CHIMIE GÉNÉRALE : CHIMIE DES SOLUTIONS,"BARDEZ, ÉISABETH",DUNOD,2021.0,PARIS,ACHAT,CONSULTATION SUR PLACE,ENSIA
444,"CHIMIE GÉNÉRALE, CHIMIE DES SOLUTIONS : EXERCICES ET MÉTHODES : LICENCE, SANTÉ, CAPES","BAEYENS-VOLANT, DANIELLE",DUNOD,2021.0,PARIS,ACHAT,PRÊT EXTERNE,ENSIA
443,"CHIMIE GÉNÉRALE, CHIMIE DES SOLUTIONS : EXERCICES ET MÉTHODES : LICENCE, SANTÉ, CAPES","BAEYENS-VOLANT, DANIELLE",DUNOD,2021.0,PARIS,ACHAT,CONSULTATION SUR PLACE,ENSIA
445,"CHIMIE GÉNÉRALE, CHIMIE DES SOLUTIONS : EXERCICES ET MÉTHODES : LICENCE, SANTÉ, CAPES","BAEYENS-VOLANT, DANIELLE",DUNOD,2021.0,PARIS,ACHAT,PRÊT EXTERNE,ENSIA
442,CHIMIE ORGANIQUE : LES COURS DE PAUL ARNAUD,"ARNAUD, PAUL",UNKNOWN_EDITOR,UNKNOWN_YEAR,UNKNOWN_LOCATION,ACHAT,PRÊT EXTERNE,ENSIA
441,CHIMIE ORGANIQUE : LES COURS DE PAUL ARNAUD,"ARNAUD, PAUL",UNKNOWN_EDITOR,UNKNOWN_YEAR,UNKNOWN_LOCATION,ACHAT,PRÊT EXTERNE,ENSIA
440,CHIMIE ORGANIQUE : LES COURS DE PAUL ARNAUD,"ARNAUD, PAUL",UNKNOWN_EDITOR,UNKNOWN_YEAR,UNKNOWN_LOCATION,ACHAT,CONSULTATION SUR PLACE,ENSIA
612,CHOMSKY FOR ACTIVISTS,"CHOMSKY, NOAM",ROUTLEDGE,2017.0,USA,ACHAT,PRÊT EXTERNE,ENSIA
611,CHOMSKY FOR ACTIVISTS,"CHOMSKY, NOAM",ROUTLEDGE,2017.0,USA,ACHAT,PRÊT EXTERNE,ENSIA
610,CHOMSKY FOR ACTIVISTS,"CHOMSKY, NOAM",ROUTLEDGE,2017.0,USA,ACHAT,PRÊT EXTERNE,ENSIA
3949,CLASSIFICATION DÉCIMALE DEWEY,UNKNOWN_AUTHOR,UNKNOWN_EDITOR,UNKNOWN_YEAR,UNKNOWN_LOCATION,ACHAT,PRÊT EXTERNE,ENSIA
768,CLIENT-SERVEUR : GUIDE DE SURVIE,"ORFALI, ROBERT",VUIBERT,1999.0,PARIS,DON,CONSULTATION SUR PLACE,ENSIA
799,COMMANDE AUTOMATIQUE DE SYSTEMES LINEAIRES CONTINUS : COURS AVEC APPLICATIONS UTILISANT MATLAB,"MINZU, VIOREL",ELLIPSES,2001.0,PARIS,PASSIF,PRÊT EXTERNE,ENSIA
800,COMMANDE AUTOMATIQUE DE SYSTEMES LINEAIRES CONTINUS : COURS AVEC APPLICATIONS UTILISANT MATLAB,"MINZU, VIOREL",ELLIPSES,2001.0,PARIS,PASSIF,PRÊT EXTERNE,ENSIA
41,COMMANDE MODE ET ADAPTATIVE TOME 2,ZELMAT MIMOUN,OPU,2017.0,ALGER,ACHAT,CONSULTATION SUR PLACE,ENSIA
908,COMMENT PROGRAMMER EN C++,"DEITEL, HARVEY M.",R. GOULET,2004.0,REPENTIGNY QUÉBEC,DON,PRÊT EXTERNE,TRANSFÉRÉ L'ENSIA
1248,COMMENT PROGRAMMER EN C++,"DEITEL, HARVEY M.",R. GOULET,2004.0,REPENTIGNY QUÉBEC,DON,PRÊT EXTERNE,ENSIA
1247,COMMENT PROGRAMMER EN C++,"DEITEL, HARVEY M.",R. GOULET,2004.0,REPENTIGNY QUÉBEC,DON,PRÊT EXTERNE,ENSIA
907,COMMENT PROGRAMMER EN JAVA,"DEITEL, HARVEY M.",R. GOULET,2002.0,QUÉBEC,DON,PRÊT EXTERNE,ENSIA
158,COMMENT RÉUSSIR SES ÉTUDES : GUIDE ET CONSEILS,"HAKIKI, NOUR EDDINE",OPU,2015.0,ALGER,ACHAT,PRÊT EXTERNE,ENSIA
157,COMMENT RÉUSSIR SES ÉTUDES : GUIDE ET CONSEILS,"HAKIKI, NOUR EDDINE",OPU,2015.0,ALGER,ACHAT,CONSULTATION SUR PLACE,ENSIA
117,COMMUNICATIONS MOBILES,"BOUKELIF, AOUED",OPU,2010.0,ALGER,ACHAT,PRÊT EXTERNE,ENSIA
118,COMMUNICATIONS MOBILES,"BOUKELIF, AOUED",OPU,2010.0,ALGER,ACHAT,PRÊT EXTERNE,ENSIA
716,"COMPILATEURS : PRINCIPES, TECHNIQUES ET OUTILS : AVEC PLUS DE 200 EXERCICES","AHO, ALFRED",PEARSON EDUCATION,2007.0,PARIS,DON,PRÊT EXTERNE,ENSIA
715,"COMPILATEURS : PRINCIPES, TECHNIQUES ET OUTILS : AVEC PLUS DE 200 EXERCICES","AHO, ALFRED",PEARSON EDUCATION,2007.0,PARIS,DON,CONSULTATION SUR PLACE,ENSIA
264,COMPILATEURS DE LANGAGES INFORMATIQUES : ECHNIQUE DE CONCE,HABIBA ZERKAOUI,OPU,2018.0,ALGER,ACHAT,CONSULTATION SUR PLACE,ENSIA
265,COMPILATEURS DE LANGAGES INFORMATIQUES : ECHNIQUE DE CONCE,HABIBA ZERKAOUI,OPU,2018.0,ALGER,ACHAT,PRÊT EXTERNE,ENSIA
193,COMPILATION : COURS ET EXERCICES CORRIGÉS,"AIT-AOUDIA, SAMY",OPU,1992.0,ALGER,ACHAT,PRÊT EXTERNE,ENSIA
194,COMPILATION : COURS ET EXERCICES CORRIGÉS,"AIT-AOUDIA, SAMY",OPU,1992.0,ALGER,ACHAT,PRÊT EXTERNE,ENSIA
719,COMPILATION : COURS ET EXERCICES CORRIGÉS,"AIT-AOUDIA, SAMY",OPU,1992.0,ALGER,DON,PRÊT EXTERNE,ENSIA
195,COMPILATION : COURS ET EXERCICES CORRIGÉS,"AIT-AOUDIA, SAMY",OPU,1992.0,ALGER,ACHAT,PRÊT EXTERNE,ENSIA
1192,COMPILATION : COURS ET EXERCICES CORRIGÉS,"AIT-AOUDIA, SAMY",OPU,1992.0,ALGER,DON,PRÊT EXTERNE,ENSIA
1191,COMPILATION : COURS ET EXERCICES CORRIGÉS,"AIT-AOUDIA, SAMY",OPU,1992.0,ALGER,DON,PRÊT EXTERNE,ENSIA
196,COMPILATION : COURS ET EXERCICES CORRIGÉS,"AIT-AOUDIA, SAMY",OPU,1992.0,ALGER,ACHAT,PRÊT EXTERNE,ENSIA
718,COMPILATION : COURS ET EXERCICES CORRIGÉS,"AIT-AOUDIA, SAMY",OPU,1992.0,ALGER,DON,CONSULTATION SUR PLACE,ENSIA
723,"COMPILATION DES LANGAGES DE PROGRAMMATION : CE QUE FAIT UN COMPILATEUR, COMMENT LE RÉALISER","GAUTIER, MARTINE",ELLIPSES,2006.0,PARIS,DON,CONSULTATION SUR PLACE,ENSIA
724,"COMPILATION DES LANGAGES DE PROGRAMMATION : CE QUE FAIT UN COMPILATEUR, COMMENT LE RÉALISER","GAUTIER, MARTINE",ELLIPSES,2006.0,PARIS,DON,PRÊT EXTERNE,ENSIA
3773,"COMPILERS PRINCIPLES, TECHNIQUES, AND TOOLS",ALFRED V. AHO ... [ET AL.].,UNKNOWN_EDITOR,2014.0,UNKNOWN_LOCATION,ACHAT,PRÊT EXTERNE,ENSIA
3772,"COMPILERS PRINCIPLES, TECHNIQUES, AND TOOLS",ALFRED V. AHO ... [ET AL.].,UNKNOWN_EDITOR,2014.0,UNKNOWN_LOCATION,ACHAT,PRÊT EXTERNE,ENSIA
3771,"COMPILERS PRINCIPLES, TECHNIQUES, AND TOOLS",ALFRED V. AHO ... [ET AL.].,UNKNOWN_EDITOR,2014.0,UNKNOWN_LOCATION,ACHAT,PRÊT EXTERNE,ENSIA
583,COMPLEXITY THINKING IN TRANSLATION STUDIES: METHODOLOGICAL CONSIDERATIONS,"MARAIS, KOBUS",ROUTLEDGE,2018.0,USA,ACHAT,PRÊT EXTERNE,ENSIA
584,COMPLEXITY THINKING IN TRANSLATION STUDIES: METHODOLOGICAL CONSIDERATIONS,"MARAIS, KOBUS",ROUTLEDGE,2018.0,USA,ACHAT,PRÊT EXTERNE,ENSIA
582,COMPLEXITY THINKING IN TRANSLATION STUDIES: METHODOLOGICAL CONSIDERATIONS,"MARAIS, KOBUS",ROUTLEDGE,2018.0,USA,ACHAT,PRÊT EXTERNE,ENSIA
30,COMPRENDRE LA MICRO-ECONOMIE COURS ET EXERCICES,AZAMOUM SAID,OPU,2011.0,ALGER,ACHAT,PRÊT EXTERNE,ENSIA
29,COMPRENDRE LA MICRO-ECONOMIE COURS ET EXERCICES,AZAMOUM SAID,OPU,2011.0,ALGER,ACHAT,CONSULTATION SUR PLACE,ENSIA
496,"COMPRENDRE LE SOL, SES FONCTIONNEMENTS ET SES FONCTIONS","CALVET, RAOUL",EDITIONS FRANCE AGRICOLE,2019.0,PARIS,ACHAT,PRÊT EXTERNE,ENSIA
497,"COMPRENDRE LE SOL, SES FONCTIONNEMENTS ET SES FONCTIONS","CALVET, RAOUL",EDITIONS FRANCE AGRICOLE,2019.0,PARIS,ACHAT,PRÊT EXTERNE,ENSIA
495,"COMPRENDRE LE SOL, SES FONCTIONNEMENTS ET SES FONCTIONS","CALVET, RAOUL",EDITIONS FRANCE AGRICOLE,2019.0,PARIS,ACHAT,CONSULTATION SUR PLACE,ENSIA
871,"COMPRENDRE LES ÉLÉMENTS FINIS : PRINCIPES, FORMULATIONS ET EXERCICES CORRIGÉS","CHATEAUNEUF, ALAA",ELLIPSES MARKET,2010.0,PARIS,DON,PRÊT EXTERNE,ENSIA
3778,COMPUTER NETWORKING : A TOP-DOWN APPROACH,"F.KUROSE, JAMES",UNKNOWN_EDITOR,2021.0,UNKNOWN_LOCATION,ACHAT,PRÊT EXTERNE,ENSIA
3777,COMPUTER NETWORKING : A TOP-DOWN APPROACH,"F.KUROSE, JAMES",UNKNOWN_EDITOR,2021.0,UNKNOWN_LOCATION,ACHAT,PRÊT EXTERNE,ENSIA
3776,COMPUTER NETWORKING : A TOP-DOWN APPROACH,"F.KUROSE, JAMES",UNKNOWN_EDITOR,2021.0,UNKNOWN_LOCATION,ACHAT,PRÊT EXTERNE,ENSIA
3779,COMPUTER NETWORKING : A TOP-DOWN APPROACH,"F.KUROSE, JAMES",UNKNOWN_EDITOR,2021.0,UNKNOWN_LOCATION,ACHAT,PRÊT EXTERNE,ENSIA
3774,COMPUTER NETWORKING : A TOP-DOWN APPROACH,"F.KUROSE, JAMES",UNKNOWN_EDITOR,2021.0,UNKNOWN_LOCATION,ACHAT,PRÊT EXTERNE,ENSIA
3775,COMPUTER NETWORKING : A TOP-DOWN APPROACH,"F.KUROSE, JAMES",UNKNOWN_EDITOR,2021.0,UNKNOWN_LOCATION,ACHAT,PRÊT EXTERNE,ENSIA
3876,COMPUTER NETWORKS: A SYSTEMS APPROACH,"L.PETERSON,LARRY",UNKNOWN_EDITOR,2022.0,UNKNOWN_LOCATION,ACHAT,CONSULTATION SUR PLACE,ENSIA
3854,COMPUTER ORGANIZATION AND ARCHITECTURE : DESIGNING FOR PERFORMANCE - GLOBAL EDITION,"STALLINGS,WILLIAM",UNKNOWN_EDITOR,2022.0,UNKNOWN_LOCATION,ACHAT,PRÊT EXTERNE,ENSIA
3869,COMPUTER ORGANIZATION AND DESIGN : THE HARDWARE/SOFTWARE. INTERFACE,"A.PATTERSON, DAVID",UNKNOWN_EDITOR,2018.0,UNKNOWN_LOCATION,ACHAT,PRÊT EXTERNE,ENSIA
3896,COMPUTER VISION : A MODERN APPROACH,"FORSYTH, DAVID.",UNKNOWN_EDITOR,2003.0,UNKNOWN_LOCATION,ACHAT,PRÊT EXTERNE,ENSIA
3895,COMPUTER VISION : A MODERN APPROACH,"FORSYTH, DAVID.",UNKNOWN_EDITOR,2003.0,UNKNOWN_LOCATION,ACHAT,PRÊT EXTERNE,ENSIA
3894,COMPUTER VISION : A MODERN APPROACH,"FORSYTH, DAVID.",UNKNOWN_EDITOR,2003.0,UNKNOWN_LOCATION,ACHAT,PRÊT EXTERNE,ENSIA
3884,COMPUTER VISION ALGORITHMS AND APPLICATIONS : ALGORITHMS AND APPLICATIONS,"SZELISKI, RICHARD",UNKNOWN_EDITOR,2022.0,LONDON,ACHAT,PRÊT EXTERNE,ENSIA
3886,COMPUTER VISION ALGORITHMS AND APPLICATIONS : ALGORITHMS AND APPLICATIONS,"SZELISKI, RICHARD",UNKNOWN_EDITOR,2022.0,LONDON,ACHAT,PRÊT EXTERNE,ENSIA
3885,COMPUTER VISION ALGORITHMS AND APPLICATIONS : ALGORITHMS AND APPLICATIONS,"SZELISKI, RICHARD",UNKNOWN_EDITOR,2022.0,LONDON,ACHAT,PRÊT EXTERNE,ENSIA
636,"CONCEPTION D'INTERFACES POUR MOBILES : GRAPHISME ET DÉVELOPPEMENT DES APPLICATIONS NATIVES, WEB ET HYBRIDES","GILBERT, CHRISTOPHE",EDITIONS ENI,2017.0,FRANCE,ACHAT,PRÊT EXTERNE,ENSIA
798,CONCEVOIR SON MICROPROCESSEUR : STRUCTURE DES SYSTÈMES LOGIQUES,"BUISSON, JEAN-CHRISTOPHE",ELLIPSES,2006.0,PARIS,DON,PRÊT EXTERNE,ENSIA
797,CONCEVOIR SON MICROPROCESSEUR : STRUCTURE DES SYSTÈMES LOGIQUES,"BUISSON, JEAN-CHRISTOPHE",ELLIPSES,2006.0,PARIS,DON,PRÊT EXTERNE,ENSIA
796,CONCEVOIR SON MICROPROCESSEUR : STRUCTURE DES SYSTÈMES LOGIQUES,"BUISSON, JEAN-CHRISTOPHE",ELLIPSES,2006.0,PARIS,DON,CONSULTATION SUR PLACE,ENSIA
524,CONSTRUCTION MÉCANIQUE ET DESSIN INDUSTRIEL,"LUSSIEZ, PASCAL",DUNOD,2021.0,FRANCE,ACHAT,PRÊT EXTERNE,ENSIA
523,CONSTRUCTION MÉCANIQUE ET DESSIN INDUSTRIEL,"LUSSIEZ, PASCAL",DUNOD,2021.0,FRANCE,ACHAT,PRÊT EXTERNE,ENSIA
522,CONSTRUCTION MÉCANIQUE ET DESSIN INDUSTRIEL,"LUSSIEZ, PASCAL",DUNOD,2021.0,FRANCE,ACHAT,CONSULTATION SUR PLACE,ENSIA
784,CONSTRUISEZ VOTRE PC,"OLEKHNOVITCH, JEAN-DAVID",MICRO APPLICATION,2003.0,PARIS,DON,CONSULTATION SUR PLACE,ENSIA
605,CONTEMPORARY FOUNDATIONS FOR TEACHING ENGLISH AS AN ADDITIONAL LANGUAGE: PEDAGOGICAL APPROACHES AND CLASSROOM APPLICATIONS,POLINA VINOGRADOVA,ROUTLEDGE,2011.0,USA,ACHAT,PRÊT EXTERNE,ENSIA
604,CONTEMPORARY FOUNDATIONS FOR TEACHING ENGLISH AS AN ADDITIONAL LANGUAGE: PEDAGOGICAL APPROACHES AND CLASSROOM APPLICATIONS,POLINA VINOGRADOVA,ROUTLEDGE,2011.0,USA,ACHAT,CONSULTATION SUR PLACE,ENSIA
629,CONTRAINTES GLOBALES DE PARTITIONNEMENT DE GRAPHE PAR DES ARBRES,"LORCA, XAVIER",HERMÈS SCIENCE PUBLICATIONS,2011.0,FRANCE,ACHAT,PRÊT EXTERNE,ENSIA
628,CONTRAINTES GLOBALES DE PARTITIONNEMENT DE GRAPHE PAR DES ARBRES,"LORCA, XAVIER",HERMÈS SCIENCE PUBLICATIONS,2011.0,FRANCE,ACHAT,PRÊT EXTERNE,ENSIA
627,CONTRAINTES GLOBALES DE PARTITIONNEMENT DE GRAPHE PAR DES ARBRES,"LORCA, XAVIER",HERMÈS SCIENCE PUBLICATIONS,2011.0,FRANCE,ACHAT,PRÊT EXTERNE,ENSIA
757,CONTRÔLE DES APPLICATIONS TEMPS-RÉEL : MODÈLES TEMPORISÉS ET HYBRIDES,"CASSEZ, FRANCK",HERMÈS,2006.0,PARIS,DON,CONSULTATION SUR PLACE,ENSIA
1845,COURS D'ALGÈBRE ET EXERCICES CORRIGÉS,HITTA.AMARA,OPU,2017.0,ALGER,ACHAT,PRÊT EXTERNE,ENSIA
1847,COURS D'ALGÈBRE ET EXERCICES CORRIGÉS,HITTA.AMARA,OPU,2017.0,ALGER,ACHAT,PRÊT EXTERNE,ENSIA
1848,COURS D'ALGÈBRE ET EXERCICES CORRIGÉS,HITTA.AMARA,OPU,2017.0,ALGER,ACHAT,PRÊT EXTERNE,ENSIA
1849,COURS D'ALGÈBRE ET EXERCICES CORRIGÉS,HITTA.AMARA,OPU,2017.0,ALGER,ACHAT,PRÊT EXTERNE,ENSIA
1850,COURS D'ALGÈBRE ET EXERCICES CORRIGÉS,HITTA.AMARA,OPU,2017.0,ALGER,ACHAT,PRÊT EXTERNE,ENSIA
1844,COURS D'ALGÈBRE ET EXERCICES CORRIGÉS,HITTA.AMARA,OPU,2017.0,ALGER,ACHAT,PRÊT EXTERNE,ENSIA
1843,COURS D'ALGÈBRE ET EXERCICES CORRIGÉS,HITTA.AMARA,OPU,2017.0,ALGER,ACHAT,PRÊT EXTERNE,ENSIA
1851,COURS D'ALGÈBRE ET EXERCICES CORRIGÉS,HITTA.AMARA,OPU,2017.0,ALGER,ACHAT,PRÊT EXTERNE,ENSIA
1846,COURS D'ALGÈBRE ET EXERCICES CORRIGÉS,HITTA.AMARA,OPU,2017.0,ALGER,ACHAT,PRÊT EXTERNE,ENSIA
1842,COURS D'ALGÈBRE ET EXERCICES CORRIGÉS,HITTA.AMARA,OPU,2017.0,ALGER,ACHAT,PRÊT EXTERNE,ENSIA
3045,COURS D'ALGÈBRE ET EXERCICES CORRIGÉS,HITTA.AMARA,OPU,2017.0,ALGER,ACHAT,PRÊT EXTERNE,ENSIA
1840,COURS D'ALGÈBRE ET EXERCICES CORRIGÉS,HITTA.AMARA,OPU,2017.0,ALGER,ACHAT,PRÊT EXTERNE,ENSIA
1839,COURS D'ALGÈBRE ET EXERCICES CORRIGÉS,HITTA.AMARA,OPU,2017.0,ALGER,ACHAT,PRÊT EXTERNE,ENSIA
1838,COURS D'ALGÈBRE ET EXERCICES CORRIGÉS,HITTA.AMARA,OPU,2017.0,ALGER,ACHAT,PRÊT EXTERNE,ENSIA
1852,COURS D'ALGÈBRE ET EXERCICES CORRIGÉS,HITTA.AMARA,OPU,2017.0,ALGER,ACHAT,PRÊT EXTERNE,ENSIA
1837,COURS D'ALGÈBRE ET EXERCICES CORRIGÉS,HITTA.AMARA,OPU,2017.0,ALGER,ACHAT,PRÊT EXTERNE,ENSIA
1836,COURS D'ALGÈBRE ET EXERCICES CORRIGÉS,HITTA.AMARA,OPU,2017.0,ALGER,ACHAT,PRÊT EXTERNE,ENSIA
1835,COURS D'ALGÈBRE ET EXERCICES CORRIGÉS,HITTA.AMARA,OPU,2017.0,ALGER,ACHAT,PRÊT EXTERNE,ENSIA
1834,COURS D'ALGÈBRE ET EXERCICES CORRIGÉS,HITTA.AMARA,OPU,2017.0,ALGER,ACHAT,PRÊT EXTERNE,ENSIA
1833,COURS D'ALGÈBRE ET EXERCICES CORRIGÉS,HITTA.AMARA,OPU,2017.0,ALGER,ACHAT,PRÊT EXTERNE,ENSIA
1832,COURS D'ALGÈBRE ET EXERCICES CORRIGÉS,HITTA.AMARA,OPU,2017.0,ALGER,ACHAT,PRÊT EXTERNE,ENSIA
1831,COURS D'ALGÈBRE ET EXERCICES CORRIGÉS,HITTA.AMARA,OPU,2017.0,ALGER,ACHAT,PRÊT EXTERNE,ENSIA
1830,COURS D'ALGÈBRE ET EXERCICES CORRIGÉS,HITTA.AMARA,OPU,2017.0,ALGER,ACHAT,PRÊT EXTERNE,ENSIA
1841,COURS D'ALGÈBRE ET EXERCICES CORRIGÉS,HITTA.AMARA,OPU,2017.0,ALGER,ACHAT,PRÊT EXTERNE,ENSIA
1853,COURS D'ALGÈBRE ET EXERCICES CORRIGÉS,HITTA.AMARA,OPU,2017.0,ALGER,ACHAT,PRÊT EXTERNE,ENSIA
1867,COURS D'ALGÈBRE ET EXERCICES CORRIGÉS,HITTA.AMARA,OPU,2017.0,ALGER,ACHAT,PRÊT EXTERNE,ENSIA
1855,COURS D'ALGÈBRE ET EXERCICES CORRIGÉS,HITTA.AMARA,OPU,2017.0,ALGER,ACHAT,PRÊT EXTERNE,ENSIA
3047,COURS D'ALGÈBRE ET EXERCICES CORRIGÉS,HITTA.AMARA,OPU,2017.0,ALGER,ACHAT,PRÊT EXTERNE,ENSIA
3044,COURS D'ALGÈBRE ET EXERCICES CORRIGÉS,HITTA.AMARA,OPU,2017.0,ALGER,ACHAT,PRÊT EXTERNE,ENSIA
3048,COURS D'ALGÈBRE ET EXERCICES CORRIGÉS,HITTA.AMARA,OPU,2017.0,ALGER,ACHAT,PRÊT EXTERNE,ENSIA
3049,COURS D'ALGÈBRE ET EXERCICES CORRIGÉS,HITTA.AMARA,OPU,2017.0,ALGER,ACHAT,PRÊT EXTERNE,ENSIA
3043,COURS D'ALGÈBRE ET EXERCICES CORRIGÉS,HITTA.AMARA,OPU,2017.0,ALGER,ACHAT,PRÊT EXTERNE,ENSIA
3050,COURS D'ALGÈBRE ET EXERCICES CORRIGÉS,HITTA.AMARA,OPU,2017.0,ALGER,ACHAT,PRÊT EXTERNE,ENSIA
3051,COURS D'ALGÈBRE ET EXERCICES CORRIGÉS,HITTA.AMARA,OPU,2017.0,ALGER,ACHAT,PRÊT EXTERNE,ENSIA
3052,COURS D'ALGÈBRE ET EXERCICES CORRIGÉS,HITTA.AMARA,OPU,2017.0,ALGER,ACHAT,PRÊT EXTERNE,ENSIA
1829,COURS D'ALGÈBRE ET EXERCICES CORRIGÉS,HITTA.AMARA,OPU,2017.0,ALGER,ACHAT,PRÊT EXTERNE,ENSIA
1872,COURS D'ALGÈBRE ET EXERCICES CORRIGÉS,HITTA.AMARA,OPU,2017.0,ALGER,ACHAT,PRÊT EXTERNE,ENSIA
1871,COURS D'ALGÈBRE ET EXERCICES CORRIGÉS,HITTA.AMARA,OPU,2017.0,ALGER,ACHAT,PRÊT EXTERNE,ENSIA
1870,COURS D'ALGÈBRE ET EXERCICES CORRIGÉS,HITTA.AMARA,OPU,2017.0,ALGER,ACHAT,PRÊT EXTERNE,ENSIA
1854,COURS D'ALGÈBRE ET EXERCICES CORRIGÉS,HITTA.AMARA,OPU,2017.0,ALGER,ACHAT,PRÊT EXTERNE,ENSIA
1869,COURS D'ALGÈBRE ET EXERCICES CORRIGÉS,HITTA.AMARA,OPU,2017.0,ALGER,ACHAT,PRÊT EXTERNE,ENSIA
3046,COURS D'ALGÈBRE ET EXERCICES CORRIGÉS,HITTA.AMARA,OPU,2017.0,ALGER,ACHAT,PRÊT EXTERNE,ENSIA
1866,COURS D'ALGÈBRE ET EXERCICES CORRIGÉS,HITTA.AMARA,OPU,2017.0,ALGER,ACHAT,PRÊT EXTERNE,ENSIA
1865,COURS D'ALGÈBRE ET EXERCICES CORRIGÉS,HITTA.AMARA,OPU,2017.0,ALGER,ACHAT,PRÊT EXTERNE,ENSIA
1864,COURS D'ALGÈBRE ET EXERCICES CORRIGÉS,HITTA.AMARA,OPU,2017.0,ALGER,ACHAT,PRÊT EXTERNE,ENSIA
1863,COURS D'ALGÈBRE ET EXERCICES CORRIGÉS,HITTA.AMARA,OPU,2017.0,ALGER,ACHAT,PRÊT EXTERNE,ENSIA
1862,COURS D'ALGÈBRE ET EXERCICES CORRIGÉS,HITTA.AMARA,OPU,2017.0,ALGER,ACHAT,PRÊT EXTERNE,ENSIA
1861,COURS D'ALGÈBRE ET EXERCICES CORRIGÉS,HITTA.AMARA,OPU,2017.0,ALGER,ACHAT,PRÊT EXTERNE,ENSIA
1860,COURS D'ALGÈBRE ET EXERCICES CORRIGÉS,HITTA.AMARA,OPU,2017.0,ALGER,ACHAT,PRÊT EXTERNE,ENSIA
1859,COURS D'ALGÈBRE ET EXERCICES CORRIGÉS,HITTA.AMARA,OPU,2017.0,ALGER,ACHAT,PRÊT EXTERNE,ENSIA
1858,COURS D'ALGÈBRE ET EXERCICES CORRIGÉS,HITTA.AMARA,OPU,2017.0,ALGER,ACHAT,PRÊT EXTERNE,ENSIA
1857,COURS D'ALGÈBRE ET EXERCICES CORRIGÉS,HITTA.AMARA,OPU,2017.0,ALGER,ACHAT,PRÊT EXTERNE,ENSIA
1856,COURS D'ALGÈBRE ET EXERCICES CORRIGÉS,HITTA.AMARA,OPU,2017.0,ALGER,ACHAT,PRÊT EXTERNE,ENSIA
1868,COURS D'ALGÈBRE ET EXERCICES CORRIGÉS,HITTA.AMARA,OPU,2017.0,ALGER,ACHAT,PRÊT EXTERNE,ENSIA
1828,COURS D'ALGÈBRE ET EXERCICES CORRIGÉS,HITTA.AMARA,OPU,2017.0,ALGER,ACHAT,PRÊT EXTERNE,ENSIA
1812,COURS D'ALGÈBRE ET EXERCICES CORRIGÉS,HITTA.AMARA,OPU,2017.0,ALGER,ACHAT,PRÊT EXTERNE,ENSIA
1826,COURS D'ALGÈBRE ET EXERCICES CORRIGÉS,HITTA.AMARA,OPU,2017.0,ALGER,ACHAT,PRÊT EXTERNE,ENSIA
3981,COURS D'ALGÈBRE ET EXERCICES CORRIGÉS,HITTA.AMARA,OPU,2017.0,ALGER,ACHAT,PRÊT EXTERNE,ENSIA
3982,COURS D'ALGÈBRE ET EXERCICES CORRIGÉS,HITTA.AMARA,OPU,2017.0,ALGER,ACHAT,PRÊT EXTERNE,ENSIA
3983,COURS D'ALGÈBRE ET EXERCICES CORRIGÉS,HITTA.AMARA,OPU,2017.0,ALGER,ACHAT,PRÊT EXTERNE,ENSIA
3984,COURS D'ALGÈBRE ET EXERCICES CORRIGÉS,HITTA.AMARA,OPU,2017.0,ALGER,ACHAT,PRÊT EXTERNE,ENSIA
3985,COURS D'ALGÈBRE ET EXERCICES CORRIGÉS,HITTA.AMARA,OPU,2017.0,ALGER,ACHAT,PRÊT EXTERNE,ENSIA
3986,COURS D'ALGÈBRE ET EXERCICES CORRIGÉS,HITTA.AMARA,OPU,2017.0,ALGER,ACHAT,PRÊT EXTERNE,ENSIA
1783,COURS D'ALGÈBRE ET EXERCICES CORRIGÉS,HITTA.AMARA,OPU,2017.0,ALGER,ACHAT,PRÊT EXTERNE,ENSIA
1784,COURS D'ALGÈBRE ET EXERCICES CORRIGÉS,HITTA.AMARA,OPU,2017.0,ALGER,ACHAT,PRÊT EXTERNE,ENSIA
1785,COURS D'ALGÈBRE ET EXERCICES CORRIGÉS,HITTA.AMARA,OPU,2017.0,ALGER,ACHAT,PRÊT EXTERNE,ENSIA
1786,COURS D'ALGÈBRE ET EXERCICES CORRIGÉS,HITTA.AMARA,OPU,2017.0,ALGER,ACHAT,PRÊT EXTERNE,ENSIA
1787,COURS D'ALGÈBRE ET EXERCICES CORRIGÉS,HITTA.AMARA,OPU,2017.0,ALGER,ACHAT,PRÊT EXTERNE,ENSIA
1788,COURS D'ALGÈBRE ET EXERCICES CORRIGÉS,HITTA.AMARA,OPU,2017.0,ALGER,ACHAT,PRÊT EXTERNE,ENSIA
1789,COURS D'ALGÈBRE ET EXERCICES CORRIGÉS,HITTA.AMARA,OPU,2017.0,ALGER,ACHAT,PRÊT EXTERNE,ENSIA
3987,COURS D'ALGÈBRE ET EXERCICES CORRIGÉS,HITTA.AMARA,OPU,2017.0,ALGER,ACHAT,PRÊT EXTERNE,ENSIA
1790,COURS D'ALGÈBRE ET EXERCICES CORRIGÉS,HITTA.AMARA,OPU,2017.0,ALGER,ACHAT,PRÊT EXTERNE,ENSIA
1782,COURS D'ALGÈBRE ET EXERCICES CORRIGÉS,HITTA.AMARA,OPU,2017.0,ALGER,ACHAT,PRÊT EXTERNE,ENSIA
1781,COURS D'ALGÈBRE ET EXERCICES CORRIGÉS,HITTA.AMARA,OPU,2017.0,ALGER,ACHAT,PRÊT EXTERNE,ENSIA
1780,COURS D'ALGÈBRE ET EXERCICES CORRIGÉS,HITTA.AMARA,OPU,2017.0,ALGER,ACHAT,PRÊT EXTERNE,ENSIA
1779,COURS D'ALGÈBRE ET EXERCICES CORRIGÉS,HITTA.AMARA,OPU,2017.0,ALGER,ACHAT,PRÊT EXTERNE,ENSIA
1827,COURS D'ALGÈBRE ET EXERCICES CORRIGÉS,HITTA.AMARA,OPU,2017.0,ALGER,ACHAT,PRÊT EXTERNE,ENSIA
1409,COURS D'ALGÈBRE ET EXERCICES CORRIGÉS,HITTA.AMARA,OPU,2017.0,ALGER,ACHAT,PRÊT EXTERNE,ENSIA
1408,COURS D'ALGÈBRE ET EXERCICES CORRIGÉS,HITTA.AMARA,OPU,2017.0,ALGER,ACHAT,PRÊT EXTERNE,ENSIA
1407,COURS D'ALGÈBRE ET EXERCICES CORRIGÉS,HITTA.AMARA,OPU,2017.0,ALGER,ACHAT,PRÊT EXTERNE,ENSIA
1406,COURS D'ALGÈBRE ET EXERCICES CORRIGÉS,HITTA.AMARA,OPU,2017.0,ALGER,ACHAT,PRÊT EXTERNE,ENSIA
1405,COURS D'ALGÈBRE ET EXERCICES CORRIGÉS,HITTA.AMARA,OPU,2017.0,ALGER,ACHAT,PRÊT EXTERNE,ENSIA
1404,COURS D'ALGÈBRE ET EXERCICES CORRIGÉS,HITTA.AMARA,OPU,2017.0,ALGER,ACHAT,PRÊT EXTERNE,ENSIA
1791,COURS D'ALGÈBRE ET EXERCICES CORRIGÉS,HITTA.AMARA,OPU,2017.0,ALGER,ACHAT,PRÊT EXTERNE,ENSIA
1403,COURS D'ALGÈBRE ET EXERCICES CORRIGÉS,HITTA.AMARA,OPU,2017.0,ALGER,ACHAT,PRÊT EXTERNE,ENSIA
1401,COURS D'ALGÈBRE ET EXERCICES CORRIGÉS,HITTA.AMARA,OPU,2017.0,ALGER,ACHAT,PRÊT EXTERNE,ENSIA
1400,COURS D'ALGÈBRE ET EXERCICES CORRIGÉS,HITTA.AMARA,OPU,2017.0,ALGER,ACHAT,PRÊT EXTERNE,ENSIA
1773,COURS D'ALGÈBRE ET EXERCICES CORRIGÉS,HITTA.AMARA,OPU,2017.0,ALGER,ACHAT,PRÊT EXTERNE,ENSIA
1774,COURS D'ALGÈBRE ET EXERCICES CORRIGÉS,HITTA.AMARA,OPU,2017.0,ALGER,ACHAT,PRÊT EXTERNE,ENSIA
1775,COURS D'ALGÈBRE ET EXERCICES CORRIGÉS,HITTA.AMARA,OPU,2017.0,ALGER,ACHAT,PRÊT EXTERNE,ENSIA
1776,COURS D'ALGÈBRE ET EXERCICES CORRIGÉS,HITTA.AMARA,OPU,2017.0,ALGER,ACHAT,PRÊT EXTERNE,ENSIA
1778,COURS D'ALGÈBRE ET EXERCICES CORRIGÉS,HITTA.AMARA,OPU,2017.0,ALGER,ACHAT,PRÊT EXTERNE,ENSIA
1402,COURS D'ALGÈBRE ET EXERCICES CORRIGÉS,HITTA.AMARA,OPU,2017.0,ALGER,ACHAT,PRÊT EXTERNE,ENSIA
1792,COURS D'ALGÈBRE ET EXERCICES CORRIGÉS,HITTA.AMARA,OPU,2017.0,ALGER,ACHAT,PRÊT EXTERNE,ENSIA
1777,COURS D'ALGÈBRE ET EXERCICES CORRIGÉS,HITTA.AMARA,OPU,2017.0,ALGER,ACHAT,PRÊT EXTERNE,ENSIA
1794,COURS D'ALGÈBRE ET EXERCICES CORRIGÉS,HITTA.AMARA,OPU,2017.0,ALGER,ACHAT,PRÊT EXTERNE,ENSIA
1823,COURS D'ALGÈBRE ET EXERCICES CORRIGÉS,HITTA.AMARA,OPU,2017.0,ALGER,ACHAT,PRÊT EXTERNE,ENSIA
1822,COURS D'ALGÈBRE ET EXERCICES CORRIGÉS,HITTA.AMARA,OPU,2017.0,ALGER,ACHAT,PRÊT EXTERNE,ENSIA
1809,COURS D'ALGÈBRE ET EXERCICES CORRIGÉS,HITTA.AMARA,OPU,2017.0,ALGER,ACHAT,PRÊT EXTERNE,ENSIA
3990,COURS D'ALGÈBRE ET EXERCICES CORRIGÉS,HITTA.AMARA,OPU,2017.0,ALGER,ACHAT,PRÊT EXTERNE,ENSIA
1810,COURS D'ALGÈBRE ET EXERCICES CORRIGÉS,HITTA.AMARA,OPU,2017.0,ALGER,ACHAT,PRÊT EXTERNE,ENSIA
1811,COURS D'ALGÈBRE ET EXERCICES CORRIGÉS,HITTA.AMARA,OPU,2017.0,ALGER,ACHAT,PRÊT EXTERNE,ENSIA
1824,COURS D'ALGÈBRE ET EXERCICES CORRIGÉS,HITTA.AMARA,OPU,2017.0,ALGER,ACHAT,PRÊT EXTERNE,ENSIA
1821,COURS D'ALGÈBRE ET EXERCICES CORRIGÉS,HITTA.AMARA,OPU,2017.0,ALGER,ACHAT,PRÊT EXTERNE,ENSIA
1814,COURS D'ALGÈBRE ET EXERCICES CORRIGÉS,HITTA.AMARA,OPU,2017.0,ALGER,ACHAT,PRÊT EXTERNE,ENSIA
1815,COURS D'ALGÈBRE ET EXERCICES CORRIGÉS,HITTA.AMARA,OPU,2017.0,ALGER,ACHAT,PRÊT EXTERNE,ENSIA
1820,COURS D'ALGÈBRE ET EXERCICES CORRIGÉS,HITTA.AMARA,OPU,2017.0,ALGER,ACHAT,PRÊT EXTERNE,ENSIA
1819,COURS D'ALGÈBRE ET EXERCICES CORRIGÉS,HITTA.AMARA,OPU,2017.0,ALGER,ACHAT,PRÊT EXTERNE,ENSIA
1818,COURS D'ALGÈBRE ET EXERCICES CORRIGÉS,HITTA.AMARA,OPU,2017.0,ALGER,ACHAT,PRÊT EXTERNE,ENSIA
1793,COURS D'ALGÈBRE ET EXERCICES CORRIGÉS,HITTA.AMARA,OPU,2017.0,ALGER,ACHAT,PRÊT EXTERNE,ENSIA
1813,COURS D'ALGÈBRE ET EXERCICES CORRIGÉS,HITTA.AMARA,OPU,2017.0,ALGER,ACHAT,PRÊT EXTERNE,ENSIA
1817,COURS D'ALGÈBRE ET EXERCICES CORRIGÉS,HITTA.AMARA,OPU,2017.0,ALGER,ACHAT,PRÊT EXTERNE,ENSIA
1825,COURS D'ALGÈBRE ET EXERCICES CORRIGÉS,HITTA.AMARA,OPU,2017.0,ALGER,ACHAT,PRÊT EXTERNE,ENSIA
1816,COURS D'ALGÈBRE ET EXERCICES CORRIGÉS,HITTA.AMARA,OPU,2017.0,ALGER,ACHAT,PRÊT EXTERNE,ENSIA
1799,COURS D'ALGÈBRE ET EXERCICES CORRIGÉS,HITTA.AMARA,OPU,2017.0,ALGER,ACHAT,PRÊT EXTERNE,ENSIA
3988,COURS D'ALGÈBRE ET EXERCICES CORRIGÉS,HITTA.AMARA,OPU,2017.0,ALGER,ACHAT,PRÊT EXTERNE,ENSIA
3989,COURS D'ALGÈBRE ET EXERCICES CORRIGÉS,HITTA.AMARA,OPU,2017.0,ALGER,ACHAT,PRÊT EXTERNE,ENSIA
1800,COURS D'ALGÈBRE ET EXERCICES CORRIGÉS,HITTA.AMARA,OPU,2017.0,ALGER,ACHAT,PRÊT EXTERNE,ENSIA
1808,COURS D'ALGÈBRE ET EXERCICES CORRIGÉS,HITTA.AMARA,OPU,2017.0,ALGER,ACHAT,PRÊT EXTERNE,ENSIA
1801,COURS D'ALGÈBRE ET EXERCICES CORRIGÉS,HITTA.AMARA,OPU,2017.0,ALGER,ACHAT,PRÊT EXTERNE,ENSIA
1802,COURS D'ALGÈBRE ET EXERCICES CORRIGÉS,HITTA.AMARA,OPU,2017.0,ALGER,ACHAT,PRÊT EXTERNE,ENSIA
1803,COURS D'ALGÈBRE ET EXERCICES CORRIGÉS,HITTA.AMARA,OPU,2017.0,ALGER,ACHAT,PRÊT EXTERNE,ENSIA
1804,COURS D'ALGÈBRE ET EXERCICES CORRIGÉS,HITTA.AMARA,OPU,2017.0,ALGER,ACHAT,PRÊT EXTERNE,ENSIA
1805,COURS D'ALGÈBRE ET EXERCICES CORRIGÉS,HITTA.AMARA,OPU,2017.0,ALGER,ACHAT,PRÊT EXTERNE,ENSIA
1806,COURS D'ALGÈBRE ET EXERCICES CORRIGÉS,HITTA.AMARA,OPU,2017.0,ALGER,ACHAT,PRÊT EXTERNE,ENSIA
1807,COURS D'ALGÈBRE ET EXERCICES CORRIGÉS,HITTA.AMARA,OPU,2017.0,ALGER,ACHAT,PRÊT EXTERNE,ENSIA
1796,COURS D'ALGÈBRE ET EXERCICES CORRIGÉS,HITTA.AMARA,OPU,2017.0,ALGER,ACHAT,PRÊT EXTERNE,ENSIA
1795,COURS D'ALGÈBRE ET EXERCICES CORRIGÉS,HITTA.AMARA,OPU,2017.0,ALGER,ACHAT,PRÊT EXTERNE,ENSIA
1798,COURS D'ALGÈBRE ET EXERCICES CORRIGÉS,HITTA.AMARA,OPU,2017.0,ALGER,ACHAT,PRÊT EXTERNE,ENSIA
1797,COURS D'ALGÈBRE ET EXERCICES CORRIGÉS,HITTA.AMARA,OPU,2017.0,ALGER,ACHAT,PRÊT EXTERNE,ENSIA
307,COURS D'ANALYSE NUMÉRIQUE,LAKRIB MUSTAPHA,OPU,2016.0,ALGER,ACHAT,PRÊT EXTERNE,ENSIA
302,COURS D'ANALYSE NUMÉRIQUE,LAKRIB MUSTAPHA,OPU,2016.0,ALGER,ACHAT,PRÊT EXTERNE,ENSIA
304,COURS D'ANALYSE NUMÉRIQUE,LAKRIB MUSTAPHA,OPU,2016.0,ALGER,ACHAT,PRÊT EXTERNE,ENSIA
301,COURS D'ANALYSE NUMÉRIQUE,LAKRIB MUSTAPHA,OPU,2016.0,ALGER,ACHAT,CONSULTATION SUR PLACE,ENSIA
303,COURS D'ANALYSE NUMÉRIQUE,LAKRIB MUSTAPHA,OPU,2016.0,ALGER,ACHAT,PRÊT EXTERNE,ENSIA
306,COURS D'ANALYSE NUMÉRIQUE,LAKRIB MUSTAPHA,OPU,2016.0,ALGER,ACHAT,PRÊT EXTERNE,ENSIA
305,COURS D'ANALYSE NUMÉRIQUE,LAKRIB MUSTAPHA,OPU,2016.0,ALGER,ACHAT,PRÊT EXTERNE,ENSIA
308,COURS D'ANALYSE NUMÉRIQUE,LAKRIB MUSTAPHA,OPU,2016.0,ALGER,ACHAT,PRÊT EXTERNE,ENSIA
2888,COURS D'ENTREPRENEURIAT,ZELLA AHLEM,OPU,2018.0,ALGER,ACHAT,PRÊT EXTERNE,ENSIA
339,COURS D'ENTREPRENEURIAT,ZELLA AHLEM,OPU,2018.0,ALGER,ACHAT,PRÊT EXTERNE,ENSIA
338,COURS D'ENTREPRENEURIAT,ZELLA AHLEM,OPU,2018.0,ALGER,ACHAT,PRÊT EXTERNE,ENSIA
337,COURS D'ENTREPRENEURIAT,ZELLA AHLEM,OPU,2018.0,ALGER,ACHAT,CONSULTATION SUR PLACE,ENSIA
2885,COURS D'ENTREPRENEURIAT,ZELLA AHLEM,OPU,2018.0,ALGER,ACHAT,PRÊT EXTERNE,ENSIA
2886,COURS D'ENTREPRENEURIAT,ZELLA AHLEM,OPU,2018.0,ALGER,ACHAT,PRÊT EXTERNE,ENSIA
2887,COURS D'ENTREPRENEURIAT,ZELLA AHLEM,OPU,2018.0,ALGER,ACHAT,PRÊT EXTERNE,ENSIA
340,COURS D'ENTREPRENEURIAT,ZELLA AHLEM,OPU,2018.0,ALGER,ACHAT,PRÊT EXTERNE,ENSIA
2889,COURS D'ENTREPRENEURIAT,ZELLA AHLEM,OPU,2018.0,ALGER,ACHAT,PRÊT EXTERNE,ENSIA
1350,COURS DE CALCULS TOPOMÉTRIQUES,"ROIG, GÉRARD",UNKNOWN_EDITOR,1980.0,PARIS,DON,PRÊT EXTERNE,ENSIA
1349,COURS DE CALCULS TOPOMÉTRIQUES,"ROIG, GÉRARD",UNKNOWN_EDITOR,1980.0,PARIS,ACHAT,PRÊT EXTERNE,ENSIA
1151,COURS DE CALCULS TOPOMÉTRIQUES,"ROIG, GÉRARD",UNKNOWN_EDITOR,1980.0,PARIS,DON,PRÊT EXTERNE,ENSIA
1140,COURS DE MATHÉMATIQUES : MP-MP*,"VOEDTS, JEAN",UNKNOWN_EDITOR,2002.0,PARIS,ACHAT,PRÊT EXTERNE,ENSIA
319,COURS D’ÉLECTRONIQUE,"LADJOUZE,HAMMOUD",OPU,2016.0,ALGER,ACHAT,CONSULTATION SUR PLACE,ENSIA
320,COURS D’ÉLECTRONIQUE,"LADJOUZE,HAMMOUD",OPU,2016.0,ALGER,ACHAT,PRÊT EXTERNE,ENSIA
321,COURS D’ÉLECTRONIQUE,"LADJOUZE,HAMMOUD",OPU,2016.0,ALGER,ACHAT,PRÊT EXTERNE,ENSIA
322,COURS D’ÉLECTRONIQUE,"LADJOUZE,HAMMOUD",OPU,2016.0,ALGER,ACHAT,PRÊT EXTERNE,ENSIA
763,"COURS ET EXERCICES INFORMATIQUE : CLASSES PRÉPARATOIRES , 1ER ET 2ND CYCLES UNIVERSITAIRES","ALBERT, LUC",VUIBERT,1998.0,PARIS,DON,CONSULTATION SUR PLACE,ENSIA
1146,COURS ÉLÉMENTAIRE DE TOPOGRAPHIE,B DUBUISSON,UNKNOWN_EDITOR,1979.0,PARIS,ACHAT,PRÊT EXTERNE,ENSIA
1145,COURS ÉLÉMENTAIRE DE TOPOGRAPHIE,B DUBUISSON,UNKNOWN_EDITOR,1979.0,PARIS,ACHAT,PRÊT EXTERNE,ENSIA
1280,COURS ÉLÉMENTAIRE DE TOPOGRAPHIE,B DUBUISSON,UNKNOWN_EDITOR,1979.0,PARIS,ACHAT,PRÊT EXTERNE,ENSIA
1281,COURS ÉLÉMENTAIRE DE TOPOGRAPHIE,B DUBUISSON,UNKNOWN_EDITOR,1979.0,PARIS,ACHAT,PRÊT EXTERNE,ENSIA
1282,COURS ÉLÉMENTAIRE DE TOPOGRAPHIE,B DUBUISSON,UNKNOWN_EDITOR,1979.0,PARIS,ACHAT,PRÊT EXTERNE,ENSIA
1283,COURS ÉLÉMENTAIRE DE TOPOGRAPHIE,B DUBUISSON,UNKNOWN_EDITOR,1979.0,PARIS,PASSIF,PRÊT EXTERNE,ENSIA
3877,DATA MINING : CONCEPTS AND TECHNIQUES,"HAN, JIAWEI",UNKNOWN_EDITOR,2023.0,UNKNOWN_LOCATION,ACHAT,CONSULTATION SUR PLACE,ENSIA
3866,DATA STRUCTURES AND ALGORITHM ANALYSIS IN C++ (4RD EDITION),"ALLEN WEISS, MARK",UNKNOWN_EDITOR,2014.0,UNKNOWN_LOCATION,ACHAT,CONSULTATION SUR PLACE,ENSIA
3887,"DATABASE SYSTEMS : DESIGN, IMPLEMENTATION, & MANAGEMENT","CORONEL, CARLOS",UNKNOWN_EDITOR,2019.0,UNKNOWN_LOCATION,ACHAT,PRÊT EXTERNE,ENSIA
638,DATAVISUALISATION ET TABLEAUX DE BORD INTERACTIFS : AVEC TABLEAU DESKTOP,FAULX-BRIOLE ALEXANDRE,SOLUTIONS BUSINESS,2017.0,FRANCE,ACHAT,PRÊT EXTERNE,ENSIA
639,DATAVISUALISATION ET TABLEAUX DE BORD INTERACTIFS : AVEC TABLEAU DESKTOP,FAULX-BRIOLE ALEXANDRE,SOLUTIONS BUSINESS,2017.0,FRANCE,ACHAT,PRÊT EXTERNE,ENSIA
637,DATAVISUALISATION ET TABLEAUX DE BORD INTERACTIFS : AVEC TABLEAU DESKTOP,FAULX-BRIOLE ALEXANDRE,SOLUTIONS BUSINESS,2017.0,FRANCE,ACHAT,CONSULTATION SUR PLACE,ENSIA
2921,DE L'ALGÈBRE DE BOOLE AUX CIRCUITS NUMÉRIQUES : COURS ET APPLICATIONS,KARIMA KHADIDJA MOKHTARI,OPU,2014.0,ALGER,ACHAT,PRÊT EXTERNE,ENSIA
2927,DE L'ALGÈBRE DE BOOLE AUX CIRCUITS NUMÉRIQUES : COURS ET APPLICATIONS,KARIMA KHADIDJA MOKHTARI,OPU,2014.0,ALGER,ACHAT,PRÊT EXTERNE,ENSIA
326,DE L'ALGÈBRE DE BOOLE AUX CIRCUITS NUMÉRIQUES : COURS ET APPLICATIONS,KARIMA KHADIDJA MOKHTARI,OPU,2014.0,ALGER,ACHAT,PRÊT EXTERNE,ENSIA
325,DE L'ALGÈBRE DE BOOLE AUX CIRCUITS NUMÉRIQUES : COURS ET APPLICATIONS,KARIMA KHADIDJA MOKHTARI,OPU,2014.0,ALGER,ACHAT,PRÊT EXTERNE,ENSIA
324,DE L'ALGÈBRE DE BOOLE AUX CIRCUITS NUMÉRIQUES : COURS ET APPLICATIONS,KARIMA KHADIDJA MOKHTARI,OPU,2014.0,ALGER,ACHAT,PRÊT EXTERNE,ENSIA
2926,DE L'ALGÈBRE DE BOOLE AUX CIRCUITS NUMÉRIQUES : COURS ET APPLICATIONS,KARIMA KHADIDJA MOKHTARI,OPU,2014.0,ALGER,ACHAT,PRÊT EXTERNE,ENSIA
2925,DE L'ALGÈBRE DE BOOLE AUX CIRCUITS NUMÉRIQUES : COURS ET APPLICATIONS,KARIMA KHADIDJA MOKHTARI,OPU,2014.0,ALGER,ACHAT,PRÊT EXTERNE,ENSIA
2924,DE L'ALGÈBRE DE BOOLE AUX CIRCUITS NUMÉRIQUES : COURS ET APPLICATIONS,KARIMA KHADIDJA MOKHTARI,OPU,2014.0,ALGER,ACHAT,PRÊT EXTERNE,ENSIA
2923,DE L'ALGÈBRE DE BOOLE AUX CIRCUITS NUMÉRIQUES : COURS ET APPLICATIONS,KARIMA KHADIDJA MOKHTARI,OPU,2014.0,ALGER,ACHAT,PRÊT EXTERNE,ENSIA
323,DE L'ALGÈBRE DE BOOLE AUX CIRCUITS NUMÉRIQUES : COURS ET APPLICATIONS,KARIMA KHADIDJA MOKHTARI,OPU,2014.0,ALGER,ACHAT,CONSULTATION SUR PLACE,ENSIA
2922,DE L'ALGÈBRE DE BOOLE AUX CIRCUITS NUMÉRIQUES : COURS ET APPLICATIONS,KARIMA KHADIDJA MOKHTARI,OPU,2014.0,ALGER,ACHAT,PRÊT EXTERNE,ENSIA
2929,DE L'ALGÈBRE DE BOOLE AUX CIRCUITS NUMÉRIQUES : COURS ET APPLICATIONS,KARIMA KHADIDJA MOKHTARI,OPU,2014.0,ALGER,ACHAT,PRÊT EXTERNE,ENSIA
2928,DE L'ALGÈBRE DE BOOLE AUX CIRCUITS NUMÉRIQUES : COURS ET APPLICATIONS,KARIMA KHADIDJA MOKHTARI,OPU,2014.0,ALGER,ACHAT,PRÊT EXTERNE,ENSIA
2920,DE L'ALGÈBRE DE BOOLE AUX CIRCUITS NUMÉRIQUES : COURS ET APPLICATIONS,KARIMA KHADIDJA MOKHTARI,OPU,2014.0,ALGER,ACHAT,PRÊT EXTERNE,ENSIA
226,DE LA LOGIQUE A PROLOG-COURS ET EXERCICES,ABIDET.H.BAHI,OPU,2016.0,ALGER,ACHAT,PRÊT EXTERNE,ENSIA
225,DE LA LOGIQUE A PROLOG-COURS ET EXERCICES,ABIDET.H.BAHI,OPU,2016.0,ALGER,ACHAT,PRÊT EXTERNE,ENSIA
3424,DE LA LOGIQUE A PROLOG-COURS ET EXERCICES,ABIDET.H.BAHI,OPU,2016.0,ALGER,ACHAT,PRÊT EXTERNE,ENSIA
3423,DE LA LOGIQUE A PROLOG-COURS ET EXERCICES,ABIDET.H.BAHI,OPU,2016.0,ALGER,ACHAT,PRÊT EXTERNE,ENSIA
3422,DE LA LOGIQUE A PROLOG-COURS ET EXERCICES,ABIDET.H.BAHI,OPU,2016.0,ALGER,ACHAT,PRÊT EXTERNE,ENSIA
3421,DE LA LOGIQUE A PROLOG-COURS ET EXERCICES,ABIDET.H.BAHI,OPU,2016.0,ALGER,ACHAT,PRÊT EXTERNE,ENSIA
3420,DE LA LOGIQUE A PROLOG-COURS ET EXERCICES,ABIDET.H.BAHI,OPU,2016.0,ALGER,ACHAT,PRÊT EXTERNE,ENSIA
3419,DE LA LOGIQUE A PROLOG-COURS ET EXERCICES,ABIDET.H.BAHI,OPU,2016.0,ALGER,ACHAT,PRÊT EXTERNE,ENSIA
3418,DE LA LOGIQUE A PROLOG-COURS ET EXERCICES,ABIDET.H.BAHI,OPU,2016.0,ALGER,ACHAT,PRÊT EXTERNE,ENSIA
3417,DE LA LOGIQUE A PROLOG-COURS ET EXERCICES,ABIDET.H.BAHI,OPU,2016.0,ALGER,ACHAT,PRÊT EXTERNE,ENSIA
3416,DE LA LOGIQUE A PROLOG-COURS ET EXERCICES,ABIDET.H.BAHI,OPU,2016.0,ALGER,ACHAT,PRÊT EXTERNE,ENSIA
3415,DE LA LOGIQUE A PROLOG-COURS ET EXERCICES,ABIDET.H.BAHI,OPU,2016.0,ALGER,ACHAT,PRÊT EXTERNE,ENSIA
3027,DE LA LOGIQUE A PROLOG-COURS ET EXERCICES,ABIDET.H.BAHI,OPU,2016.0,ALGER,ACHAT,PRÊT EXTERNE,ENSIA
3021,DE LA LOGIQUE A PROLOG-COURS ET EXERCICES,ABIDET.H.BAHI,OPU,2016.0,ALGER,ACHAT,PRÊT EXTERNE,ENSIA
3029,DE LA LOGIQUE A PROLOG-COURS ET EXERCICES,ABIDET.H.BAHI,OPU,2016.0,ALGER,ACHAT,PRÊT EXTERNE,ENSIA
3020,DE LA LOGIQUE A PROLOG-COURS ET EXERCICES,ABIDET.H.BAHI,OPU,2016.0,ALGER,ACHAT,PRÊT EXTERNE,ENSIA
3026,DE LA LOGIQUE A PROLOG-COURS ET EXERCICES,ABIDET.H.BAHI,OPU,2016.0,ALGER,ACHAT,PRÊT EXTERNE,ENSIA
3025,DE LA LOGIQUE A PROLOG-COURS ET EXERCICES,ABIDET.H.BAHI,OPU,2016.0,ALGER,ACHAT,PRÊT EXTERNE,ENSIA
3024,DE LA LOGIQUE A PROLOG-COURS ET EXERCICES,ABIDET.H.BAHI,OPU,2016.0,ALGER,ACHAT,PRÊT EXTERNE,ENSIA
3028,DE LA LOGIQUE A PROLOG-COURS ET EXERCICES,ABIDET.H.BAHI,OPU,2016.0,ALGER,ACHAT,PRÊT EXTERNE,ENSIA
3022,DE LA LOGIQUE A PROLOG-COURS ET EXERCICES,ABIDET.H.BAHI,OPU,2016.0,ALGER,ACHAT,PRÊT EXTERNE,ENSIA
3023,DE LA LOGIQUE A PROLOG-COURS ET EXERCICES,ABIDET.H.BAHI,OPU,2016.0,ALGER,ACHAT,PRÊT EXTERNE,ENSIA
2445,"DE MES CAHIERS D’ANALYSE.. INTÉGRALE DE RIEMANN, CALCUL DE PRIMITIVES, INTÉGRALES IMPROPRES, COURS DÉTAILLÉ ET EXERCICES RÉSOLUS",HAZI MOHAMMED,OPU,2018.0,ALGER,ACHAT,PRÊT EXTERNE,ENSIA
2444,"DE MES CAHIERS D’ANALYSE.. INTÉGRALE DE RIEMANN, CALCUL DE PRIMITIVES, INTÉGRALES IMPROPRES, COURS DÉTAILLÉ ET EXERCICES RÉSOLUS",HAZI MOHAMMED,OPU,2018.0,ALGER,ACHAT,PRÊT EXTERNE,ENSIA
2443,"DE MES CAHIERS D’ANALYSE.. INTÉGRALE DE RIEMANN, CALCUL DE PRIMITIVES, INTÉGRALES IMPROPRES, COURS DÉTAILLÉ ET EXERCICES RÉSOLUS",HAZI MOHAMMED,OPU,2018.0,ALGER,ACHAT,PRÊT EXTERNE,ENSIA
2456,"DE MES CAHIERS D’ANALYSE.. INTÉGRALE DE RIEMANN, CALCUL DE PRIMITIVES, INTÉGRALES IMPROPRES, COURS DÉTAILLÉ ET EXERCICES RÉSOLUS",HAZI MOHAMMED,OPU,2018.0,ALGER,ACHAT,PRÊT EXTERNE,ENSIA
2497,"DE MES CAHIERS D’ANALYSE.. INTÉGRALE DE RIEMANN, CALCUL DE PRIMITIVES, INTÉGRALES IMPROPRES, COURS DÉTAILLÉ ET EXERCICES RÉSOLUS",HAZI MOHAMMED,OPU,2018.0,ALGER,ACHAT,PRÊT EXTERNE,ENSIA
2498,"DE MES CAHIERS D’ANALYSE.. INTÉGRALE DE RIEMANN, CALCUL DE PRIMITIVES, INTÉGRALES IMPROPRES, COURS DÉTAILLÉ ET EXERCICES RÉSOLUS",HAZI MOHAMMED,OPU,2018.0,ALGER,ACHAT,PRÊT EXTERNE,ENSIA
2499,"DE MES CAHIERS D’ANALYSE.. INTÉGRALE DE RIEMANN, CALCUL DE PRIMITIVES, INTÉGRALES IMPROPRES, COURS DÉTAILLÉ ET EXERCICES RÉSOLUS",HAZI MOHAMMED,OPU,2018.0,ALGER,ACHAT,PRÊT EXTERNE,ENSIA
2500,"DE MES CAHIERS D’ANALYSE.. INTÉGRALE DE RIEMANN, CALCUL DE PRIMITIVES, INTÉGRALES IMPROPRES, COURS DÉTAILLÉ ET EXERCICES RÉSOLUS",HAZI MOHAMMED,OPU,2018.0,ALGER,ACHAT,PRÊT EXTERNE,ENSIA
2501,"DE MES CAHIERS D’ANALYSE.. INTÉGRALE DE RIEMANN, CALCUL DE PRIMITIVES, INTÉGRALES IMPROPRES, COURS DÉTAILLÉ ET EXERCICES RÉSOLUS",HAZI MOHAMMED,OPU,2018.0,ALGER,ACHAT,PRÊT EXTERNE,ENSIA
2502,"DE MES CAHIERS D’ANALYSE.. INTÉGRALE DE RIEMANN, CALCUL DE PRIMITIVES, INTÉGRALES IMPROPRES, COURS DÉTAILLÉ ET EXERCICES RÉSOLUS",HAZI MOHAMMED,OPU,2018.0,ALGER,ACHAT,PRÊT EXTERNE,ENSIA
2496,"DE MES CAHIERS D’ANALYSE.. INTÉGRALE DE RIEMANN, CALCUL DE PRIMITIVES, INTÉGRALES IMPROPRES, COURS DÉTAILLÉ ET EXERCICES RÉSOLUS",HAZI MOHAMMED,OPU,2018.0,ALGER,ACHAT,PRÊT EXTERNE,ENSIA
2442,"DE MES CAHIERS D’ANALYSE.. INTÉGRALE DE RIEMANN, CALCUL DE PRIMITIVES, INTÉGRALES IMPROPRES, COURS DÉTAILLÉ ET EXERCICES RÉSOLUS",HAZI MOHAMMED,OPU,2018.0,ALGER,ACHAT,PRÊT EXTERNE,ENSIA
2447,"DE MES CAHIERS D’ANALYSE.. INTÉGRALE DE RIEMANN, CALCUL DE PRIMITIVES, INTÉGRALES IMPROPRES, COURS DÉTAILLÉ ET EXERCICES RÉSOLUS",HAZI MOHAMMED,OPU,2018.0,ALGER,ACHAT,PRÊT EXTERNE,ENSIA
2448,"DE MES CAHIERS D’ANALYSE.. INTÉGRALE DE RIEMANN, CALCUL DE PRIMITIVES, INTÉGRALES IMPROPRES, COURS DÉTAILLÉ ET EXERCICES RÉSOLUS",HAZI MOHAMMED,OPU,2018.0,ALGER,ACHAT,PRÊT EXTERNE,ENSIA
2480,"DE MES CAHIERS D’ANALYSE.. INTÉGRALE DE RIEMANN, CALCUL DE PRIMITIVES, INTÉGRALES IMPROPRES, COURS DÉTAILLÉ ET EXERCICES RÉSOLUS",HAZI MOHAMMED,OPU,2018.0,ALGER,ACHAT,PRÊT EXTERNE,ENSIA
2481,"DE MES CAHIERS D’ANALYSE.. INTÉGRALE DE RIEMANN, CALCUL DE PRIMITIVES, INTÉGRALES IMPROPRES, COURS DÉTAILLÉ ET EXERCICES RÉSOLUS",HAZI MOHAMMED,OPU,2018.0,ALGER,ACHAT,PRÊT EXTERNE,ENSIA
2482,"DE MES CAHIERS D’ANALYSE.. INTÉGRALE DE RIEMANN, CALCUL DE PRIMITIVES, INTÉGRALES IMPROPRES, COURS DÉTAILLÉ ET EXERCICES RÉSOLUS",HAZI MOHAMMED,OPU,2018.0,ALGER,ACHAT,PRÊT EXTERNE,ENSIA
2483,"DE MES CAHIERS D’ANALYSE.. INTÉGRALE DE RIEMANN, CALCUL DE PRIMITIVES, INTÉGRALES IMPROPRES, COURS DÉTAILLÉ ET EXERCICES RÉSOLUS",HAZI MOHAMMED,OPU,2018.0,ALGER,ACHAT,PRÊT EXTERNE,ENSIA
2484,"DE MES CAHIERS D’ANALYSE.. INTÉGRALE DE RIEMANN, CALCUL DE PRIMITIVES, INTÉGRALES IMPROPRES, COURS DÉTAILLÉ ET EXERCICES RÉSOLUS",HAZI MOHAMMED,OPU,2018.0,ALGER,ACHAT,PRÊT EXTERNE,ENSIA
2485,"DE MES CAHIERS D’ANALYSE.. INTÉGRALE DE RIEMANN, CALCUL DE PRIMITIVES, INTÉGRALES IMPROPRES, COURS DÉTAILLÉ ET EXERCICES RÉSOLUS",HAZI MOHAMMED,OPU,2018.0,ALGER,ACHAT,PRÊT EXTERNE,ENSIA
2486,"DE MES CAHIERS D’ANALYSE.. INTÉGRALE DE RIEMANN, CALCUL DE PRIMITIVES, INTÉGRALES IMPROPRES, COURS DÉTAILLÉ ET EXERCICES RÉSOLUS",HAZI MOHAMMED,OPU,2018.0,ALGER,ACHAT,PRÊT EXTERNE,ENSIA
2487,"DE MES CAHIERS D’ANALYSE.. INTÉGRALE DE RIEMANN, CALCUL DE PRIMITIVES, INTÉGRALES IMPROPRES, COURS DÉTAILLÉ ET EXERCICES RÉSOLUS",HAZI MOHAMMED,OPU,2018.0,ALGER,ACHAT,PRÊT EXTERNE,ENSIA
2488,"DE MES CAHIERS D’ANALYSE.. INTÉGRALE DE RIEMANN, CALCUL DE PRIMITIVES, INTÉGRALES IMPROPRES, COURS DÉTAILLÉ ET EXERCICES RÉSOLUS",HAZI MOHAMMED,OPU,2018.0,ALGER,ACHAT,PRÊT EXTERNE,ENSIA
2489,"DE MES CAHIERS D’ANALYSE.. INTÉGRALE DE RIEMANN, CALCUL DE PRIMITIVES, INTÉGRALES IMPROPRES, COURS DÉTAILLÉ ET EXERCICES RÉSOLUS",HAZI MOHAMMED,OPU,2018.0,ALGER,ACHAT,PRÊT EXTERNE,ENSIA
2490,"DE MES CAHIERS D’ANALYSE.. INTÉGRALE DE RIEMANN, CALCUL DE PRIMITIVES, INTÉGRALES IMPROPRES, COURS DÉTAILLÉ ET EXERCICES RÉSOLUS",HAZI MOHAMMED,OPU,2018.0,ALGER,ACHAT,PRÊT EXTERNE,ENSIA
2491,"DE MES CAHIERS D’ANALYSE.. INTÉGRALE DE RIEMANN, CALCUL DE PRIMITIVES, INTÉGRALES IMPROPRES, COURS DÉTAILLÉ ET EXERCICES RÉSOLUS",HAZI MOHAMMED,OPU,2018.0,ALGER,ACHAT,PRÊT EXTERNE,ENSIA
2492,"DE MES CAHIERS D’ANALYSE.. INTÉGRALE DE RIEMANN, CALCUL DE PRIMITIVES, INTÉGRALES IMPROPRES, COURS DÉTAILLÉ ET EXERCICES RÉSOLUS",HAZI MOHAMMED,OPU,2018.0,ALGER,ACHAT,PRÊT EXTERNE,ENSIA
2493,"DE MES CAHIERS D’ANALYSE.. INTÉGRALE DE RIEMANN, CALCUL DE PRIMITIVES, INTÉGRALES IMPROPRES, COURS DÉTAILLÉ ET EXERCICES RÉSOLUS",HAZI MOHAMMED,OPU,2018.0,ALGER,ACHAT,PRÊT EXTERNE,ENSIA
2494,"DE MES CAHIERS D’ANALYSE.. INTÉGRALE DE RIEMANN, CALCUL DE PRIMITIVES, INTÉGRALES IMPROPRES, COURS DÉTAILLÉ ET EXERCICES RÉSOLUS",HAZI MOHAMMED,OPU,2018.0,ALGER,ACHAT,PRÊT EXTERNE,ENSIA
2495,"DE MES CAHIERS D’ANALYSE.. INTÉGRALE DE RIEMANN, CALCUL DE PRIMITIVES, INTÉGRALES IMPROPRES, COURS DÉTAILLÉ ET EXERCICES RÉSOLUS",HAZI MOHAMMED,OPU,2018.0,ALGER,ACHAT,PRÊT EXTERNE,ENSIA
2449,"DE MES CAHIERS D’ANALYSE.. INTÉGRALE DE RIEMANN, CALCUL DE PRIMITIVES, INTÉGRALES IMPROPRES, COURS DÉTAILLÉ ET EXERCICES RÉSOLUS",HAZI MOHAMMED,OPU,2018.0,ALGER,ACHAT,PRÊT EXTERNE,ENSIA
2503,"DE MES CAHIERS D’ANALYSE.. INTÉGRALE DE RIEMANN, CALCUL DE PRIMITIVES, INTÉGRALES IMPROPRES, COURS DÉTAILLÉ ET EXERCICES RÉSOLUS",HAZI MOHAMMED,OPU,2018.0,ALGER,ACHAT,PRÊT EXTERNE,ENSIA
2504,"DE MES CAHIERS D’ANALYSE.. INTÉGRALE DE RIEMANN, CALCUL DE PRIMITIVES, INTÉGRALES IMPROPRES, COURS DÉTAILLÉ ET EXERCICES RÉSOLUS",HAZI MOHAMMED,OPU,2018.0,ALGER,ACHAT,PRÊT EXTERNE,ENSIA
2506,"DE MES CAHIERS D’ANALYSE.. INTÉGRALE DE RIEMANN, CALCUL DE PRIMITIVES, INTÉGRALES IMPROPRES, COURS DÉTAILLÉ ET EXERCICES RÉSOLUS",HAZI MOHAMMED,OPU,2018.0,ALGER,ACHAT,PRÊT EXTERNE,ENSIA
2479,"DE MES CAHIERS D’ANALYSE.. INTÉGRALE DE RIEMANN, CALCUL DE PRIMITIVES, INTÉGRALES IMPROPRES, COURS DÉTAILLÉ ET EXERCICES RÉSOLUS",HAZI MOHAMMED,OPU,2018.0,ALGER,ACHAT,PRÊT EXTERNE,ENSIA
2529,"DE MES CAHIERS D’ANALYSE.. INTÉGRALE DE RIEMANN, CALCUL DE PRIMITIVES, INTÉGRALES IMPROPRES, COURS DÉTAILLÉ ET EXERCICES RÉSOLUS",HAZI MOHAMMED,OPU,2018.0,ALGER,ACHAT,PRÊT EXTERNE,ENSIA
258,"DE MES CAHIERS D’ANALYSE.. INTÉGRALE DE RIEMANN, CALCUL DE PRIMITIVES, INTÉGRALES IMPROPRES, COURS DÉTAILLÉ ET EXERCICES RÉSOLUS",HAZI MOHAMMED,OPU,2018.0,ALGER,ACHAT,PRÊT EXTERNE,ENSIA
2530,"DE MES CAHIERS D’ANALYSE.. INTÉGRALE DE RIEMANN, CALCUL DE PRIMITIVES, INTÉGRALES IMPROPRES, COURS DÉTAILLÉ ET EXERCICES RÉSOLUS",HAZI MOHAMMED,OPU,2018.0,ALGER,ACHAT,PRÊT EXTERNE,ENSIA
2531,"DE MES CAHIERS D’ANALYSE.. INTÉGRALE DE RIEMANN, CALCUL DE PRIMITIVES, INTÉGRALES IMPROPRES, COURS DÉTAILLÉ ET EXERCICES RÉSOLUS",HAZI MOHAMMED,OPU,2018.0,ALGER,ACHAT,PRÊT EXTERNE,ENSIA
2532,"DE MES CAHIERS D’ANALYSE.. INTÉGRALE DE RIEMANN, CALCUL DE PRIMITIVES, INTÉGRALES IMPROPRES, COURS DÉTAILLÉ ET EXERCICES RÉSOLUS",HAZI MOHAMMED,OPU,2018.0,ALGER,ACHAT,PRÊT EXTERNE,ENSIA
2533,"DE MES CAHIERS D’ANALYSE.. INTÉGRALE DE RIEMANN, CALCUL DE PRIMITIVES, INTÉGRALES IMPROPRES, COURS DÉTAILLÉ ET EXERCICES RÉSOLUS",HAZI MOHAMMED,OPU,2018.0,ALGER,ACHAT,PRÊT EXTERNE,ENSIA
2534,"DE MES CAHIERS D’ANALYSE.. INTÉGRALE DE RIEMANN, CALCUL DE PRIMITIVES, INTÉGRALES IMPROPRES, COURS DÉTAILLÉ ET EXERCICES RÉSOLUS",HAZI MOHAMMED,OPU,2018.0,ALGER,ACHAT,PRÊT EXTERNE,ENSIA
2535,"DE MES CAHIERS D’ANALYSE.. INTÉGRALE DE RIEMANN, CALCUL DE PRIMITIVES, INTÉGRALES IMPROPRES, COURS DÉTAILLÉ ET EXERCICES RÉSOLUS",HAZI MOHAMMED,OPU,2018.0,ALGER,ACHAT,PRÊT EXTERNE,ENSIA
2536,"DE MES CAHIERS D’ANALYSE.. INTÉGRALE DE RIEMANN, CALCUL DE PRIMITIVES, INTÉGRALES IMPROPRES, COURS DÉTAILLÉ ET EXERCICES RÉSOLUS",HAZI MOHAMMED,OPU,2018.0,ALGER,ACHAT,PRÊT EXTERNE,ENSIA
2537,"DE MES CAHIERS D’ANALYSE.. INTÉGRALE DE RIEMANN, CALCUL DE PRIMITIVES, INTÉGRALES IMPROPRES, COURS DÉTAILLÉ ET EXERCICES RÉSOLUS",HAZI MOHAMMED,OPU,2018.0,ALGER,ACHAT,PRÊT EXTERNE,ENSIA
2538,"DE MES CAHIERS D’ANALYSE.. INTÉGRALE DE RIEMANN, CALCUL DE PRIMITIVES, INTÉGRALES IMPROPRES, COURS DÉTAILLÉ ET EXERCICES RÉSOLUS",HAZI MOHAMMED,OPU,2018.0,ALGER,ACHAT,PRÊT EXTERNE,ENSIA
2441,"DE MES CAHIERS D’ANALYSE.. INTÉGRALE DE RIEMANN, CALCUL DE PRIMITIVES, INTÉGRALES IMPROPRES, COURS DÉTAILLÉ ET EXERCICES RÉSOLUS",HAZI MOHAMMED,OPU,2018.0,ALGER,ACHAT,PRÊT EXTERNE,ENSIA
2440,"DE MES CAHIERS D’ANALYSE.. INTÉGRALE DE RIEMANN, CALCUL DE PRIMITIVES, INTÉGRALES IMPROPRES, COURS DÉTAILLÉ ET EXERCICES RÉSOLUS",HAZI MOHAMMED,OPU,2018.0,ALGER,ACHAT,PRÊT EXTERNE,ENSIA
2455,"DE MES CAHIERS D’ANALYSE.. INTÉGRALE DE RIEMANN, CALCUL DE PRIMITIVES, INTÉGRALES IMPROPRES, COURS DÉTAILLÉ ET EXERCICES RÉSOLUS",HAZI MOHAMMED,OPU,2018.0,ALGER,ACHAT,PRÊT EXTERNE,ENSIA
2539,"DE MES CAHIERS D’ANALYSE.. INTÉGRALE DE RIEMANN, CALCUL DE PRIMITIVES, INTÉGRALES IMPROPRES, COURS DÉTAILLÉ ET EXERCICES RÉSOLUS",HAZI MOHAMMED,OPU,2018.0,ALGER,ACHAT,PRÊT EXTERNE,ENSIA
255,"DE MES CAHIERS D’ANALYSE.. INTÉGRALE DE RIEMANN, CALCUL DE PRIMITIVES, INTÉGRALES IMPROPRES, COURS DÉTAILLÉ ET EXERCICES RÉSOLUS",HAZI MOHAMMED,OPU,2018.0,ALGER,ACHAT,CONSULTATION SUR PLACE,ENSIA
256,"DE MES CAHIERS D’ANALYSE.. INTÉGRALE DE RIEMANN, CALCUL DE PRIMITIVES, INTÉGRALES IMPROPRES, COURS DÉTAILLÉ ET EXERCICES RÉSOLUS",HAZI MOHAMMED,OPU,2018.0,ALGER,ACHAT,PRÊT EXTERNE,ENSIA
2528,"DE MES CAHIERS D’ANALYSE.. INTÉGRALE DE RIEMANN, CALCUL DE PRIMITIVES, INTÉGRALES IMPROPRES, COURS DÉTAILLÉ ET EXERCICES RÉSOLUS",HAZI MOHAMMED,OPU,2018.0,ALGER,ACHAT,PRÊT EXTERNE,ENSIA
2527,"DE MES CAHIERS D’ANALYSE.. INTÉGRALE DE RIEMANN, CALCUL DE PRIMITIVES, INTÉGRALES IMPROPRES, COURS DÉTAILLÉ ET EXERCICES RÉSOLUS",HAZI MOHAMMED,OPU,2018.0,ALGER,ACHAT,PRÊT EXTERNE,ENSIA
2526,"DE MES CAHIERS D’ANALYSE.. INTÉGRALE DE RIEMANN, CALCUL DE PRIMITIVES, INTÉGRALES IMPROPRES, COURS DÉTAILLÉ ET EXERCICES RÉSOLUS",HAZI MOHAMMED,OPU,2018.0,ALGER,ACHAT,PRÊT EXTERNE,ENSIA
2525,"DE MES CAHIERS D’ANALYSE.. INTÉGRALE DE RIEMANN, CALCUL DE PRIMITIVES, INTÉGRALES IMPROPRES, COURS DÉTAILLÉ ET EXERCICES RÉSOLUS",HAZI MOHAMMED,OPU,2018.0,ALGER,ACHAT,PRÊT EXTERNE,ENSIA
2507,"DE MES CAHIERS D’ANALYSE.. INTÉGRALE DE RIEMANN, CALCUL DE PRIMITIVES, INTÉGRALES IMPROPRES, COURS DÉTAILLÉ ET EXERCICES RÉSOLUS",HAZI MOHAMMED,OPU,2018.0,ALGER,ACHAT,PRÊT EXTERNE,ENSIA
2508,"DE MES CAHIERS D’ANALYSE.. INTÉGRALE DE RIEMANN, CALCUL DE PRIMITIVES, INTÉGRALES IMPROPRES, COURS DÉTAILLÉ ET EXERCICES RÉSOLUS",HAZI MOHAMMED,OPU,2018.0,ALGER,ACHAT,PRÊT EXTERNE,ENSIA
2509,"DE MES CAHIERS D’ANALYSE.. INTÉGRALE DE RIEMANN, CALCUL DE PRIMITIVES, INTÉGRALES IMPROPRES, COURS DÉTAILLÉ ET EXERCICES RÉSOLUS",HAZI MOHAMMED,OPU,2018.0,ALGER,ACHAT,PRÊT EXTERNE,ENSIA
2510,"DE MES CAHIERS D’ANALYSE.. INTÉGRALE DE RIEMANN, CALCUL DE PRIMITIVES, INTÉGRALES IMPROPRES, COURS DÉTAILLÉ ET EXERCICES RÉSOLUS",HAZI MOHAMMED,OPU,2018.0,ALGER,ACHAT,PRÊT EXTERNE,ENSIA
2511,"DE MES CAHIERS D’ANALYSE.. INTÉGRALE DE RIEMANN, CALCUL DE PRIMITIVES, INTÉGRALES IMPROPRES, COURS DÉTAILLÉ ET EXERCICES RÉSOLUS",HAZI MOHAMMED,OPU,2018.0,ALGER,ACHAT,PRÊT EXTERNE,ENSIA
2512,"DE MES CAHIERS D’ANALYSE.. INTÉGRALE DE RIEMANN, CALCUL DE PRIMITIVES, INTÉGRALES IMPROPRES, COURS DÉTAILLÉ ET EXERCICES RÉSOLUS",HAZI MOHAMMED,OPU,2018.0,ALGER,ACHAT,PRÊT EXTERNE,ENSIA
2513,"DE MES CAHIERS D’ANALYSE.. INTÉGRALE DE RIEMANN, CALCUL DE PRIMITIVES, INTÉGRALES IMPROPRES, COURS DÉTAILLÉ ET EXERCICES RÉSOLUS",HAZI MOHAMMED,OPU,2018.0,ALGER,ACHAT,PRÊT EXTERNE,ENSIA
2514,"DE MES CAHIERS D’ANALYSE.. INTÉGRALE DE RIEMANN, CALCUL DE PRIMITIVES, INTÉGRALES IMPROPRES, COURS DÉTAILLÉ ET EXERCICES RÉSOLUS",HAZI MOHAMMED,OPU,2018.0,ALGER,ACHAT,PRÊT EXTERNE,ENSIA
2505,"DE MES CAHIERS D’ANALYSE.. INTÉGRALE DE RIEMANN, CALCUL DE PRIMITIVES, INTÉGRALES IMPROPRES, COURS DÉTAILLÉ ET EXERCICES RÉSOLUS",HAZI MOHAMMED,OPU,2018.0,ALGER,ACHAT,PRÊT EXTERNE,ENSIA
2515,"DE MES CAHIERS D’ANALYSE.. INTÉGRALE DE RIEMANN, CALCUL DE PRIMITIVES, INTÉGRALES IMPROPRES, COURS DÉTAILLÉ ET EXERCICES RÉSOLUS",HAZI MOHAMMED,OPU,2018.0,ALGER,ACHAT,PRÊT EXTERNE,ENSIA
2517,"DE MES CAHIERS D’ANALYSE.. INTÉGRALE DE RIEMANN, CALCUL DE PRIMITIVES, INTÉGRALES IMPROPRES, COURS DÉTAILLÉ ET EXERCICES RÉSOLUS",HAZI MOHAMMED,OPU,2018.0,ALGER,ACHAT,PRÊT EXTERNE,ENSIA
2518,"DE MES CAHIERS D’ANALYSE.. INTÉGRALE DE RIEMANN, CALCUL DE PRIMITIVES, INTÉGRALES IMPROPRES, COURS DÉTAILLÉ ET EXERCICES RÉSOLUS",HAZI MOHAMMED,OPU,2018.0,ALGER,ACHAT,PRÊT EXTERNE,ENSIA
2519,"DE MES CAHIERS D’ANALYSE.. INTÉGRALE DE RIEMANN, CALCUL DE PRIMITIVES, INTÉGRALES IMPROPRES, COURS DÉTAILLÉ ET EXERCICES RÉSOLUS",HAZI MOHAMMED,OPU,2018.0,ALGER,ACHAT,PRÊT EXTERNE,ENSIA
2520,"DE MES CAHIERS D’ANALYSE.. INTÉGRALE DE RIEMANN, CALCUL DE PRIMITIVES, INTÉGRALES IMPROPRES, COURS DÉTAILLÉ ET EXERCICES RÉSOLUS",HAZI MOHAMMED,OPU,2018.0,ALGER,ACHAT,PRÊT EXTERNE,ENSIA
2521,"DE MES CAHIERS D’ANALYSE.. INTÉGRALE DE RIEMANN, CALCUL DE PRIMITIVES, INTÉGRALES IMPROPRES, COURS DÉTAILLÉ ET EXERCICES RÉSOLUS",HAZI MOHAMMED,OPU,2018.0,ALGER,ACHAT,PRÊT EXTERNE,ENSIA
2522,"DE MES CAHIERS D’ANALYSE.. INTÉGRALE DE RIEMANN, CALCUL DE PRIMITIVES, INTÉGRALES IMPROPRES, COURS DÉTAILLÉ ET EXERCICES RÉSOLUS",HAZI MOHAMMED,OPU,2018.0,ALGER,ACHAT,PRÊT EXTERNE,ENSIA
2523,"DE MES CAHIERS D’ANALYSE.. INTÉGRALE DE RIEMANN, CALCUL DE PRIMITIVES, INTÉGRALES IMPROPRES, COURS DÉTAILLÉ ET EXERCICES RÉSOLUS",HAZI MOHAMMED,OPU,2018.0,ALGER,ACHAT,PRÊT EXTERNE,ENSIA
2524,"DE MES CAHIERS D’ANALYSE.. INTÉGRALE DE RIEMANN, CALCUL DE PRIMITIVES, INTÉGRALES IMPROPRES, COURS DÉTAILLÉ ET EXERCICES RÉSOLUS",HAZI MOHAMMED,OPU,2018.0,ALGER,ACHAT,PRÊT EXTERNE,ENSIA
2516,"DE MES CAHIERS D’ANALYSE.. INTÉGRALE DE RIEMANN, CALCUL DE PRIMITIVES, INTÉGRALES IMPROPRES, COURS DÉTAILLÉ ET EXERCICES RÉSOLUS",HAZI MOHAMMED,OPU,2018.0,ALGER,ACHAT,PRÊT EXTERNE,ENSIA
2478,"DE MES CAHIERS D’ANALYSE.. INTÉGRALE DE RIEMANN, CALCUL DE PRIMITIVES, INTÉGRALES IMPROPRES, COURS DÉTAILLÉ ET EXERCICES RÉSOLUS",HAZI MOHAMMED,OPU,2018.0,ALGER,ACHAT,PRÊT EXTERNE,ENSIA
2446,"DE MES CAHIERS D’ANALYSE.. INTÉGRALE DE RIEMANN, CALCUL DE PRIMITIVES, INTÉGRALES IMPROPRES, COURS DÉTAILLÉ ET EXERCICES RÉSOLUS",HAZI MOHAMMED,OPU,2018.0,ALGER,ACHAT,PRÊT EXTERNE,ENSIA
2472,"DE MES CAHIERS D’ANALYSE.. INTÉGRALE DE RIEMANN, CALCUL DE PRIMITIVES, INTÉGRALES IMPROPRES, COURS DÉTAILLÉ ET EXERCICES RÉSOLUS",HAZI MOHAMMED,OPU,2018.0,ALGER,ACHAT,PRÊT EXTERNE,ENSIA
1604,"DE MES CAHIERS D’ANALYSE.. INTÉGRALE DE RIEMANN, CALCUL DE PRIMITIVES, INTÉGRALES IMPROPRES, COURS DÉTAILLÉ ET EXERCICES RÉSOLUS",HAZI MOHAMMED,OPU,2018.0,ALGER,ACHAT,PRÊT EXTERNE,ENSIA
1603,"DE MES CAHIERS D’ANALYSE.. INTÉGRALE DE RIEMANN, CALCUL DE PRIMITIVES, INTÉGRALES IMPROPRES, COURS DÉTAILLÉ ET EXERCICES RÉSOLUS",HAZI MOHAMMED,OPU,2018.0,ALGER,ACHAT,PRÊT EXTERNE,ENSIA
1602,"DE MES CAHIERS D’ANALYSE.. INTÉGRALE DE RIEMANN, CALCUL DE PRIMITIVES, INTÉGRALES IMPROPRES, COURS DÉTAILLÉ ET EXERCICES RÉSOLUS",HAZI MOHAMMED,OPU,2018.0,ALGER,ACHAT,PRÊT EXTERNE,ENSIA
1601,"DE MES CAHIERS D’ANALYSE.. INTÉGRALE DE RIEMANN, CALCUL DE PRIMITIVES, INTÉGRALES IMPROPRES, COURS DÉTAILLÉ ET EXERCICES RÉSOLUS",HAZI MOHAMMED,OPU,2018.0,ALGER,ACHAT,PRÊT EXTERNE,ENSIA
1600,"DE MES CAHIERS D’ANALYSE.. INTÉGRALE DE RIEMANN, CALCUL DE PRIMITIVES, INTÉGRALES IMPROPRES, COURS DÉTAILLÉ ET EXERCICES RÉSOLUS",HAZI MOHAMMED,OPU,2018.0,ALGER,ACHAT,PRÊT EXTERNE,ENSIA
2454,"DE MES CAHIERS D’ANALYSE.. INTÉGRALE DE RIEMANN, CALCUL DE PRIMITIVES, INTÉGRALES IMPROPRES, COURS DÉTAILLÉ ET EXERCICES RÉSOLUS",HAZI MOHAMMED,OPU,2018.0,ALGER,ACHAT,PRÊT EXTERNE,ENSIA
1605,"DE MES CAHIERS D’ANALYSE.. INTÉGRALE DE RIEMANN, CALCUL DE PRIMITIVES, INTÉGRALES IMPROPRES, COURS DÉTAILLÉ ET EXERCICES RÉSOLUS",HAZI MOHAMMED,OPU,2018.0,ALGER,ACHAT,PRÊT EXTERNE,ENSIA
2453,"DE MES CAHIERS D’ANALYSE.. INTÉGRALE DE RIEMANN, CALCUL DE PRIMITIVES, INTÉGRALES IMPROPRES, COURS DÉTAILLÉ ET EXERCICES RÉSOLUS",HAZI MOHAMMED,OPU,2018.0,ALGER,ACHAT,PRÊT EXTERNE,ENSIA
2451,"DE MES CAHIERS D’ANALYSE.. INTÉGRALE DE RIEMANN, CALCUL DE PRIMITIVES, INTÉGRALES IMPROPRES, COURS DÉTAILLÉ ET EXERCICES RÉSOLUS",HAZI MOHAMMED,OPU,2018.0,ALGER,ACHAT,PRÊT EXTERNE,ENSIA
1599,"DE MES CAHIERS D’ANALYSE.. INTÉGRALE DE RIEMANN, CALCUL DE PRIMITIVES, INTÉGRALES IMPROPRES, COURS DÉTAILLÉ ET EXERCICES RÉSOLUS",HAZI MOHAMMED,OPU,2018.0,ALGER,ACHAT,PRÊT EXTERNE,ENSIA
1598,"DE MES CAHIERS D’ANALYSE.. INTÉGRALE DE RIEMANN, CALCUL DE PRIMITIVES, INTÉGRALES IMPROPRES, COURS DÉTAILLÉ ET EXERCICES RÉSOLUS",HAZI MOHAMMED,OPU,2018.0,ALGER,ACHAT,PRÊT EXTERNE,ENSIA
1597,"DE MES CAHIERS D’ANALYSE.. INTÉGRALE DE RIEMANN, CALCUL DE PRIMITIVES, INTÉGRALES IMPROPRES, COURS DÉTAILLÉ ET EXERCICES RÉSOLUS",HAZI MOHAMMED,OPU,2018.0,ALGER,ACHAT,PRÊT EXTERNE,ENSIA
1596,"DE MES CAHIERS D’ANALYSE.. INTÉGRALE DE RIEMANN, CALCUL DE PRIMITIVES, INTÉGRALES IMPROPRES, COURS DÉTAILLÉ ET EXERCICES RÉSOLUS",HAZI MOHAMMED,OPU,2018.0,ALGER,ACHAT,PRÊT EXTERNE,ENSIA
1595,"DE MES CAHIERS D’ANALYSE.. INTÉGRALE DE RIEMANN, CALCUL DE PRIMITIVES, INTÉGRALES IMPROPRES, COURS DÉTAILLÉ ET EXERCICES RÉSOLUS",HAZI MOHAMMED,OPU,2018.0,ALGER,ACHAT,PRÊT EXTERNE,ENSIA
2452,"DE MES CAHIERS D’ANALYSE.. INTÉGRALE DE RIEMANN, CALCUL DE PRIMITIVES, INTÉGRALES IMPROPRES, COURS DÉTAILLÉ ET EXERCICES RÉSOLUS",HAZI MOHAMMED,OPU,2018.0,ALGER,ACHAT,PRÊT EXTERNE,ENSIA
1594,"DE MES CAHIERS D’ANALYSE.. INTÉGRALE DE RIEMANN, CALCUL DE PRIMITIVES, INTÉGRALES IMPROPRES, COURS DÉTAILLÉ ET EXERCICES RÉSOLUS",HAZI MOHAMMED,OPU,2018.0,ALGER,ACHAT,PRÊT EXTERNE,ENSIA
2474,"DE MES CAHIERS D’ANALYSE.. INTÉGRALE DE RIEMANN, CALCUL DE PRIMITIVES, INTÉGRALES IMPROPRES, COURS DÉTAILLÉ ET EXERCICES RÉSOLUS",HAZI MOHAMMED,OPU,2018.0,ALGER,ACHAT,PRÊT EXTERNE,ENSIA
2471,"DE MES CAHIERS D’ANALYSE.. INTÉGRALE DE RIEMANN, CALCUL DE PRIMITIVES, INTÉGRALES IMPROPRES, COURS DÉTAILLÉ ET EXERCICES RÉSOLUS",HAZI MOHAMMED,OPU,2018.0,ALGER,ACHAT,PRÊT EXTERNE,ENSIA
2457,"DE MES CAHIERS D’ANALYSE.. INTÉGRALE DE RIEMANN, CALCUL DE PRIMITIVES, INTÉGRALES IMPROPRES, COURS DÉTAILLÉ ET EXERCICES RÉSOLUS",HAZI MOHAMMED,OPU,2018.0,ALGER,ACHAT,PRÊT EXTERNE,ENSIA
2458,"DE MES CAHIERS D’ANALYSE.. INTÉGRALE DE RIEMANN, CALCUL DE PRIMITIVES, INTÉGRALES IMPROPRES, COURS DÉTAILLÉ ET EXERCICES RÉSOLUS",HAZI MOHAMMED,OPU,2018.0,ALGER,ACHAT,PRÊT EXTERNE,ENSIA
2459,"DE MES CAHIERS D’ANALYSE.. INTÉGRALE DE RIEMANN, CALCUL DE PRIMITIVES, INTÉGRALES IMPROPRES, COURS DÉTAILLÉ ET EXERCICES RÉSOLUS",HAZI MOHAMMED,OPU,2018.0,ALGER,ACHAT,PRÊT EXTERNE,ENSIA
2460,"DE MES CAHIERS D’ANALYSE.. INTÉGRALE DE RIEMANN, CALCUL DE PRIMITIVES, INTÉGRALES IMPROPRES, COURS DÉTAILLÉ ET EXERCICES RÉSOLUS",HAZI MOHAMMED,OPU,2018.0,ALGER,ACHAT,PRÊT EXTERNE,ENSIA
2461,"DE MES CAHIERS D’ANALYSE.. INTÉGRALE DE RIEMANN, CALCUL DE PRIMITIVES, INTÉGRALES IMPROPRES, COURS DÉTAILLÉ ET EXERCICES RÉSOLUS",HAZI MOHAMMED,OPU,2018.0,ALGER,ACHAT,PRÊT EXTERNE,ENSIA
2462,"DE MES CAHIERS D’ANALYSE.. INTÉGRALE DE RIEMANN, CALCUL DE PRIMITIVES, INTÉGRALES IMPROPRES, COURS DÉTAILLÉ ET EXERCICES RÉSOLUS",HAZI MOHAMMED,OPU,2018.0,ALGER,ACHAT,PRÊT EXTERNE,ENSIA
2473,"DE MES CAHIERS D’ANALYSE.. INTÉGRALE DE RIEMANN, CALCUL DE PRIMITIVES, INTÉGRALES IMPROPRES, COURS DÉTAILLÉ ET EXERCICES RÉSOLUS",HAZI MOHAMMED,OPU,2018.0,ALGER,ACHAT,PRÊT EXTERNE,ENSIA
2463,"DE MES CAHIERS D’ANALYSE.. INTÉGRALE DE RIEMANN, CALCUL DE PRIMITIVES, INTÉGRALES IMPROPRES, COURS DÉTAILLÉ ET EXERCICES RÉSOLUS",HAZI MOHAMMED,OPU,2018.0,ALGER,ACHAT,PRÊT EXTERNE,ENSIA
2465,"DE MES CAHIERS D’ANALYSE.. INTÉGRALE DE RIEMANN, CALCUL DE PRIMITIVES, INTÉGRALES IMPROPRES, COURS DÉTAILLÉ ET EXERCICES RÉSOLUS",HAZI MOHAMMED,OPU,2018.0,ALGER,ACHAT,PRÊT EXTERNE,ENSIA
2466,"DE MES CAHIERS D’ANALYSE.. INTÉGRALE DE RIEMANN, CALCUL DE PRIMITIVES, INTÉGRALES IMPROPRES, COURS DÉTAILLÉ ET EXERCICES RÉSOLUS",HAZI MOHAMMED,OPU,2018.0,ALGER,ACHAT,PRÊT EXTERNE,ENSIA
2467,"DE MES CAHIERS D’ANALYSE.. INTÉGRALE DE RIEMANN, CALCUL DE PRIMITIVES, INTÉGRALES IMPROPRES, COURS DÉTAILLÉ ET EXERCICES RÉSOLUS",HAZI MOHAMMED,OPU,2018.0,ALGER,ACHAT,PRÊT EXTERNE,ENSIA
2468,"DE MES CAHIERS D’ANALYSE.. INTÉGRALE DE RIEMANN, CALCUL DE PRIMITIVES, INTÉGRALES IMPROPRES, COURS DÉTAILLÉ ET EXERCICES RÉSOLUS",HAZI MOHAMMED,OPU,2018.0,ALGER,ACHAT,PRÊT EXTERNE,ENSIA
2469,"DE MES CAHIERS D’ANALYSE.. INTÉGRALE DE RIEMANN, CALCUL DE PRIMITIVES, INTÉGRALES IMPROPRES, COURS DÉTAILLÉ ET EXERCICES RÉSOLUS",HAZI MOHAMMED,OPU,2018.0,ALGER,ACHAT,PRÊT EXTERNE,ENSIA
2470,"DE MES CAHIERS D’ANALYSE.. INTÉGRALE DE RIEMANN, CALCUL DE PRIMITIVES, INTÉGRALES IMPROPRES, COURS DÉTAILLÉ ET EXERCICES RÉSOLUS",HAZI MOHAMMED,OPU,2018.0,ALGER,ACHAT,PRÊT EXTERNE,ENSIA
2464,"DE MES CAHIERS D’ANALYSE.. INTÉGRALE DE RIEMANN, CALCUL DE PRIMITIVES, INTÉGRALES IMPROPRES, COURS DÉTAILLÉ ET EXERCICES RÉSOLUS",HAZI MOHAMMED,OPU,2018.0,ALGER,ACHAT,PRÊT EXTERNE,ENSIA
1593,"DE MES CAHIERS D’ANALYSE.. INTÉGRALE DE RIEMANN, CALCUL DE PRIMITIVES, INTÉGRALES IMPROPRES, COURS DÉTAILLÉ ET EXERCICES RÉSOLUS",HAZI MOHAMMED,OPU,2018.0,ALGER,ACHAT,PRÊT EXTERNE,ENSIA
257,"DE MES CAHIERS D’ANALYSE.. INTÉGRALE DE RIEMANN, CALCUL DE PRIMITIVES, INTÉGRALES IMPROPRES, COURS DÉTAILLÉ ET EXERCICES RÉSOLUS",HAZI MOHAMMED,OPU,2018.0,ALGER,ACHAT,PRÊT EXTERNE,ENSIA
2450,"DE MES CAHIERS D’ANALYSE.. INTÉGRALE DE RIEMANN, CALCUL DE PRIMITIVES, INTÉGRALES IMPROPRES, COURS DÉTAILLÉ ET EXERCICES RÉSOLUS",HAZI MOHAMMED,OPU,2018.0,ALGER,ACHAT,PRÊT EXTERNE,ENSIA
2476,"DE MES CAHIERS D’ANALYSE.. INTÉGRALE DE RIEMANN, CALCUL DE PRIMITIVES, INTÉGRALES IMPROPRES, COURS DÉTAILLÉ ET EXERCICES RÉSOLUS",HAZI MOHAMMED,OPU,2018.0,ALGER,ACHAT,PRÊT EXTERNE,ENSIA
2477,"DE MES CAHIERS D’ANALYSE.. INTÉGRALE DE RIEMANN, CALCUL DE PRIMITIVES, INTÉGRALES IMPROPRES, COURS DÉTAILLÉ ET EXERCICES RÉSOLUS",HAZI MOHAMMED,OPU,2018.0,ALGER,ACHAT,PRÊT EXTERNE,ENSIA
2475,"DE MES CAHIERS D’ANALYSE.. INTÉGRALE DE RIEMANN, CALCUL DE PRIMITIVES, INTÉGRALES IMPROPRES, COURS DÉTAILLÉ ET EXERCICES RÉSOLUS",HAZI MOHAMMED,OPU,2018.0,ALGER,ACHAT,PRÊT EXTERNE,ENSIA
1586,"DE MES CAHIERS D’ANALYSE.. INTÉGRALE DE RIEMANN, CALCUL DE PRIMITIVES, INTÉGRALES IMPROPRES, COURS DÉTAILLÉ ET EXERCICES RÉSOLUS",HAZI MOHAMMED,OPU,2018.0,ALGER,ACHAT,PRÊT EXTERNE,ENSIA
1587,"DE MES CAHIERS D’ANALYSE.. INTÉGRALE DE RIEMANN, CALCUL DE PRIMITIVES, INTÉGRALES IMPROPRES, COURS DÉTAILLÉ ET EXERCICES RÉSOLUS",HAZI MOHAMMED,OPU,2018.0,ALGER,ACHAT,PRÊT EXTERNE,ENSIA
1592,"DE MES CAHIERS D’ANALYSE.. INTÉGRALE DE RIEMANN, CALCUL DE PRIMITIVES, INTÉGRALES IMPROPRES, COURS DÉTAILLÉ ET EXERCICES RÉSOLUS",HAZI MOHAMMED,OPU,2018.0,ALGER,ACHAT,PRÊT EXTERNE,ENSIA
1589,"DE MES CAHIERS D’ANALYSE.. INTÉGRALE DE RIEMANN, CALCUL DE PRIMITIVES, INTÉGRALES IMPROPRES, COURS DÉTAILLÉ ET EXERCICES RÉSOLUS",HAZI MOHAMMED,OPU,2018.0,ALGER,ACHAT,PRÊT EXTERNE,ENSIA
1590,"DE MES CAHIERS D’ANALYSE.. INTÉGRALE DE RIEMANN, CALCUL DE PRIMITIVES, INTÉGRALES IMPROPRES, COURS DÉTAILLÉ ET EXERCICES RÉSOLUS",HAZI MOHAMMED,OPU,2018.0,ALGER,ACHAT,PRÊT EXTERNE,ENSIA
1591,"DE MES CAHIERS D’ANALYSE.. INTÉGRALE DE RIEMANN, CALCUL DE PRIMITIVES, INTÉGRALES IMPROPRES, COURS DÉTAILLÉ ET EXERCICES RÉSOLUS",HAZI MOHAMMED,OPU,2018.0,ALGER,ACHAT,PRÊT EXTERNE,ENSIA
1588,"DE MES CAHIERS D’ANALYSE.. INTÉGRALE DE RIEMANN, CALCUL DE PRIMITIVES, INTÉGRALES IMPROPRES, COURS DÉTAILLÉ ET EXERCICES RÉSOLUS",HAZI MOHAMMED,OPU,2018.0,ALGER,ACHAT,PRÊT EXTERNE,ENSIA
2307,"DE MES CAHIERS D’ANALYSE… FONCTIONS RÉELLES D’UNE VARIABLE RÉELLE : LIMITES, CONTINUITÉ ET.. COURS DÉTAILLÉ ET EXERCICES RÉSOLUS",HAZI MOHAMMED,OPU,2018.0,ALGER,ACHAT,PRÊT EXTERNE,ENSIA
2312,"DE MES CAHIERS D’ANALYSE… FONCTIONS RÉELLES D’UNE VARIABLE RÉELLE : LIMITES, CONTINUITÉ ET.. COURS DÉTAILLÉ ET EXERCICES RÉSOLUS",HAZI MOHAMMED,OPU,2018.0,ALGER,ACHAT,PRÊT EXTERNE,ENSIA
2311,"DE MES CAHIERS D’ANALYSE… FONCTIONS RÉELLES D’UNE VARIABLE RÉELLE : LIMITES, CONTINUITÉ ET.. COURS DÉTAILLÉ ET EXERCICES RÉSOLUS",HAZI MOHAMMED,OPU,2018.0,ALGER,ACHAT,PRÊT EXTERNE,ENSIA
2310,"DE MES CAHIERS D’ANALYSE… FONCTIONS RÉELLES D’UNE VARIABLE RÉELLE : LIMITES, CONTINUITÉ ET.. COURS DÉTAILLÉ ET EXERCICES RÉSOLUS",HAZI MOHAMMED,OPU,2018.0,ALGER,ACHAT,PRÊT EXTERNE,ENSIA
2309,"DE MES CAHIERS D’ANALYSE… FONCTIONS RÉELLES D’UNE VARIABLE RÉELLE : LIMITES, CONTINUITÉ ET.. COURS DÉTAILLÉ ET EXERCICES RÉSOLUS",HAZI MOHAMMED,OPU,2018.0,ALGER,ACHAT,PRÊT EXTERNE,ENSIA
2308,"DE MES CAHIERS D’ANALYSE… FONCTIONS RÉELLES D’UNE VARIABLE RÉELLE : LIMITES, CONTINUITÉ ET.. COURS DÉTAILLÉ ET EXERCICES RÉSOLUS",HAZI MOHAMMED,OPU,2018.0,ALGER,ACHAT,PRÊT EXTERNE,ENSIA
2313,"DE MES CAHIERS D’ANALYSE… FONCTIONS RÉELLES D’UNE VARIABLE RÉELLE : LIMITES, CONTINUITÉ ET.. COURS DÉTAILLÉ ET EXERCICES RÉSOLUS",HAZI MOHAMMED,OPU,2018.0,ALGER,ACHAT,PRÊT EXTERNE,ENSIA
2314,"DE MES CAHIERS D’ANALYSE… FONCTIONS RÉELLES D’UNE VARIABLE RÉELLE : LIMITES, CONTINUITÉ ET.. COURS DÉTAILLÉ ET EXERCICES RÉSOLUS",HAZI MOHAMMED,OPU,2018.0,ALGER,ACHAT,PRÊT EXTERNE,ENSIA
2306,"DE MES CAHIERS D’ANALYSE… FONCTIONS RÉELLES D’UNE VARIABLE RÉELLE : LIMITES, CONTINUITÉ ET.. COURS DÉTAILLÉ ET EXERCICES RÉSOLUS",HAZI MOHAMMED,OPU,2018.0,ALGER,ACHAT,PRÊT EXTERNE,ENSIA
2302,"DE MES CAHIERS D’ANALYSE… FONCTIONS RÉELLES D’UNE VARIABLE RÉELLE : LIMITES, CONTINUITÉ ET.. COURS DÉTAILLÉ ET EXERCICES RÉSOLUS",HAZI MOHAMMED,OPU,2018.0,ALGER,ACHAT,PRÊT EXTERNE,ENSIA
2304,"DE MES CAHIERS D’ANALYSE… FONCTIONS RÉELLES D’UNE VARIABLE RÉELLE : LIMITES, CONTINUITÉ ET.. COURS DÉTAILLÉ ET EXERCICES RÉSOLUS",HAZI MOHAMMED,OPU,2018.0,ALGER,ACHAT,PRÊT EXTERNE,ENSIA
2303,"DE MES CAHIERS D’ANALYSE… FONCTIONS RÉELLES D’UNE VARIABLE RÉELLE : LIMITES, CONTINUITÉ ET.. COURS DÉTAILLÉ ET EXERCICES RÉSOLUS",HAZI MOHAMMED,OPU,2018.0,ALGER,ACHAT,PRÊT EXTERNE,ENSIA
2315,"DE MES CAHIERS D’ANALYSE… FONCTIONS RÉELLES D’UNE VARIABLE RÉELLE : LIMITES, CONTINUITÉ ET.. COURS DÉTAILLÉ ET EXERCICES RÉSOLUS",HAZI MOHAMMED,OPU,2018.0,ALGER,ACHAT,PRÊT EXTERNE,ENSIA
2301,"DE MES CAHIERS D’ANALYSE… FONCTIONS RÉELLES D’UNE VARIABLE RÉELLE : LIMITES, CONTINUITÉ ET.. COURS DÉTAILLÉ ET EXERCICES RÉSOLUS",HAZI MOHAMMED,OPU,2018.0,ALGER,ACHAT,PRÊT EXTERNE,ENSIA
2300,"DE MES CAHIERS D’ANALYSE… FONCTIONS RÉELLES D’UNE VARIABLE RÉELLE : LIMITES, CONTINUITÉ ET.. COURS DÉTAILLÉ ET EXERCICES RÉSOLUS",HAZI MOHAMMED,OPU,2018.0,ALGER,ACHAT,PRÊT EXTERNE,ENSIA
2299,"DE MES CAHIERS D’ANALYSE… FONCTIONS RÉELLES D’UNE VARIABLE RÉELLE : LIMITES, CONTINUITÉ ET.. COURS DÉTAILLÉ ET EXERCICES RÉSOLUS",HAZI MOHAMMED,OPU,2018.0,ALGER,ACHAT,PRÊT EXTERNE,ENSIA
2298,"DE MES CAHIERS D’ANALYSE… FONCTIONS RÉELLES D’UNE VARIABLE RÉELLE : LIMITES, CONTINUITÉ ET.. COURS DÉTAILLÉ ET EXERCICES RÉSOLUS",HAZI MOHAMMED,OPU,2018.0,ALGER,ACHAT,PRÊT EXTERNE,ENSIA
2297,"DE MES CAHIERS D’ANALYSE… FONCTIONS RÉELLES D’UNE VARIABLE RÉELLE : LIMITES, CONTINUITÉ ET.. COURS DÉTAILLÉ ET EXERCICES RÉSOLUS",HAZI MOHAMMED,OPU,2018.0,ALGER,ACHAT,PRÊT EXTERNE,ENSIA
2296,"DE MES CAHIERS D’ANALYSE… FONCTIONS RÉELLES D’UNE VARIABLE RÉELLE : LIMITES, CONTINUITÉ ET.. COURS DÉTAILLÉ ET EXERCICES RÉSOLUS",HAZI MOHAMMED,OPU,2018.0,ALGER,ACHAT,PRÊT EXTERNE,ENSIA
2295,"DE MES CAHIERS D’ANALYSE… FONCTIONS RÉELLES D’UNE VARIABLE RÉELLE : LIMITES, CONTINUITÉ ET.. COURS DÉTAILLÉ ET EXERCICES RÉSOLUS",HAZI MOHAMMED,OPU,2018.0,ALGER,ACHAT,PRÊT EXTERNE,ENSIA
2305,"DE MES CAHIERS D’ANALYSE… FONCTIONS RÉELLES D’UNE VARIABLE RÉELLE : LIMITES, CONTINUITÉ ET.. COURS DÉTAILLÉ ET EXERCICES RÉSOLUS",HAZI MOHAMMED,OPU,2018.0,ALGER,ACHAT,PRÊT EXTERNE,ENSIA
2316,"DE MES CAHIERS D’ANALYSE… FONCTIONS RÉELLES D’UNE VARIABLE RÉELLE : LIMITES, CONTINUITÉ ET.. COURS DÉTAILLÉ ET EXERCICES RÉSOLUS",HAZI MOHAMMED,OPU,2018.0,ALGER,ACHAT,PRÊT EXTERNE,ENSIA
2278,"DE MES CAHIERS D’ANALYSE… FONCTIONS RÉELLES D’UNE VARIABLE RÉELLE : LIMITES, CONTINUITÉ ET.. COURS DÉTAILLÉ ET EXERCICES RÉSOLUS",HAZI MOHAMMED,OPU,2018.0,ALGER,ACHAT,PRÊT EXTERNE,ENSIA
2318,"DE MES CAHIERS D’ANALYSE… FONCTIONS RÉELLES D’UNE VARIABLE RÉELLE : LIMITES, CONTINUITÉ ET.. COURS DÉTAILLÉ ET EXERCICES RÉSOLUS",HAZI MOHAMMED,OPU,2018.0,ALGER,ACHAT,PRÊT EXTERNE,ENSIA
2258,"DE MES CAHIERS D’ANALYSE… FONCTIONS RÉELLES D’UNE VARIABLE RÉELLE : LIMITES, CONTINUITÉ ET.. COURS DÉTAILLÉ ET EXERCICES RÉSOLUS",HAZI MOHAMMED,OPU,2018.0,ALGER,ACHAT,PRÊT EXTERNE,ENSIA
2338,"DE MES CAHIERS D’ANALYSE… FONCTIONS RÉELLES D’UNE VARIABLE RÉELLE : LIMITES, CONTINUITÉ ET.. COURS DÉTAILLÉ ET EXERCICES RÉSOLUS",HAZI MOHAMMED,OPU,2018.0,ALGER,ACHAT,PRÊT EXTERNE,ENSIA
2337,"DE MES CAHIERS D’ANALYSE… FONCTIONS RÉELLES D’UNE VARIABLE RÉELLE : LIMITES, CONTINUITÉ ET.. COURS DÉTAILLÉ ET EXERCICES RÉSOLUS",HAZI MOHAMMED,OPU,2018.0,ALGER,ACHAT,PRÊT EXTERNE,ENSIA
2336,"DE MES CAHIERS D’ANALYSE… FONCTIONS RÉELLES D’UNE VARIABLE RÉELLE : LIMITES, CONTINUITÉ ET.. COURS DÉTAILLÉ ET EXERCICES RÉSOLUS",HAZI MOHAMMED,OPU,2018.0,ALGER,ACHAT,PRÊT EXTERNE,ENSIA
2335,"DE MES CAHIERS D’ANALYSE… FONCTIONS RÉELLES D’UNE VARIABLE RÉELLE : LIMITES, CONTINUITÉ ET.. COURS DÉTAILLÉ ET EXERCICES RÉSOLUS",HAZI MOHAMMED,OPU,2018.0,ALGER,ACHAT,PRÊT EXTERNE,ENSIA
2334,"DE MES CAHIERS D’ANALYSE… FONCTIONS RÉELLES D’UNE VARIABLE RÉELLE : LIMITES, CONTINUITÉ ET.. COURS DÉTAILLÉ ET EXERCICES RÉSOLUS",HAZI MOHAMMED,OPU,2018.0,ALGER,ACHAT,PRÊT EXTERNE,ENSIA
2333,"DE MES CAHIERS D’ANALYSE… FONCTIONS RÉELLES D’UNE VARIABLE RÉELLE : LIMITES, CONTINUITÉ ET.. COURS DÉTAILLÉ ET EXERCICES RÉSOLUS",HAZI MOHAMMED,OPU,2018.0,ALGER,ACHAT,PRÊT EXTERNE,ENSIA
2332,"DE MES CAHIERS D’ANALYSE… FONCTIONS RÉELLES D’UNE VARIABLE RÉELLE : LIMITES, CONTINUITÉ ET.. COURS DÉTAILLÉ ET EXERCICES RÉSOLUS",HAZI MOHAMMED,OPU,2018.0,ALGER,ACHAT,PRÊT EXTERNE,ENSIA
2331,"DE MES CAHIERS D’ANALYSE… FONCTIONS RÉELLES D’UNE VARIABLE RÉELLE : LIMITES, CONTINUITÉ ET.. COURS DÉTAILLÉ ET EXERCICES RÉSOLUS",HAZI MOHAMMED,OPU,2018.0,ALGER,ACHAT,PRÊT EXTERNE,ENSIA
2330,"DE MES CAHIERS D’ANALYSE… FONCTIONS RÉELLES D’UNE VARIABLE RÉELLE : LIMITES, CONTINUITÉ ET.. COURS DÉTAILLÉ ET EXERCICES RÉSOLUS",HAZI MOHAMMED,OPU,2018.0,ALGER,ACHAT,PRÊT EXTERNE,ENSIA
2317,"DE MES CAHIERS D’ANALYSE… FONCTIONS RÉELLES D’UNE VARIABLE RÉELLE : LIMITES, CONTINUITÉ ET.. COURS DÉTAILLÉ ET EXERCICES RÉSOLUS",HAZI MOHAMMED,OPU,2018.0,ALGER,ACHAT,PRÊT EXTERNE,ENSIA
2329,"DE MES CAHIERS D’ANALYSE… FONCTIONS RÉELLES D’UNE VARIABLE RÉELLE : LIMITES, CONTINUITÉ ET.. COURS DÉTAILLÉ ET EXERCICES RÉSOLUS",HAZI MOHAMMED,OPU,2018.0,ALGER,ACHAT,PRÊT EXTERNE,ENSIA
2327,"DE MES CAHIERS D’ANALYSE… FONCTIONS RÉELLES D’UNE VARIABLE RÉELLE : LIMITES, CONTINUITÉ ET.. COURS DÉTAILLÉ ET EXERCICES RÉSOLUS",HAZI MOHAMMED,OPU,2018.0,ALGER,ACHAT,PRÊT EXTERNE,ENSIA
2326,"DE MES CAHIERS D’ANALYSE… FONCTIONS RÉELLES D’UNE VARIABLE RÉELLE : LIMITES, CONTINUITÉ ET.. COURS DÉTAILLÉ ET EXERCICES RÉSOLUS",HAZI MOHAMMED,OPU,2018.0,ALGER,ACHAT,PRÊT EXTERNE,ENSIA
2325,"DE MES CAHIERS D’ANALYSE… FONCTIONS RÉELLES D’UNE VARIABLE RÉELLE : LIMITES, CONTINUITÉ ET.. COURS DÉTAILLÉ ET EXERCICES RÉSOLUS",HAZI MOHAMMED,OPU,2018.0,ALGER,ACHAT,PRÊT EXTERNE,ENSIA
2324,"DE MES CAHIERS D’ANALYSE… FONCTIONS RÉELLES D’UNE VARIABLE RÉELLE : LIMITES, CONTINUITÉ ET.. COURS DÉTAILLÉ ET EXERCICES RÉSOLUS",HAZI MOHAMMED,OPU,2018.0,ALGER,ACHAT,PRÊT EXTERNE,ENSIA
2323,"DE MES CAHIERS D’ANALYSE… FONCTIONS RÉELLES D’UNE VARIABLE RÉELLE : LIMITES, CONTINUITÉ ET.. COURS DÉTAILLÉ ET EXERCICES RÉSOLUS",HAZI MOHAMMED,OPU,2018.0,ALGER,ACHAT,PRÊT EXTERNE,ENSIA
2322,"DE MES CAHIERS D’ANALYSE… FONCTIONS RÉELLES D’UNE VARIABLE RÉELLE : LIMITES, CONTINUITÉ ET.. COURS DÉTAILLÉ ET EXERCICES RÉSOLUS",HAZI MOHAMMED,OPU,2018.0,ALGER,ACHAT,PRÊT EXTERNE,ENSIA
2257,"DE MES CAHIERS D’ANALYSE… FONCTIONS RÉELLES D’UNE VARIABLE RÉELLE : LIMITES, CONTINUITÉ ET.. COURS DÉTAILLÉ ET EXERCICES RÉSOLUS",HAZI MOHAMMED,OPU,2018.0,ALGER,ACHAT,PRÊT EXTERNE,ENSIA
2294,"DE MES CAHIERS D’ANALYSE… FONCTIONS RÉELLES D’UNE VARIABLE RÉELLE : LIMITES, CONTINUITÉ ET.. COURS DÉTAILLÉ ET EXERCICES RÉSOLUS",HAZI MOHAMMED,OPU,2018.0,ALGER,ACHAT,PRÊT EXTERNE,ENSIA
2320,"DE MES CAHIERS D’ANALYSE… FONCTIONS RÉELLES D’UNE VARIABLE RÉELLE : LIMITES, CONTINUITÉ ET.. COURS DÉTAILLÉ ET EXERCICES RÉSOLUS",HAZI MOHAMMED,OPU,2018.0,ALGER,ACHAT,PRÊT EXTERNE,ENSIA
2319,"DE MES CAHIERS D’ANALYSE… FONCTIONS RÉELLES D’UNE VARIABLE RÉELLE : LIMITES, CONTINUITÉ ET.. COURS DÉTAILLÉ ET EXERCICES RÉSOLUS",HAZI MOHAMMED,OPU,2018.0,ALGER,ACHAT,PRÊT EXTERNE,ENSIA
2328,"DE MES CAHIERS D’ANALYSE… FONCTIONS RÉELLES D’UNE VARIABLE RÉELLE : LIMITES, CONTINUITÉ ET.. COURS DÉTAILLÉ ET EXERCICES RÉSOLUS",HAZI MOHAMMED,OPU,2018.0,ALGER,ACHAT,PRÊT EXTERNE,ENSIA
2321,"DE MES CAHIERS D’ANALYSE… FONCTIONS RÉELLES D’UNE VARIABLE RÉELLE : LIMITES, CONTINUITÉ ET.. COURS DÉTAILLÉ ET EXERCICES RÉSOLUS",HAZI MOHAMMED,OPU,2018.0,ALGER,ACHAT,PRÊT EXTERNE,ENSIA
2241,"DE MES CAHIERS D’ANALYSE… FONCTIONS RÉELLES D’UNE VARIABLE RÉELLE : LIMITES, CONTINUITÉ ET.. COURS DÉTAILLÉ ET EXERCICES RÉSOLUS",HAZI MOHAMMED,OPU,2018.0,ALGER,ACHAT,PRÊT EXTERNE,ENSIA
2292,"DE MES CAHIERS D’ANALYSE… FONCTIONS RÉELLES D’UNE VARIABLE RÉELLE : LIMITES, CONTINUITÉ ET.. COURS DÉTAILLÉ ET EXERCICES RÉSOLUS",HAZI MOHAMMED,OPU,2018.0,ALGER,ACHAT,PRÊT EXTERNE,ENSIA
2285,"DE MES CAHIERS D’ANALYSE… FONCTIONS RÉELLES D’UNE VARIABLE RÉELLE : LIMITES, CONTINUITÉ ET.. COURS DÉTAILLÉ ET EXERCICES RÉSOLUS",HAZI MOHAMMED,OPU,2018.0,ALGER,ACHAT,PRÊT EXTERNE,ENSIA
2275,"DE MES CAHIERS D’ANALYSE… FONCTIONS RÉELLES D’UNE VARIABLE RÉELLE : LIMITES, CONTINUITÉ ET.. COURS DÉTAILLÉ ET EXERCICES RÉSOLUS",HAZI MOHAMMED,OPU,2018.0,ALGER,ACHAT,PRÊT EXTERNE,ENSIA
2245,"DE MES CAHIERS D’ANALYSE… FONCTIONS RÉELLES D’UNE VARIABLE RÉELLE : LIMITES, CONTINUITÉ ET.. COURS DÉTAILLÉ ET EXERCICES RÉSOLUS",HAZI MOHAMMED,OPU,2018.0,ALGER,ACHAT,PRÊT EXTERNE,ENSIA
2276,"DE MES CAHIERS D’ANALYSE… FONCTIONS RÉELLES D’UNE VARIABLE RÉELLE : LIMITES, CONTINUITÉ ET.. COURS DÉTAILLÉ ET EXERCICES RÉSOLUS",HAZI MOHAMMED,OPU,2018.0,ALGER,ACHAT,PRÊT EXTERNE,ENSIA
2277,"DE MES CAHIERS D’ANALYSE… FONCTIONS RÉELLES D’UNE VARIABLE RÉELLE : LIMITES, CONTINUITÉ ET.. COURS DÉTAILLÉ ET EXERCICES RÉSOLUS",HAZI MOHAMMED,OPU,2018.0,ALGER,ACHAT,PRÊT EXTERNE,ENSIA
2254,"DE MES CAHIERS D’ANALYSE… FONCTIONS RÉELLES D’UNE VARIABLE RÉELLE : LIMITES, CONTINUITÉ ET.. COURS DÉTAILLÉ ET EXERCICES RÉSOLUS",HAZI MOHAMMED,OPU,2018.0,ALGER,ACHAT,PRÊT EXTERNE,ENSIA
2284,"DE MES CAHIERS D’ANALYSE… FONCTIONS RÉELLES D’UNE VARIABLE RÉELLE : LIMITES, CONTINUITÉ ET.. COURS DÉTAILLÉ ET EXERCICES RÉSOLUS",HAZI MOHAMMED,OPU,2018.0,ALGER,ACHAT,PRÊT EXTERNE,ENSIA
2283,"DE MES CAHIERS D’ANALYSE… FONCTIONS RÉELLES D’UNE VARIABLE RÉELLE : LIMITES, CONTINUITÉ ET.. COURS DÉTAILLÉ ET EXERCICES RÉSOLUS",HAZI MOHAMMED,OPU,2018.0,ALGER,ACHAT,PRÊT EXTERNE,ENSIA
2253,"DE MES CAHIERS D’ANALYSE… FONCTIONS RÉELLES D’UNE VARIABLE RÉELLE : LIMITES, CONTINUITÉ ET.. COURS DÉTAILLÉ ET EXERCICES RÉSOLUS",HAZI MOHAMMED,OPU,2018.0,ALGER,ACHAT,PRÊT EXTERNE,ENSIA
2282,"DE MES CAHIERS D’ANALYSE… FONCTIONS RÉELLES D’UNE VARIABLE RÉELLE : LIMITES, CONTINUITÉ ET.. COURS DÉTAILLÉ ET EXERCICES RÉSOLUS",HAZI MOHAMMED,OPU,2018.0,ALGER,ACHAT,PRÊT EXTERNE,ENSIA
2281,"DE MES CAHIERS D’ANALYSE… FONCTIONS RÉELLES D’UNE VARIABLE RÉELLE : LIMITES, CONTINUITÉ ET.. COURS DÉTAILLÉ ET EXERCICES RÉSOLUS",HAZI MOHAMMED,OPU,2018.0,ALGER,ACHAT,PRÊT EXTERNE,ENSIA
2246,"DE MES CAHIERS D’ANALYSE… FONCTIONS RÉELLES D’UNE VARIABLE RÉELLE : LIMITES, CONTINUITÉ ET.. COURS DÉTAILLÉ ET EXERCICES RÉSOLUS",HAZI MOHAMMED,OPU,2018.0,ALGER,ACHAT,PRÊT EXTERNE,ENSIA
2280,"DE MES CAHIERS D’ANALYSE… FONCTIONS RÉELLES D’UNE VARIABLE RÉELLE : LIMITES, CONTINUITÉ ET.. COURS DÉTAILLÉ ET EXERCICES RÉSOLUS",HAZI MOHAMMED,OPU,2018.0,ALGER,ACHAT,PRÊT EXTERNE,ENSIA
2247,"DE MES CAHIERS D’ANALYSE… FONCTIONS RÉELLES D’UNE VARIABLE RÉELLE : LIMITES, CONTINUITÉ ET.. COURS DÉTAILLÉ ET EXERCICES RÉSOLUS",HAZI MOHAMMED,OPU,2018.0,ALGER,ACHAT,PRÊT EXTERNE,ENSIA
2248,"DE MES CAHIERS D’ANALYSE… FONCTIONS RÉELLES D’UNE VARIABLE RÉELLE : LIMITES, CONTINUITÉ ET.. COURS DÉTAILLÉ ET EXERCICES RÉSOLUS",HAZI MOHAMMED,OPU,2018.0,ALGER,ACHAT,PRÊT EXTERNE,ENSIA
2249,"DE MES CAHIERS D’ANALYSE… FONCTIONS RÉELLES D’UNE VARIABLE RÉELLE : LIMITES, CONTINUITÉ ET.. COURS DÉTAILLÉ ET EXERCICES RÉSOLUS",HAZI MOHAMMED,OPU,2018.0,ALGER,ACHAT,PRÊT EXTERNE,ENSIA
2250,"DE MES CAHIERS D’ANALYSE… FONCTIONS RÉELLES D’UNE VARIABLE RÉELLE : LIMITES, CONTINUITÉ ET.. COURS DÉTAILLÉ ET EXERCICES RÉSOLUS",HAZI MOHAMMED,OPU,2018.0,ALGER,ACHAT,PRÊT EXTERNE,ENSIA
2339,"DE MES CAHIERS D’ANALYSE… FONCTIONS RÉELLES D’UNE VARIABLE RÉELLE : LIMITES, CONTINUITÉ ET.. COURS DÉTAILLÉ ET EXERCICES RÉSOLUS",HAZI MOHAMMED,OPU,2018.0,ALGER,ACHAT,PRÊT EXTERNE,ENSIA
2279,"DE MES CAHIERS D’ANALYSE… FONCTIONS RÉELLES D’UNE VARIABLE RÉELLE : LIMITES, CONTINUITÉ ET.. COURS DÉTAILLÉ ET EXERCICES RÉSOLUS",HAZI MOHAMMED,OPU,2018.0,ALGER,ACHAT,PRÊT EXTERNE,ENSIA
2251,"DE MES CAHIERS D’ANALYSE… FONCTIONS RÉELLES D’UNE VARIABLE RÉELLE : LIMITES, CONTINUITÉ ET.. COURS DÉTAILLÉ ET EXERCICES RÉSOLUS",HAZI MOHAMMED,OPU,2018.0,ALGER,ACHAT,PRÊT EXTERNE,ENSIA
2252,"DE MES CAHIERS D’ANALYSE… FONCTIONS RÉELLES D’UNE VARIABLE RÉELLE : LIMITES, CONTINUITÉ ET.. COURS DÉTAILLÉ ET EXERCICES RÉSOLUS",HAZI MOHAMMED,OPU,2018.0,ALGER,ACHAT,PRÊT EXTERNE,ENSIA
2274,"DE MES CAHIERS D’ANALYSE… FONCTIONS RÉELLES D’UNE VARIABLE RÉELLE : LIMITES, CONTINUITÉ ET.. COURS DÉTAILLÉ ET EXERCICES RÉSOLUS",HAZI MOHAMMED,OPU,2018.0,ALGER,ACHAT,PRÊT EXTERNE,ENSIA
2293,"DE MES CAHIERS D’ANALYSE… FONCTIONS RÉELLES D’UNE VARIABLE RÉELLE : LIMITES, CONTINUITÉ ET.. COURS DÉTAILLÉ ET EXERCICES RÉSOLUS",HAZI MOHAMMED,OPU,2018.0,ALGER,ACHAT,PRÊT EXTERNE,ENSIA
2286,"DE MES CAHIERS D’ANALYSE… FONCTIONS RÉELLES D’UNE VARIABLE RÉELLE : LIMITES, CONTINUITÉ ET.. COURS DÉTAILLÉ ET EXERCICES RÉSOLUS",HAZI MOHAMMED,OPU,2018.0,ALGER,ACHAT,PRÊT EXTERNE,ENSIA
2272,"DE MES CAHIERS D’ANALYSE… FONCTIONS RÉELLES D’UNE VARIABLE RÉELLE : LIMITES, CONTINUITÉ ET.. COURS DÉTAILLÉ ET EXERCICES RÉSOLUS",HAZI MOHAMMED,OPU,2018.0,ALGER,ACHAT,PRÊT EXTERNE,ENSIA
2261,"DE MES CAHIERS D’ANALYSE… FONCTIONS RÉELLES D’UNE VARIABLE RÉELLE : LIMITES, CONTINUITÉ ET.. COURS DÉTAILLÉ ET EXERCICES RÉSOLUS",HAZI MOHAMMED,OPU,2018.0,ALGER,ACHAT,PRÊT EXTERNE,ENSIA
2240,"DE MES CAHIERS D’ANALYSE… FONCTIONS RÉELLES D’UNE VARIABLE RÉELLE : LIMITES, CONTINUITÉ ET.. COURS DÉTAILLÉ ET EXERCICES RÉSOLUS",HAZI MOHAMMED,OPU,2018.0,ALGER,ACHAT,PRÊT EXTERNE,ENSIA
2242,"DE MES CAHIERS D’ANALYSE… FONCTIONS RÉELLES D’UNE VARIABLE RÉELLE : LIMITES, CONTINUITÉ ET.. COURS DÉTAILLÉ ET EXERCICES RÉSOLUS",HAZI MOHAMMED,OPU,2018.0,ALGER,ACHAT,PRÊT EXTERNE,ENSIA
2243,"DE MES CAHIERS D’ANALYSE… FONCTIONS RÉELLES D’UNE VARIABLE RÉELLE : LIMITES, CONTINUITÉ ET.. COURS DÉTAILLÉ ET EXERCICES RÉSOLUS",HAZI MOHAMMED,OPU,2018.0,ALGER,ACHAT,PRÊT EXTERNE,ENSIA
2256,"DE MES CAHIERS D’ANALYSE… FONCTIONS RÉELLES D’UNE VARIABLE RÉELLE : LIMITES, CONTINUITÉ ET.. COURS DÉTAILLÉ ET EXERCICES RÉSOLUS",HAZI MOHAMMED,OPU,2018.0,ALGER,ACHAT,PRÊT EXTERNE,ENSIA
2244,"DE MES CAHIERS D’ANALYSE… FONCTIONS RÉELLES D’UNE VARIABLE RÉELLE : LIMITES, CONTINUITÉ ET.. COURS DÉTAILLÉ ET EXERCICES RÉSOLUS",HAZI MOHAMMED,OPU,2018.0,ALGER,ACHAT,PRÊT EXTERNE,ENSIA
2262,"DE MES CAHIERS D’ANALYSE… FONCTIONS RÉELLES D’UNE VARIABLE RÉELLE : LIMITES, CONTINUITÉ ET.. COURS DÉTAILLÉ ET EXERCICES RÉSOLUS",HAZI MOHAMMED,OPU,2018.0,ALGER,ACHAT,PRÊT EXTERNE,ENSIA
2263,"DE MES CAHIERS D’ANALYSE… FONCTIONS RÉELLES D’UNE VARIABLE RÉELLE : LIMITES, CONTINUITÉ ET.. COURS DÉTAILLÉ ET EXERCICES RÉSOLUS",HAZI MOHAMMED,OPU,2018.0,ALGER,ACHAT,PRÊT EXTERNE,ENSIA
2264,"DE MES CAHIERS D’ANALYSE… FONCTIONS RÉELLES D’UNE VARIABLE RÉELLE : LIMITES, CONTINUITÉ ET.. COURS DÉTAILLÉ ET EXERCICES RÉSOLUS",HAZI MOHAMMED,OPU,2018.0,ALGER,ACHAT,PRÊT EXTERNE,ENSIA
2265,"DE MES CAHIERS D’ANALYSE… FONCTIONS RÉELLES D’UNE VARIABLE RÉELLE : LIMITES, CONTINUITÉ ET.. COURS DÉTAILLÉ ET EXERCICES RÉSOLUS",HAZI MOHAMMED,OPU,2018.0,ALGER,ACHAT,PRÊT EXTERNE,ENSIA
2289,"DE MES CAHIERS D’ANALYSE… FONCTIONS RÉELLES D’UNE VARIABLE RÉELLE : LIMITES, CONTINUITÉ ET.. COURS DÉTAILLÉ ET EXERCICES RÉSOLUS",HAZI MOHAMMED,OPU,2018.0,ALGER,ACHAT,PRÊT EXTERNE,ENSIA
2288,"DE MES CAHIERS D’ANALYSE… FONCTIONS RÉELLES D’UNE VARIABLE RÉELLE : LIMITES, CONTINUITÉ ET.. COURS DÉTAILLÉ ET EXERCICES RÉSOLUS",HAZI MOHAMMED,OPU,2018.0,ALGER,ACHAT,PRÊT EXTERNE,ENSIA
2266,"DE MES CAHIERS D’ANALYSE… FONCTIONS RÉELLES D’UNE VARIABLE RÉELLE : LIMITES, CONTINUITÉ ET.. COURS DÉTAILLÉ ET EXERCICES RÉSOLUS",HAZI MOHAMMED,OPU,2018.0,ALGER,ACHAT,PRÊT EXTERNE,ENSIA
2267,"DE MES CAHIERS D’ANALYSE… FONCTIONS RÉELLES D’UNE VARIABLE RÉELLE : LIMITES, CONTINUITÉ ET.. COURS DÉTAILLÉ ET EXERCICES RÉSOLUS",HAZI MOHAMMED,OPU,2018.0,ALGER,ACHAT,PRÊT EXTERNE,ENSIA
2268,"DE MES CAHIERS D’ANALYSE… FONCTIONS RÉELLES D’UNE VARIABLE RÉELLE : LIMITES, CONTINUITÉ ET.. COURS DÉTAILLÉ ET EXERCICES RÉSOLUS",HAZI MOHAMMED,OPU,2018.0,ALGER,ACHAT,PRÊT EXTERNE,ENSIA
2269,"DE MES CAHIERS D’ANALYSE… FONCTIONS RÉELLES D’UNE VARIABLE RÉELLE : LIMITES, CONTINUITÉ ET.. COURS DÉTAILLÉ ET EXERCICES RÉSOLUS",HAZI MOHAMMED,OPU,2018.0,ALGER,ACHAT,PRÊT EXTERNE,ENSIA
2287,"DE MES CAHIERS D’ANALYSE… FONCTIONS RÉELLES D’UNE VARIABLE RÉELLE : LIMITES, CONTINUITÉ ET.. COURS DÉTAILLÉ ET EXERCICES RÉSOLUS",HAZI MOHAMMED,OPU,2018.0,ALGER,ACHAT,PRÊT EXTERNE,ENSIA
2270,"DE MES CAHIERS D’ANALYSE… FONCTIONS RÉELLES D’UNE VARIABLE RÉELLE : LIMITES, CONTINUITÉ ET.. COURS DÉTAILLÉ ET EXERCICES RÉSOLUS",HAZI MOHAMMED,OPU,2018.0,ALGER,ACHAT,PRÊT EXTERNE,ENSIA
2271,"DE MES CAHIERS D’ANALYSE… FONCTIONS RÉELLES D’UNE VARIABLE RÉELLE : LIMITES, CONTINUITÉ ET.. COURS DÉTAILLÉ ET EXERCICES RÉSOLUS",HAZI MOHAMMED,OPU,2018.0,ALGER,ACHAT,PRÊT EXTERNE,ENSIA
2260,"DE MES CAHIERS D’ANALYSE… FONCTIONS RÉELLES D’UNE VARIABLE RÉELLE : LIMITES, CONTINUITÉ ET.. COURS DÉTAILLÉ ET EXERCICES RÉSOLUS",HAZI MOHAMMED,OPU,2018.0,ALGER,ACHAT,PRÊT EXTERNE,ENSIA
2255,"DE MES CAHIERS D’ANALYSE… FONCTIONS RÉELLES D’UNE VARIABLE RÉELLE : LIMITES, CONTINUITÉ ET.. COURS DÉTAILLÉ ET EXERCICES RÉSOLUS",HAZI MOHAMMED,OPU,2018.0,ALGER,ACHAT,PRÊT EXTERNE,ENSIA
2273,"DE MES CAHIERS D’ANALYSE… FONCTIONS RÉELLES D’UNE VARIABLE RÉELLE : LIMITES, CONTINUITÉ ET.. COURS DÉTAILLÉ ET EXERCICES RÉSOLUS",HAZI MOHAMMED,OPU,2018.0,ALGER,ACHAT,PRÊT EXTERNE,ENSIA
2259,"DE MES CAHIERS D’ANALYSE… FONCTIONS RÉELLES D’UNE VARIABLE RÉELLE : LIMITES, CONTINUITÉ ET.. COURS DÉTAILLÉ ET EXERCICES RÉSOLUS",HAZI MOHAMMED,OPU,2018.0,ALGER,ACHAT,PRÊT EXTERNE,ENSIA
2290,"DE MES CAHIERS D’ANALYSE… FONCTIONS RÉELLES D’UNE VARIABLE RÉELLE : LIMITES, CONTINUITÉ ET.. COURS DÉTAILLÉ ET EXERCICES RÉSOLUS",HAZI MOHAMMED,OPU,2018.0,ALGER,ACHAT,PRÊT EXTERNE,ENSIA
1550,"DE MES CAHIERS D’ANALYSE… FONCTIONS RÉELLES D’UNE VARIABLE RÉELLE : LIMITES, CONTINUITÉ ET.. COURS DÉTAILLÉ ET EXERCICES RÉSOLUS",HAZI MOHAMMED,OPU,2018.0,ALGER,ACHAT,PRÊT EXTERNE,ENSIA
1558,"DE MES CAHIERS D’ANALYSE… FONCTIONS RÉELLES D’UNE VARIABLE RÉELLE : LIMITES, CONTINUITÉ ET.. COURS DÉTAILLÉ ET EXERCICES RÉSOLUS",HAZI MOHAMMED,OPU,2018.0,ALGER,ACHAT,PRÊT EXTERNE,ENSIA
1557,"DE MES CAHIERS D’ANALYSE… FONCTIONS RÉELLES D’UNE VARIABLE RÉELLE : LIMITES, CONTINUITÉ ET.. COURS DÉTAILLÉ ET EXERCICES RÉSOLUS",HAZI MOHAMMED,OPU,2018.0,ALGER,ACHAT,PRÊT EXTERNE,ENSIA
1556,"DE MES CAHIERS D’ANALYSE… FONCTIONS RÉELLES D’UNE VARIABLE RÉELLE : LIMITES, CONTINUITÉ ET.. COURS DÉTAILLÉ ET EXERCICES RÉSOLUS",HAZI MOHAMMED,OPU,2018.0,ALGER,ACHAT,PRÊT EXTERNE,ENSIA
1555,"DE MES CAHIERS D’ANALYSE… FONCTIONS RÉELLES D’UNE VARIABLE RÉELLE : LIMITES, CONTINUITÉ ET.. COURS DÉTAILLÉ ET EXERCICES RÉSOLUS",HAZI MOHAMMED,OPU,2018.0,ALGER,ACHAT,PRÊT EXTERNE,ENSIA
1554,"DE MES CAHIERS D’ANALYSE… FONCTIONS RÉELLES D’UNE VARIABLE RÉELLE : LIMITES, CONTINUITÉ ET.. COURS DÉTAILLÉ ET EXERCICES RÉSOLUS",HAZI MOHAMMED,OPU,2018.0,ALGER,ACHAT,PRÊT EXTERNE,ENSIA
1553,"DE MES CAHIERS D’ANALYSE… FONCTIONS RÉELLES D’UNE VARIABLE RÉELLE : LIMITES, CONTINUITÉ ET.. COURS DÉTAILLÉ ET EXERCICES RÉSOLUS",HAZI MOHAMMED,OPU,2018.0,ALGER,ACHAT,PRÊT EXTERNE,ENSIA
1560,"DE MES CAHIERS D’ANALYSE… FONCTIONS RÉELLES D’UNE VARIABLE RÉELLE : LIMITES, CONTINUITÉ ET.. COURS DÉTAILLÉ ET EXERCICES RÉSOLUS",HAZI MOHAMMED,OPU,2018.0,ALGER,ACHAT,PRÊT EXTERNE,ENSIA
1552,"DE MES CAHIERS D’ANALYSE… FONCTIONS RÉELLES D’UNE VARIABLE RÉELLE : LIMITES, CONTINUITÉ ET.. COURS DÉTAILLÉ ET EXERCICES RÉSOLUS",HAZI MOHAMMED,OPU,2018.0,ALGER,ACHAT,PRÊT EXTERNE,ENSIA
1549,"DE MES CAHIERS D’ANALYSE… FONCTIONS RÉELLES D’UNE VARIABLE RÉELLE : LIMITES, CONTINUITÉ ET.. COURS DÉTAILLÉ ET EXERCICES RÉSOLUS",HAZI MOHAMMED,OPU,2018.0,ALGER,ACHAT,PRÊT EXTERNE,ENSIA
1548,"DE MES CAHIERS D’ANALYSE… FONCTIONS RÉELLES D’UNE VARIABLE RÉELLE : LIMITES, CONTINUITÉ ET.. COURS DÉTAILLÉ ET EXERCICES RÉSOLUS",HAZI MOHAMMED,OPU,2018.0,ALGER,ACHAT,PRÊT EXTERNE,ENSIA
1547,"DE MES CAHIERS D’ANALYSE… FONCTIONS RÉELLES D’UNE VARIABLE RÉELLE : LIMITES, CONTINUITÉ ET.. COURS DÉTAILLÉ ET EXERCICES RÉSOLUS",HAZI MOHAMMED,OPU,2018.0,ALGER,ACHAT,PRÊT EXTERNE,ENSIA
1546,"DE MES CAHIERS D’ANALYSE… FONCTIONS RÉELLES D’UNE VARIABLE RÉELLE : LIMITES, CONTINUITÉ ET.. COURS DÉTAILLÉ ET EXERCICES RÉSOLUS",HAZI MOHAMMED,OPU,2018.0,ALGER,ACHAT,CONSULTATION SUR PLACE,ENSIA
248,"DE MES CAHIERS D’ANALYSE… FONCTIONS RÉELLES D’UNE VARIABLE RÉELLE : LIMITES, CONTINUITÉ ET.. COURS DÉTAILLÉ ET EXERCICES RÉSOLUS",HAZI MOHAMMED,OPU,2018.0,ALGER,ACHAT,PRÊT EXTERNE,ENSIA
249,"DE MES CAHIERS D’ANALYSE… FONCTIONS RÉELLES D’UNE VARIABLE RÉELLE : LIMITES, CONTINUITÉ ET.. COURS DÉTAILLÉ ET EXERCICES RÉSOLUS",HAZI MOHAMMED,OPU,2018.0,ALGER,ACHAT,PRÊT EXTERNE,ENSIA
1551,"DE MES CAHIERS D’ANALYSE… FONCTIONS RÉELLES D’UNE VARIABLE RÉELLE : LIMITES, CONTINUITÉ ET.. COURS DÉTAILLÉ ET EXERCICES RÉSOLUS",HAZI MOHAMMED,OPU,2018.0,ALGER,ACHAT,PRÊT EXTERNE,ENSIA
1561,"DE MES CAHIERS D’ANALYSE… FONCTIONS RÉELLES D’UNE VARIABLE RÉELLE : LIMITES, CONTINUITÉ ET.. COURS DÉTAILLÉ ET EXERCICES RÉSOLUS",HAZI MOHAMMED,OPU,2018.0,ALGER,ACHAT,PRÊT EXTERNE,ENSIA
1559,"DE MES CAHIERS D’ANALYSE… FONCTIONS RÉELLES D’UNE VARIABLE RÉELLE : LIMITES, CONTINUITÉ ET.. COURS DÉTAILLÉ ET EXERCICES RÉSOLUS",HAZI MOHAMMED,OPU,2018.0,ALGER,ACHAT,PRÊT EXTERNE,ENSIA
1563,"DE MES CAHIERS D’ANALYSE… FONCTIONS RÉELLES D’UNE VARIABLE RÉELLE : LIMITES, CONTINUITÉ ET.. COURS DÉTAILLÉ ET EXERCICES RÉSOLUS",HAZI MOHAMMED,OPU,2018.0,ALGER,ACHAT,PRÊT EXTERNE,ENSIA
247,"DE MES CAHIERS D’ANALYSE… FONCTIONS RÉELLES D’UNE VARIABLE RÉELLE : LIMITES, CONTINUITÉ ET.. COURS DÉTAILLÉ ET EXERCICES RÉSOLUS",HAZI MOHAMMED,OPU,2018.0,ALGER,ACHAT,PRÊT EXTERNE,ENSIA
1562,"DE MES CAHIERS D’ANALYSE… FONCTIONS RÉELLES D’UNE VARIABLE RÉELLE : LIMITES, CONTINUITÉ ET.. COURS DÉTAILLÉ ET EXERCICES RÉSOLUS",HAZI MOHAMMED,OPU,2018.0,ALGER,ACHAT,PRÊT EXTERNE,ENSIA
2291,"DE MES CAHIERS D’ANALYSE… FONCTIONS RÉELLES D’UNE VARIABLE RÉELLE : LIMITES, CONTINUITÉ ET.. COURS DÉTAILLÉ ET EXERCICES RÉSOLUS",HAZI MOHAMMED,OPU,2018.0,ALGER,ACHAT,PRÊT EXTERNE,ENSIA
250,"DE MES CAHIERS D’ANALYSE… FONCTIONS RÉELLES D’UNE VARIABLE RÉELLE : LIMITES, CONTINUITÉ ET.. COURS DÉTAILLÉ ET EXERCICES RÉSOLUS",HAZI MOHAMMED,OPU,2018.0,ALGER,ACHAT,PRÊT EXTERNE,ENSIA
1564,"DE MES CAHIERS D’ANALYSE… FONCTIONS RÉELLES D’UNE VARIABLE RÉELLE : LIMITES, CONTINUITÉ ET.. COURS DÉTAILLÉ ET EXERCICES RÉSOLUS",HAZI MOHAMMED,OPU,2018.0,ALGER,ACHAT,PRÊT EXTERNE,ENSIA
1565,"DE MES CAHIERS D’ANALYSE… FONCTIONS RÉELLES D’UNE VARIABLE RÉELLE : LIMITES, CONTINUITÉ ET.. COURS DÉTAILLÉ ET EXERCICES RÉSOLUS",HAZI MOHAMMED,OPU,2018.0,ALGER,ACHAT,PRÊT EXTERNE,ENSIA
2629,DE MES CAHIERS D’ANALYSE… ÉQUATIONS DIFFÉRENTIELLES ORDINAIRES DU PREMIER ET SECOND ORDRE : ASSISE THÉORIQUE ET APPLICATIONS COURS DÉTAILLÉ ET EXERCICES RÉSOLUS,HAZI MOHAMMED,OPU,2018.0,ALGER,ACHAT,PRÊT EXTERNE,ENSIA
2630,DE MES CAHIERS D’ANALYSE… ÉQUATIONS DIFFÉRENTIELLES ORDINAIRES DU PREMIER ET SECOND ORDRE : ASSISE THÉORIQUE ET APPLICATIONS COURS DÉTAILLÉ ET EXERCICES RÉSOLUS,HAZI MOHAMMED,OPU,2018.0,ALGER,ACHAT,PRÊT EXTERNE,ENSIA
2541,DE MES CAHIERS D’ANALYSE… ÉQUATIONS DIFFÉRENTIELLES ORDINAIRES DU PREMIER ET SECOND ORDRE : ASSISE THÉORIQUE ET APPLICATIONS COURS DÉTAILLÉ ET EXERCICES RÉSOLUS,HAZI MOHAMMED,OPU,2018.0,ALGER,ACHAT,PRÊT EXTERNE,ENSIA
2540,DE MES CAHIERS D’ANALYSE… ÉQUATIONS DIFFÉRENTIELLES ORDINAIRES DU PREMIER ET SECOND ORDRE : ASSISE THÉORIQUE ET APPLICATIONS COURS DÉTAILLÉ ET EXERCICES RÉSOLUS,HAZI MOHAMMED,OPU,2018.0,ALGER,ACHAT,PRÊT EXTERNE,ENSIA
2579,DE MES CAHIERS D’ANALYSE… ÉQUATIONS DIFFÉRENTIELLES ORDINAIRES DU PREMIER ET SECOND ORDRE : ASSISE THÉORIQUE ET APPLICATIONS COURS DÉTAILLÉ ET EXERCICES RÉSOLUS,HAZI MOHAMMED,OPU,2018.0,ALGER,ACHAT,PRÊT EXTERNE,ENSIA
2612,DE MES CAHIERS D’ANALYSE… ÉQUATIONS DIFFÉRENTIELLES ORDINAIRES DU PREMIER ET SECOND ORDRE : ASSISE THÉORIQUE ET APPLICATIONS COURS DÉTAILLÉ ET EXERCICES RÉSOLUS,HAZI MOHAMMED,OPU,2018.0,ALGER,ACHAT,PRÊT EXTERNE,ENSIA
2631,DE MES CAHIERS D’ANALYSE… ÉQUATIONS DIFFÉRENTIELLES ORDINAIRES DU PREMIER ET SECOND ORDRE : ASSISE THÉORIQUE ET APPLICATIONS COURS DÉTAILLÉ ET EXERCICES RÉSOLUS,HAZI MOHAMMED,OPU,2018.0,ALGER,ACHAT,PRÊT EXTERNE,ENSIA
2615,DE MES CAHIERS D’ANALYSE… ÉQUATIONS DIFFÉRENTIELLES ORDINAIRES DU PREMIER ET SECOND ORDRE : ASSISE THÉORIQUE ET APPLICATIONS COURS DÉTAILLÉ ET EXERCICES RÉSOLUS,HAZI MOHAMMED,OPU,2018.0,ALGER,ACHAT,PRÊT EXTERNE,ENSIA
2599,DE MES CAHIERS D’ANALYSE… ÉQUATIONS DIFFÉRENTIELLES ORDINAIRES DU PREMIER ET SECOND ORDRE : ASSISE THÉORIQUE ET APPLICATIONS COURS DÉTAILLÉ ET EXERCICES RÉSOLUS,HAZI MOHAMMED,OPU,2018.0,ALGER,ACHAT,PRÊT EXTERNE,ENSIA
2574,DE MES CAHIERS D’ANALYSE… ÉQUATIONS DIFFÉRENTIELLES ORDINAIRES DU PREMIER ET SECOND ORDRE : ASSISE THÉORIQUE ET APPLICATIONS COURS DÉTAILLÉ ET EXERCICES RÉSOLUS,HAZI MOHAMMED,OPU,2018.0,ALGER,ACHAT,PRÊT EXTERNE,ENSIA
2586,DE MES CAHIERS D’ANALYSE… ÉQUATIONS DIFFÉRENTIELLES ORDINAIRES DU PREMIER ET SECOND ORDRE : ASSISE THÉORIQUE ET APPLICATIONS COURS DÉTAILLÉ ET EXERCICES RÉSOLUS,HAZI MOHAMMED,OPU,2018.0,ALGER,ACHAT,PRÊT EXTERNE,ENSIA
2585,DE MES CAHIERS D’ANALYSE… ÉQUATIONS DIFFÉRENTIELLES ORDINAIRES DU PREMIER ET SECOND ORDRE : ASSISE THÉORIQUE ET APPLICATIONS COURS DÉTAILLÉ ET EXERCICES RÉSOLUS,HAZI MOHAMMED,OPU,2018.0,ALGER,ACHAT,PRÊT EXTERNE,ENSIA
2584,DE MES CAHIERS D’ANALYSE… ÉQUATIONS DIFFÉRENTIELLES ORDINAIRES DU PREMIER ET SECOND ORDRE : ASSISE THÉORIQUE ET APPLICATIONS COURS DÉTAILLÉ ET EXERCICES RÉSOLUS,HAZI MOHAMMED,OPU,2018.0,ALGER,ACHAT,PRÊT EXTERNE,ENSIA
2583,DE MES CAHIERS D’ANALYSE… ÉQUATIONS DIFFÉRENTIELLES ORDINAIRES DU PREMIER ET SECOND ORDRE : ASSISE THÉORIQUE ET APPLICATIONS COURS DÉTAILLÉ ET EXERCICES RÉSOLUS,HAZI MOHAMMED,OPU,2018.0,ALGER,ACHAT,PRÊT EXTERNE,ENSIA
2580,DE MES CAHIERS D’ANALYSE… ÉQUATIONS DIFFÉRENTIELLES ORDINAIRES DU PREMIER ET SECOND ORDRE : ASSISE THÉORIQUE ET APPLICATIONS COURS DÉTAILLÉ ET EXERCICES RÉSOLUS,HAZI MOHAMMED,OPU,2018.0,ALGER,ACHAT,PRÊT EXTERNE,ENSIA
2581,DE MES CAHIERS D’ANALYSE… ÉQUATIONS DIFFÉRENTIELLES ORDINAIRES DU PREMIER ET SECOND ORDRE : ASSISE THÉORIQUE ET APPLICATIONS COURS DÉTAILLÉ ET EXERCICES RÉSOLUS,HAZI MOHAMMED,OPU,2018.0,ALGER,ACHAT,PRÊT EXTERNE,ENSIA
2613,DE MES CAHIERS D’ANALYSE… ÉQUATIONS DIFFÉRENTIELLES ORDINAIRES DU PREMIER ET SECOND ORDRE : ASSISE THÉORIQUE ET APPLICATIONS COURS DÉTAILLÉ ET EXERCICES RÉSOLUS,HAZI MOHAMMED,OPU,2018.0,ALGER,ACHAT,PRÊT EXTERNE,ENSIA
2563,DE MES CAHIERS D’ANALYSE… ÉQUATIONS DIFFÉRENTIELLES ORDINAIRES DU PREMIER ET SECOND ORDRE : ASSISE THÉORIQUE ET APPLICATIONS COURS DÉTAILLÉ ET EXERCICES RÉSOLUS,HAZI MOHAMMED,OPU,2018.0,ALGER,ACHAT,PRÊT EXTERNE,ENSIA
2582,DE MES CAHIERS D’ANALYSE… ÉQUATIONS DIFFÉRENTIELLES ORDINAIRES DU PREMIER ET SECOND ORDRE : ASSISE THÉORIQUE ET APPLICATIONS COURS DÉTAILLÉ ET EXERCICES RÉSOLUS,HAZI MOHAMMED,OPU,2018.0,ALGER,ACHAT,PRÊT EXTERNE,ENSIA
2620,DE MES CAHIERS D’ANALYSE… ÉQUATIONS DIFFÉRENTIELLES ORDINAIRES DU PREMIER ET SECOND ORDRE : ASSISE THÉORIQUE ET APPLICATIONS COURS DÉTAILLÉ ET EXERCICES RÉSOLUS,HAZI MOHAMMED,OPU,2018.0,ALGER,ACHAT,PRÊT EXTERNE,ENSIA
2621,DE MES CAHIERS D’ANALYSE… ÉQUATIONS DIFFÉRENTIELLES ORDINAIRES DU PREMIER ET SECOND ORDRE : ASSISE THÉORIQUE ET APPLICATIONS COURS DÉTAILLÉ ET EXERCICES RÉSOLUS,HAZI MOHAMMED,OPU,2018.0,ALGER,ACHAT,PRÊT EXTERNE,ENSIA
2622,DE MES CAHIERS D’ANALYSE… ÉQUATIONS DIFFÉRENTIELLES ORDINAIRES DU PREMIER ET SECOND ORDRE : ASSISE THÉORIQUE ET APPLICATIONS COURS DÉTAILLÉ ET EXERCICES RÉSOLUS,HAZI MOHAMMED,OPU,2018.0,ALGER,ACHAT,PRÊT EXTERNE,ENSIA
2623,DE MES CAHIERS D’ANALYSE… ÉQUATIONS DIFFÉRENTIELLES ORDINAIRES DU PREMIER ET SECOND ORDRE : ASSISE THÉORIQUE ET APPLICATIONS COURS DÉTAILLÉ ET EXERCICES RÉSOLUS,HAZI MOHAMMED,OPU,2018.0,ALGER,ACHAT,PRÊT EXTERNE,ENSIA
2624,DE MES CAHIERS D’ANALYSE… ÉQUATIONS DIFFÉRENTIELLES ORDINAIRES DU PREMIER ET SECOND ORDRE : ASSISE THÉORIQUE ET APPLICATIONS COURS DÉTAILLÉ ET EXERCICES RÉSOLUS,HAZI MOHAMMED,OPU,2018.0,ALGER,ACHAT,PRÊT EXTERNE,ENSIA
262,DE MES CAHIERS D’ANALYSE… ÉQUATIONS DIFFÉRENTIELLES ORDINAIRES DU PREMIER ET SECOND ORDRE : ASSISE THÉORIQUE ET APPLICATIONS COURS DÉTAILLÉ ET EXERCICES RÉSOLUS,HAZI MOHAMMED,OPU,2018.0,ALGER,ACHAT,PRÊT EXTERNE,ENSIA
2619,DE MES CAHIERS D’ANALYSE… ÉQUATIONS DIFFÉRENTIELLES ORDINAIRES DU PREMIER ET SECOND ORDRE : ASSISE THÉORIQUE ET APPLICATIONS COURS DÉTAILLÉ ET EXERCICES RÉSOLUS,HAZI MOHAMMED,OPU,2018.0,ALGER,ACHAT,PRÊT EXTERNE,ENSIA
2628,DE MES CAHIERS D’ANALYSE… ÉQUATIONS DIFFÉRENTIELLES ORDINAIRES DU PREMIER ET SECOND ORDRE : ASSISE THÉORIQUE ET APPLICATIONS COURS DÉTAILLÉ ET EXERCICES RÉSOLUS,HAZI MOHAMMED,OPU,2018.0,ALGER,ACHAT,PRÊT EXTERNE,ENSIA
2618,DE MES CAHIERS D’ANALYSE… ÉQUATIONS DIFFÉRENTIELLES ORDINAIRES DU PREMIER ET SECOND ORDRE : ASSISE THÉORIQUE ET APPLICATIONS COURS DÉTAILLÉ ET EXERCICES RÉSOLUS,HAZI MOHAMMED,OPU,2018.0,ALGER,ACHAT,PRÊT EXTERNE,ENSIA
2625,DE MES CAHIERS D’ANALYSE… ÉQUATIONS DIFFÉRENTIELLES ORDINAIRES DU PREMIER ET SECOND ORDRE : ASSISE THÉORIQUE ET APPLICATIONS COURS DÉTAILLÉ ET EXERCICES RÉSOLUS,HAZI MOHAMMED,OPU,2018.0,ALGER,ACHAT,PRÊT EXTERNE,ENSIA
2626,DE MES CAHIERS D’ANALYSE… ÉQUATIONS DIFFÉRENTIELLES ORDINAIRES DU PREMIER ET SECOND ORDRE : ASSISE THÉORIQUE ET APPLICATIONS COURS DÉTAILLÉ ET EXERCICES RÉSOLUS,HAZI MOHAMMED,OPU,2018.0,ALGER,ACHAT,PRÊT EXTERNE,ENSIA
2627,DE MES CAHIERS D’ANALYSE… ÉQUATIONS DIFFÉRENTIELLES ORDINAIRES DU PREMIER ET SECOND ORDRE : ASSISE THÉORIQUE ET APPLICATIONS COURS DÉTAILLÉ ET EXERCICES RÉSOLUS,HAZI MOHAMMED,OPU,2018.0,ALGER,ACHAT,PRÊT EXTERNE,ENSIA
2542,DE MES CAHIERS D’ANALYSE… ÉQUATIONS DIFFÉRENTIELLES ORDINAIRES DU PREMIER ET SECOND ORDRE : ASSISE THÉORIQUE ET APPLICATIONS COURS DÉTAILLÉ ET EXERCICES RÉSOLUS,HAZI MOHAMMED,OPU,2018.0,ALGER,ACHAT,PRÊT EXTERNE,ENSIA
260,DE MES CAHIERS D’ANALYSE… ÉQUATIONS DIFFÉRENTIELLES ORDINAIRES DU PREMIER ET SECOND ORDRE : ASSISE THÉORIQUE ET APPLICATIONS COURS DÉTAILLÉ ET EXERCICES RÉSOLUS,HAZI MOHAMMED,OPU,2018.0,ALGER,ACHAT,PRÊT EXTERNE,ENSIA
2617,DE MES CAHIERS D’ANALYSE… ÉQUATIONS DIFFÉRENTIELLES ORDINAIRES DU PREMIER ET SECOND ORDRE : ASSISE THÉORIQUE ET APPLICATIONS COURS DÉTAILLÉ ET EXERCICES RÉSOLUS,HAZI MOHAMMED,OPU,2018.0,ALGER,ACHAT,PRÊT EXTERNE,ENSIA
2616,DE MES CAHIERS D’ANALYSE… ÉQUATIONS DIFFÉRENTIELLES ORDINAIRES DU PREMIER ET SECOND ORDRE : ASSISE THÉORIQUE ET APPLICATIONS COURS DÉTAILLÉ ET EXERCICES RÉSOLUS,HAZI MOHAMMED,OPU,2018.0,ALGER,ACHAT,PRÊT EXTERNE,ENSIA
2575,DE MES CAHIERS D’ANALYSE… ÉQUATIONS DIFFÉRENTIELLES ORDINAIRES DU PREMIER ET SECOND ORDRE : ASSISE THÉORIQUE ET APPLICATIONS COURS DÉTAILLÉ ET EXERCICES RÉSOLUS,HAZI MOHAMMED,OPU,2018.0,ALGER,ACHAT,PRÊT EXTERNE,ENSIA
2543,DE MES CAHIERS D’ANALYSE… ÉQUATIONS DIFFÉRENTIELLES ORDINAIRES DU PREMIER ET SECOND ORDRE : ASSISE THÉORIQUE ET APPLICATIONS COURS DÉTAILLÉ ET EXERCICES RÉSOLUS,HAZI MOHAMMED,OPU,2018.0,ALGER,ACHAT,PRÊT EXTERNE,ENSIA
2544,DE MES CAHIERS D’ANALYSE… ÉQUATIONS DIFFÉRENTIELLES ORDINAIRES DU PREMIER ET SECOND ORDRE : ASSISE THÉORIQUE ET APPLICATIONS COURS DÉTAILLÉ ET EXERCICES RÉSOLUS,HAZI MOHAMMED,OPU,2018.0,ALGER,ACHAT,PRÊT EXTERNE,ENSIA
2573,DE MES CAHIERS D’ANALYSE… ÉQUATIONS DIFFÉRENTIELLES ORDINAIRES DU PREMIER ET SECOND ORDRE : ASSISE THÉORIQUE ET APPLICATIONS COURS DÉTAILLÉ ET EXERCICES RÉSOLUS,HAZI MOHAMMED,OPU,2018.0,ALGER,ACHAT,PRÊT EXTERNE,ENSIA
2557,DE MES CAHIERS D’ANALYSE… ÉQUATIONS DIFFÉRENTIELLES ORDINAIRES DU PREMIER ET SECOND ORDRE : ASSISE THÉORIQUE ET APPLICATIONS COURS DÉTAILLÉ ET EXERCICES RÉSOLUS,HAZI MOHAMMED,OPU,2018.0,ALGER,ACHAT,PRÊT EXTERNE,ENSIA
2598,DE MES CAHIERS D’ANALYSE… ÉQUATIONS DIFFÉRENTIELLES ORDINAIRES DU PREMIER ET SECOND ORDRE : ASSISE THÉORIQUE ET APPLICATIONS COURS DÉTAILLÉ ET EXERCICES RÉSOLUS,HAZI MOHAMMED,OPU,2018.0,ALGER,ACHAT,PRÊT EXTERNE,ENSIA
2597,DE MES CAHIERS D’ANALYSE… ÉQUATIONS DIFFÉRENTIELLES ORDINAIRES DU PREMIER ET SECOND ORDRE : ASSISE THÉORIQUE ET APPLICATIONS COURS DÉTAILLÉ ET EXERCICES RÉSOLUS,HAZI MOHAMMED,OPU,2018.0,ALGER,ACHAT,PRÊT EXTERNE,ENSIA
2596,DE MES CAHIERS D’ANALYSE… ÉQUATIONS DIFFÉRENTIELLES ORDINAIRES DU PREMIER ET SECOND ORDRE : ASSISE THÉORIQUE ET APPLICATIONS COURS DÉTAILLÉ ET EXERCICES RÉSOLUS,HAZI MOHAMMED,OPU,2018.0,ALGER,ACHAT,PRÊT EXTERNE,ENSIA
2593,DE MES CAHIERS D’ANALYSE… ÉQUATIONS DIFFÉRENTIELLES ORDINAIRES DU PREMIER ET SECOND ORDRE : ASSISE THÉORIQUE ET APPLICATIONS COURS DÉTAILLÉ ET EXERCICES RÉSOLUS,HAZI MOHAMMED,OPU,2018.0,ALGER,ACHAT,PRÊT EXTERNE,ENSIA
2594,DE MES CAHIERS D’ANALYSE… ÉQUATIONS DIFFÉRENTIELLES ORDINAIRES DU PREMIER ET SECOND ORDRE : ASSISE THÉORIQUE ET APPLICATIONS COURS DÉTAILLÉ ET EXERCICES RÉSOLUS,HAZI MOHAMMED,OPU,2018.0,ALGER,ACHAT,PRÊT EXTERNE,ENSIA
261,DE MES CAHIERS D’ANALYSE… ÉQUATIONS DIFFÉRENTIELLES ORDINAIRES DU PREMIER ET SECOND ORDRE : ASSISE THÉORIQUE ET APPLICATIONS COURS DÉTAILLÉ ET EXERCICES RÉSOLUS,HAZI MOHAMMED,OPU,2018.0,ALGER,ACHAT,PRÊT EXTERNE,ENSIA
2609,DE MES CAHIERS D’ANALYSE… ÉQUATIONS DIFFÉRENTIELLES ORDINAIRES DU PREMIER ET SECOND ORDRE : ASSISE THÉORIQUE ET APPLICATIONS COURS DÉTAILLÉ ET EXERCICES RÉSOLUS,HAZI MOHAMMED,OPU,2018.0,ALGER,ACHAT,PRÊT EXTERNE,ENSIA
2608,DE MES CAHIERS D’ANALYSE… ÉQUATIONS DIFFÉRENTIELLES ORDINAIRES DU PREMIER ET SECOND ORDRE : ASSISE THÉORIQUE ET APPLICATIONS COURS DÉTAILLÉ ET EXERCICES RÉSOLUS,HAZI MOHAMMED,OPU,2018.0,ALGER,ACHAT,PRÊT EXTERNE,ENSIA
2558,DE MES CAHIERS D’ANALYSE… ÉQUATIONS DIFFÉRENTIELLES ORDINAIRES DU PREMIER ET SECOND ORDRE : ASSISE THÉORIQUE ET APPLICATIONS COURS DÉTAILLÉ ET EXERCICES RÉSOLUS,HAZI MOHAMMED,OPU,2018.0,ALGER,ACHAT,PRÊT EXTERNE,ENSIA
2607,DE MES CAHIERS D’ANALYSE… ÉQUATIONS DIFFÉRENTIELLES ORDINAIRES DU PREMIER ET SECOND ORDRE : ASSISE THÉORIQUE ET APPLICATIONS COURS DÉTAILLÉ ET EXERCICES RÉSOLUS,HAZI MOHAMMED,OPU,2018.0,ALGER,ACHAT,PRÊT EXTERNE,ENSIA
2606,DE MES CAHIERS D’ANALYSE… ÉQUATIONS DIFFÉRENTIELLES ORDINAIRES DU PREMIER ET SECOND ORDRE : ASSISE THÉORIQUE ET APPLICATIONS COURS DÉTAILLÉ ET EXERCICES RÉSOLUS,HAZI MOHAMMED,OPU,2018.0,ALGER,ACHAT,PRÊT EXTERNE,ENSIA
2559,DE MES CAHIERS D’ANALYSE… ÉQUATIONS DIFFÉRENTIELLES ORDINAIRES DU PREMIER ET SECOND ORDRE : ASSISE THÉORIQUE ET APPLICATIONS COURS DÉTAILLÉ ET EXERCICES RÉSOLUS,HAZI MOHAMMED,OPU,2018.0,ALGER,ACHAT,PRÊT EXTERNE,ENSIA
2556,DE MES CAHIERS D’ANALYSE… ÉQUATIONS DIFFÉRENTIELLES ORDINAIRES DU PREMIER ET SECOND ORDRE : ASSISE THÉORIQUE ET APPLICATIONS COURS DÉTAILLÉ ET EXERCICES RÉSOLUS,HAZI MOHAMMED,OPU,2018.0,ALGER,ACHAT,PRÊT EXTERNE,ENSIA
2595,DE MES CAHIERS D’ANALYSE… ÉQUATIONS DIFFÉRENTIELLES ORDINAIRES DU PREMIER ET SECOND ORDRE : ASSISE THÉORIQUE ET APPLICATIONS COURS DÉTAILLÉ ET EXERCICES RÉSOLUS,HAZI MOHAMMED,OPU,2018.0,ALGER,ACHAT,PRÊT EXTERNE,ENSIA
2600,DE MES CAHIERS D’ANALYSE… ÉQUATIONS DIFFÉRENTIELLES ORDINAIRES DU PREMIER ET SECOND ORDRE : ASSISE THÉORIQUE ET APPLICATIONS COURS DÉTAILLÉ ET EXERCICES RÉSOLUS,HAZI MOHAMMED,OPU,2018.0,ALGER,ACHAT,PRÊT EXTERNE,ENSIA
2601,DE MES CAHIERS D’ANALYSE… ÉQUATIONS DIFFÉRENTIELLES ORDINAIRES DU PREMIER ET SECOND ORDRE : ASSISE THÉORIQUE ET APPLICATIONS COURS DÉTAILLÉ ET EXERCICES RÉSOLUS,HAZI MOHAMMED,OPU,2018.0,ALGER,ACHAT,PRÊT EXTERNE,ENSIA
2602,DE MES CAHIERS D’ANALYSE… ÉQUATIONS DIFFÉRENTIELLES ORDINAIRES DU PREMIER ET SECOND ORDRE : ASSISE THÉORIQUE ET APPLICATIONS COURS DÉTAILLÉ ET EXERCICES RÉSOLUS,HAZI MOHAMMED,OPU,2018.0,ALGER,ACHAT,PRÊT EXTERNE,ENSIA
2603,DE MES CAHIERS D’ANALYSE… ÉQUATIONS DIFFÉRENTIELLES ORDINAIRES DU PREMIER ET SECOND ORDRE : ASSISE THÉORIQUE ET APPLICATIONS COURS DÉTAILLÉ ET EXERCICES RÉSOLUS,HAZI MOHAMMED,OPU,2018.0,ALGER,ACHAT,PRÊT EXTERNE,ENSIA
2604,DE MES CAHIERS D’ANALYSE… ÉQUATIONS DIFFÉRENTIELLES ORDINAIRES DU PREMIER ET SECOND ORDRE : ASSISE THÉORIQUE ET APPLICATIONS COURS DÉTAILLÉ ET EXERCICES RÉSOLUS,HAZI MOHAMMED,OPU,2018.0,ALGER,ACHAT,PRÊT EXTERNE,ENSIA
2605,DE MES CAHIERS D’ANALYSE… ÉQUATIONS DIFFÉRENTIELLES ORDINAIRES DU PREMIER ET SECOND ORDRE : ASSISE THÉORIQUE ET APPLICATIONS COURS DÉTAILLÉ ET EXERCICES RÉSOLUS,HAZI MOHAMMED,OPU,2018.0,ALGER,ACHAT,PRÊT EXTERNE,ENSIA
2561,DE MES CAHIERS D’ANALYSE… ÉQUATIONS DIFFÉRENTIELLES ORDINAIRES DU PREMIER ET SECOND ORDRE : ASSISE THÉORIQUE ET APPLICATIONS COURS DÉTAILLÉ ET EXERCICES RÉSOLUS,HAZI MOHAMMED,OPU,2018.0,ALGER,ACHAT,PRÊT EXTERNE,ENSIA
2569,DE MES CAHIERS D’ANALYSE… ÉQUATIONS DIFFÉRENTIELLES ORDINAIRES DU PREMIER ET SECOND ORDRE : ASSISE THÉORIQUE ET APPLICATIONS COURS DÉTAILLÉ ET EXERCICES RÉSOLUS,HAZI MOHAMMED,OPU,2018.0,ALGER,ACHAT,PRÊT EXTERNE,ENSIA
2568,DE MES CAHIERS D’ANALYSE… ÉQUATIONS DIFFÉRENTIELLES ORDINAIRES DU PREMIER ET SECOND ORDRE : ASSISE THÉORIQUE ET APPLICATIONS COURS DÉTAILLÉ ET EXERCICES RÉSOLUS,HAZI MOHAMMED,OPU,2018.0,ALGER,ACHAT,PRÊT EXTERNE,ENSIA
2567,DE MES CAHIERS D’ANALYSE… ÉQUATIONS DIFFÉRENTIELLES ORDINAIRES DU PREMIER ET SECOND ORDRE : ASSISE THÉORIQUE ET APPLICATIONS COURS DÉTAILLÉ ET EXERCICES RÉSOLUS,HAZI MOHAMMED,OPU,2018.0,ALGER,ACHAT,PRÊT EXTERNE,ENSIA
2566,DE MES CAHIERS D’ANALYSE… ÉQUATIONS DIFFÉRENTIELLES ORDINAIRES DU PREMIER ET SECOND ORDRE : ASSISE THÉORIQUE ET APPLICATIONS COURS DÉTAILLÉ ET EXERCICES RÉSOLUS,HAZI MOHAMMED,OPU,2018.0,ALGER,ACHAT,PRÊT EXTERNE,ENSIA
2565,DE MES CAHIERS D’ANALYSE… ÉQUATIONS DIFFÉRENTIELLES ORDINAIRES DU PREMIER ET SECOND ORDRE : ASSISE THÉORIQUE ET APPLICATIONS COURS DÉTAILLÉ ET EXERCICES RÉSOLUS,HAZI MOHAMMED,OPU,2018.0,ALGER,ACHAT,PRÊT EXTERNE,ENSIA
2564,DE MES CAHIERS D’ANALYSE… ÉQUATIONS DIFFÉRENTIELLES ORDINAIRES DU PREMIER ET SECOND ORDRE : ASSISE THÉORIQUE ET APPLICATIONS COURS DÉTAILLÉ ET EXERCICES RÉSOLUS,HAZI MOHAMMED,OPU,2018.0,ALGER,ACHAT,PRÊT EXTERNE,ENSIA
2560,DE MES CAHIERS D’ANALYSE… ÉQUATIONS DIFFÉRENTIELLES ORDINAIRES DU PREMIER ET SECOND ORDRE : ASSISE THÉORIQUE ET APPLICATIONS COURS DÉTAILLÉ ET EXERCICES RÉSOLUS,HAZI MOHAMMED,OPU,2018.0,ALGER,ACHAT,PRÊT EXTERNE,ENSIA
2562,DE MES CAHIERS D’ANALYSE… ÉQUATIONS DIFFÉRENTIELLES ORDINAIRES DU PREMIER ET SECOND ORDRE : ASSISE THÉORIQUE ET APPLICATIONS COURS DÉTAILLÉ ET EXERCICES RÉSOLUS,HAZI MOHAMMED,OPU,2018.0,ALGER,ACHAT,PRÊT EXTERNE,ENSIA
2555,DE MES CAHIERS D’ANALYSE… ÉQUATIONS DIFFÉRENTIELLES ORDINAIRES DU PREMIER ET SECOND ORDRE : ASSISE THÉORIQUE ET APPLICATIONS COURS DÉTAILLÉ ET EXERCICES RÉSOLUS,HAZI MOHAMMED,OPU,2018.0,ALGER,ACHAT,PRÊT EXTERNE,ENSIA
2553,DE MES CAHIERS D’ANALYSE… ÉQUATIONS DIFFÉRENTIELLES ORDINAIRES DU PREMIER ET SECOND ORDRE : ASSISE THÉORIQUE ET APPLICATIONS COURS DÉTAILLÉ ET EXERCICES RÉSOLUS,HAZI MOHAMMED,OPU,2018.0,ALGER,ACHAT,PRÊT EXTERNE,ENSIA
2545,DE MES CAHIERS D’ANALYSE… ÉQUATIONS DIFFÉRENTIELLES ORDINAIRES DU PREMIER ET SECOND ORDRE : ASSISE THÉORIQUE ET APPLICATIONS COURS DÉTAILLÉ ET EXERCICES RÉSOLUS,HAZI MOHAMMED,OPU,2018.0,ALGER,ACHAT,PRÊT EXTERNE,ENSIA
2587,DE MES CAHIERS D’ANALYSE… ÉQUATIONS DIFFÉRENTIELLES ORDINAIRES DU PREMIER ET SECOND ORDRE : ASSISE THÉORIQUE ET APPLICATIONS COURS DÉTAILLÉ ET EXERCICES RÉSOLUS,HAZI MOHAMMED,OPU,2018.0,ALGER,ACHAT,PRÊT EXTERNE,ENSIA
2632,DE MES CAHIERS D’ANALYSE… ÉQUATIONS DIFFÉRENTIELLES ORDINAIRES DU PREMIER ET SECOND ORDRE : ASSISE THÉORIQUE ET APPLICATIONS COURS DÉTAILLÉ ET EXERCICES RÉSOLUS,HAZI MOHAMMED,OPU,2018.0,ALGER,ACHAT,PRÊT EXTERNE,ENSIA
2633,DE MES CAHIERS D’ANALYSE… ÉQUATIONS DIFFÉRENTIELLES ORDINAIRES DU PREMIER ET SECOND ORDRE : ASSISE THÉORIQUE ET APPLICATIONS COURS DÉTAILLÉ ET EXERCICES RÉSOLUS,HAZI MOHAMMED,OPU,2018.0,ALGER,ACHAT,PRÊT EXTERNE,ENSIA
2634,DE MES CAHIERS D’ANALYSE… ÉQUATIONS DIFFÉRENTIELLES ORDINAIRES DU PREMIER ET SECOND ORDRE : ASSISE THÉORIQUE ET APPLICATIONS COURS DÉTAILLÉ ET EXERCICES RÉSOLUS,HAZI MOHAMMED,OPU,2018.0,ALGER,ACHAT,PRÊT EXTERNE,ENSIA
2546,DE MES CAHIERS D’ANALYSE… ÉQUATIONS DIFFÉRENTIELLES ORDINAIRES DU PREMIER ET SECOND ORDRE : ASSISE THÉORIQUE ET APPLICATIONS COURS DÉTAILLÉ ET EXERCICES RÉSOLUS,HAZI MOHAMMED,OPU,2018.0,ALGER,ACHAT,PRÊT EXTERNE,ENSIA
2611,DE MES CAHIERS D’ANALYSE… ÉQUATIONS DIFFÉRENTIELLES ORDINAIRES DU PREMIER ET SECOND ORDRE : ASSISE THÉORIQUE ET APPLICATIONS COURS DÉTAILLÉ ET EXERCICES RÉSOLUS,HAZI MOHAMMED,OPU,2018.0,ALGER,ACHAT,PRÊT EXTERNE,ENSIA
2588,DE MES CAHIERS D’ANALYSE… ÉQUATIONS DIFFÉRENTIELLES ORDINAIRES DU PREMIER ET SECOND ORDRE : ASSISE THÉORIQUE ET APPLICATIONS COURS DÉTAILLÉ ET EXERCICES RÉSOLUS,HAZI MOHAMMED,OPU,2018.0,ALGER,ACHAT,PRÊT EXTERNE,ENSIA
2610,DE MES CAHIERS D’ANALYSE… ÉQUATIONS DIFFÉRENTIELLES ORDINAIRES DU PREMIER ET SECOND ORDRE : ASSISE THÉORIQUE ET APPLICATIONS COURS DÉTAILLÉ ET EXERCICES RÉSOLUS,HAZI MOHAMMED,OPU,2018.0,ALGER,ACHAT,PRÊT EXTERNE,ENSIA
2635,DE MES CAHIERS D’ANALYSE… ÉQUATIONS DIFFÉRENTIELLES ORDINAIRES DU PREMIER ET SECOND ORDRE : ASSISE THÉORIQUE ET APPLICATIONS COURS DÉTAILLÉ ET EXERCICES RÉSOLUS,HAZI MOHAMMED,OPU,2018.0,ALGER,ACHAT,PRÊT EXTERNE,ENSIA
2572,DE MES CAHIERS D’ANALYSE… ÉQUATIONS DIFFÉRENTIELLES ORDINAIRES DU PREMIER ET SECOND ORDRE : ASSISE THÉORIQUE ET APPLICATIONS COURS DÉTAILLÉ ET EXERCICES RÉSOLUS,HAZI MOHAMMED,OPU,2018.0,ALGER,ACHAT,PRÊT EXTERNE,ENSIA
2571,DE MES CAHIERS D’ANALYSE… ÉQUATIONS DIFFÉRENTIELLES ORDINAIRES DU PREMIER ET SECOND ORDRE : ASSISE THÉORIQUE ET APPLICATIONS COURS DÉTAILLÉ ET EXERCICES RÉSOLUS,HAZI MOHAMMED,OPU,2018.0,ALGER,ACHAT,PRÊT EXTERNE,ENSIA
2636,DE MES CAHIERS D’ANALYSE… ÉQUATIONS DIFFÉRENTIELLES ORDINAIRES DU PREMIER ET SECOND ORDRE : ASSISE THÉORIQUE ET APPLICATIONS COURS DÉTAILLÉ ET EXERCICES RÉSOLUS,HAZI MOHAMMED,OPU,2018.0,ALGER,ACHAT,PRÊT EXTERNE,ENSIA
2554,DE MES CAHIERS D’ANALYSE… ÉQUATIONS DIFFÉRENTIELLES ORDINAIRES DU PREMIER ET SECOND ORDRE : ASSISE THÉORIQUE ET APPLICATIONS COURS DÉTAILLÉ ET EXERCICES RÉSOLUS,HAZI MOHAMMED,OPU,2018.0,ALGER,ACHAT,PRÊT EXTERNE,ENSIA
2637,DE MES CAHIERS D’ANALYSE… ÉQUATIONS DIFFÉRENTIELLES ORDINAIRES DU PREMIER ET SECOND ORDRE : ASSISE THÉORIQUE ET APPLICATIONS COURS DÉTAILLÉ ET EXERCICES RÉSOLUS,HAZI MOHAMMED,OPU,2018.0,ALGER,ACHAT,PRÊT EXTERNE,ENSIA
2639,DE MES CAHIERS D’ANALYSE… ÉQUATIONS DIFFÉRENTIELLES ORDINAIRES DU PREMIER ET SECOND ORDRE : ASSISE THÉORIQUE ET APPLICATIONS COURS DÉTAILLÉ ET EXERCICES RÉSOLUS,HAZI MOHAMMED,OPU,2018.0,ALGER,ACHAT,PRÊT EXTERNE,ENSIA
2589,DE MES CAHIERS D’ANALYSE… ÉQUATIONS DIFFÉRENTIELLES ORDINAIRES DU PREMIER ET SECOND ORDRE : ASSISE THÉORIQUE ET APPLICATIONS COURS DÉTAILLÉ ET EXERCICES RÉSOLUS,HAZI MOHAMMED,OPU,2018.0,ALGER,ACHAT,PRÊT EXTERNE,ENSIA
2547,DE MES CAHIERS D’ANALYSE… ÉQUATIONS DIFFÉRENTIELLES ORDINAIRES DU PREMIER ET SECOND ORDRE : ASSISE THÉORIQUE ET APPLICATIONS COURS DÉTAILLÉ ET EXERCICES RÉSOLUS,HAZI MOHAMMED,OPU,2018.0,ALGER,ACHAT,PRÊT EXTERNE,ENSIA
259,DE MES CAHIERS D’ANALYSE… ÉQUATIONS DIFFÉRENTIELLES ORDINAIRES DU PREMIER ET SECOND ORDRE : ASSISE THÉORIQUE ET APPLICATIONS COURS DÉTAILLÉ ET EXERCICES RÉSOLUS,HAZI MOHAMMED,OPU,2018.0,ALGER,ACHAT,PRÊT EXTERNE,ENSIA
2590,DE MES CAHIERS D’ANALYSE… ÉQUATIONS DIFFÉRENTIELLES ORDINAIRES DU PREMIER ET SECOND ORDRE : ASSISE THÉORIQUE ET APPLICATIONS COURS DÉTAILLÉ ET EXERCICES RÉSOLUS,HAZI MOHAMMED,OPU,2018.0,ALGER,ACHAT,PRÊT EXTERNE,ENSIA
2591,DE MES CAHIERS D’ANALYSE… ÉQUATIONS DIFFÉRENTIELLES ORDINAIRES DU PREMIER ET SECOND ORDRE : ASSISE THÉORIQUE ET APPLICATIONS COURS DÉTAILLÉ ET EXERCICES RÉSOLUS,HAZI MOHAMMED,OPU,2018.0,ALGER,ACHAT,PRÊT EXTERNE,ENSIA
2592,DE MES CAHIERS D’ANALYSE… ÉQUATIONS DIFFÉRENTIELLES ORDINAIRES DU PREMIER ET SECOND ORDRE : ASSISE THÉORIQUE ET APPLICATIONS COURS DÉTAILLÉ ET EXERCICES RÉSOLUS,HAZI MOHAMMED,OPU,2018.0,ALGER,ACHAT,PRÊT EXTERNE,ENSIA
2578,DE MES CAHIERS D’ANALYSE… ÉQUATIONS DIFFÉRENTIELLES ORDINAIRES DU PREMIER ET SECOND ORDRE : ASSISE THÉORIQUE ET APPLICATIONS COURS DÉTAILLÉ ET EXERCICES RÉSOLUS,HAZI MOHAMMED,OPU,2018.0,ALGER,ACHAT,PRÊT EXTERNE,ENSIA
2548,DE MES CAHIERS D’ANALYSE… ÉQUATIONS DIFFÉRENTIELLES ORDINAIRES DU PREMIER ET SECOND ORDRE : ASSISE THÉORIQUE ET APPLICATIONS COURS DÉTAILLÉ ET EXERCICES RÉSOLUS,HAZI MOHAMMED,OPU,2018.0,ALGER,ACHAT,PRÊT EXTERNE,ENSIA
2549,DE MES CAHIERS D’ANALYSE… ÉQUATIONS DIFFÉRENTIELLES ORDINAIRES DU PREMIER ET SECOND ORDRE : ASSISE THÉORIQUE ET APPLICATIONS COURS DÉTAILLÉ ET EXERCICES RÉSOLUS,HAZI MOHAMMED,OPU,2018.0,ALGER,ACHAT,PRÊT EXTERNE,ENSIA
2550,DE MES CAHIERS D’ANALYSE… ÉQUATIONS DIFFÉRENTIELLES ORDINAIRES DU PREMIER ET SECOND ORDRE : ASSISE THÉORIQUE ET APPLICATIONS COURS DÉTAILLÉ ET EXERCICES RÉSOLUS,HAZI MOHAMMED,OPU,2018.0,ALGER,ACHAT,PRÊT EXTERNE,ENSIA
2551,DE MES CAHIERS D’ANALYSE… ÉQUATIONS DIFFÉRENTIELLES ORDINAIRES DU PREMIER ET SECOND ORDRE : ASSISE THÉORIQUE ET APPLICATIONS COURS DÉTAILLÉ ET EXERCICES RÉSOLUS,HAZI MOHAMMED,OPU,2018.0,ALGER,ACHAT,PRÊT EXTERNE,ENSIA
2552,DE MES CAHIERS D’ANALYSE… ÉQUATIONS DIFFÉRENTIELLES ORDINAIRES DU PREMIER ET SECOND ORDRE : ASSISE THÉORIQUE ET APPLICATIONS COURS DÉTAILLÉ ET EXERCICES RÉSOLUS,HAZI MOHAMMED,OPU,2018.0,ALGER,ACHAT,PRÊT EXTERNE,ENSIA
2638,DE MES CAHIERS D’ANALYSE… ÉQUATIONS DIFFÉRENTIELLES ORDINAIRES DU PREMIER ET SECOND ORDRE : ASSISE THÉORIQUE ET APPLICATIONS COURS DÉTAILLÉ ET EXERCICES RÉSOLUS,HAZI MOHAMMED,OPU,2018.0,ALGER,ACHAT,PRÊT EXTERNE,ENSIA
2614,DE MES CAHIERS D’ANALYSE… ÉQUATIONS DIFFÉRENTIELLES ORDINAIRES DU PREMIER ET SECOND ORDRE : ASSISE THÉORIQUE ET APPLICATIONS COURS DÉTAILLÉ ET EXERCICES RÉSOLUS,HAZI MOHAMMED,OPU,2018.0,ALGER,ACHAT,PRÊT EXTERNE,ENSIA
2570,DE MES CAHIERS D’ANALYSE… ÉQUATIONS DIFFÉRENTIELLES ORDINAIRES DU PREMIER ET SECOND ORDRE : ASSISE THÉORIQUE ET APPLICATIONS COURS DÉTAILLÉ ET EXERCICES RÉSOLUS,HAZI MOHAMMED,OPU,2018.0,ALGER,ACHAT,PRÊT EXTERNE,ENSIA
2577,DE MES CAHIERS D’ANALYSE… ÉQUATIONS DIFFÉRENTIELLES ORDINAIRES DU PREMIER ET SECOND ORDRE : ASSISE THÉORIQUE ET APPLICATIONS COURS DÉTAILLÉ ET EXERCICES RÉSOLUS,HAZI MOHAMMED,OPU,2018.0,ALGER,ACHAT,PRÊT EXTERNE,ENSIA
1608,DE MES CAHIERS D’ANALYSE… ÉQUATIONS DIFFÉRENTIELLES ORDINAIRES DU PREMIER ET SECOND ORDRE : ASSISE THÉORIQUE ET APPLICATIONS COURS DÉTAILLÉ ET EXERCICES RÉSOLUS,HAZI MOHAMMED,OPU,2018.0,ALGER,ACHAT,PRÊT EXTERNE,ENSIA
1609,DE MES CAHIERS D’ANALYSE… ÉQUATIONS DIFFÉRENTIELLES ORDINAIRES DU PREMIER ET SECOND ORDRE : ASSISE THÉORIQUE ET APPLICATIONS COURS DÉTAILLÉ ET EXERCICES RÉSOLUS,HAZI MOHAMMED,OPU,2018.0,ALGER,ACHAT,PRÊT EXTERNE,ENSIA
1610,DE MES CAHIERS D’ANALYSE… ÉQUATIONS DIFFÉRENTIELLES ORDINAIRES DU PREMIER ET SECOND ORDRE : ASSISE THÉORIQUE ET APPLICATIONS COURS DÉTAILLÉ ET EXERCICES RÉSOLUS,HAZI MOHAMMED,OPU,2018.0,ALGER,ACHAT,PRÊT EXTERNE,ENSIA
1611,DE MES CAHIERS D’ANALYSE… ÉQUATIONS DIFFÉRENTIELLES ORDINAIRES DU PREMIER ET SECOND ORDRE : ASSISE THÉORIQUE ET APPLICATIONS COURS DÉTAILLÉ ET EXERCICES RÉSOLUS,HAZI MOHAMMED,OPU,2018.0,ALGER,ACHAT,PRÊT EXTERNE,ENSIA
1612,DE MES CAHIERS D’ANALYSE… ÉQUATIONS DIFFÉRENTIELLES ORDINAIRES DU PREMIER ET SECOND ORDRE : ASSISE THÉORIQUE ET APPLICATIONS COURS DÉTAILLÉ ET EXERCICES RÉSOLUS,HAZI MOHAMMED,OPU,2018.0,ALGER,ACHAT,PRÊT EXTERNE,ENSIA
1613,DE MES CAHIERS D’ANALYSE… ÉQUATIONS DIFFÉRENTIELLES ORDINAIRES DU PREMIER ET SECOND ORDRE : ASSISE THÉORIQUE ET APPLICATIONS COURS DÉTAILLÉ ET EXERCICES RÉSOLUS,HAZI MOHAMMED,OPU,2018.0,ALGER,ACHAT,PRÊT EXTERNE,ENSIA
1614,DE MES CAHIERS D’ANALYSE… ÉQUATIONS DIFFÉRENTIELLES ORDINAIRES DU PREMIER ET SECOND ORDRE : ASSISE THÉORIQUE ET APPLICATIONS COURS DÉTAILLÉ ET EXERCICES RÉSOLUS,HAZI MOHAMMED,OPU,2018.0,ALGER,ACHAT,PRÊT EXTERNE,ENSIA
1615,DE MES CAHIERS D’ANALYSE… ÉQUATIONS DIFFÉRENTIELLES ORDINAIRES DU PREMIER ET SECOND ORDRE : ASSISE THÉORIQUE ET APPLICATIONS COURS DÉTAILLÉ ET EXERCICES RÉSOLUS,HAZI MOHAMMED,OPU,2018.0,ALGER,ACHAT,PRÊT EXTERNE,ENSIA
1607,DE MES CAHIERS D’ANALYSE… ÉQUATIONS DIFFÉRENTIELLES ORDINAIRES DU PREMIER ET SECOND ORDRE : ASSISE THÉORIQUE ET APPLICATIONS COURS DÉTAILLÉ ET EXERCICES RÉSOLUS,HAZI MOHAMMED,OPU,2018.0,ALGER,ACHAT,PRÊT EXTERNE,ENSIA
1616,DE MES CAHIERS D’ANALYSE… ÉQUATIONS DIFFÉRENTIELLES ORDINAIRES DU PREMIER ET SECOND ORDRE : ASSISE THÉORIQUE ET APPLICATIONS COURS DÉTAILLÉ ET EXERCICES RÉSOLUS,HAZI MOHAMMED,OPU,2018.0,ALGER,ACHAT,PRÊT EXTERNE,ENSIA
1618,DE MES CAHIERS D’ANALYSE… ÉQUATIONS DIFFÉRENTIELLES ORDINAIRES DU PREMIER ET SECOND ORDRE : ASSISE THÉORIQUE ET APPLICATIONS COURS DÉTAILLÉ ET EXERCICES RÉSOLUS,HAZI MOHAMMED,OPU,2018.0,ALGER,ACHAT,PRÊT EXTERNE,ENSIA
1619,DE MES CAHIERS D’ANALYSE… ÉQUATIONS DIFFÉRENTIELLES ORDINAIRES DU PREMIER ET SECOND ORDRE : ASSISE THÉORIQUE ET APPLICATIONS COURS DÉTAILLÉ ET EXERCICES RÉSOLUS,HAZI MOHAMMED,OPU,2018.0,ALGER,ACHAT,PRÊT EXTERNE,ENSIA
1620,DE MES CAHIERS D’ANALYSE… ÉQUATIONS DIFFÉRENTIELLES ORDINAIRES DU PREMIER ET SECOND ORDRE : ASSISE THÉORIQUE ET APPLICATIONS COURS DÉTAILLÉ ET EXERCICES RÉSOLUS,HAZI MOHAMMED,OPU,2018.0,ALGER,ACHAT,PRÊT EXTERNE,ENSIA
1622,DE MES CAHIERS D’ANALYSE… ÉQUATIONS DIFFÉRENTIELLES ORDINAIRES DU PREMIER ET SECOND ORDRE : ASSISE THÉORIQUE ET APPLICATIONS COURS DÉTAILLÉ ET EXERCICES RÉSOLUS,HAZI MOHAMMED,OPU,2018.0,ALGER,ACHAT,PRÊT EXTERNE,ENSIA
1623,DE MES CAHIERS D’ANALYSE… ÉQUATIONS DIFFÉRENTIELLES ORDINAIRES DU PREMIER ET SECOND ORDRE : ASSISE THÉORIQUE ET APPLICATIONS COURS DÉTAILLÉ ET EXERCICES RÉSOLUS,HAZI MOHAMMED,OPU,2018.0,ALGER,ACHAT,PRÊT EXTERNE,ENSIA
1624,DE MES CAHIERS D’ANALYSE… ÉQUATIONS DIFFÉRENTIELLES ORDINAIRES DU PREMIER ET SECOND ORDRE : ASSISE THÉORIQUE ET APPLICATIONS COURS DÉTAILLÉ ET EXERCICES RÉSOLUS,HAZI MOHAMMED,OPU,2018.0,ALGER,ACHAT,PRÊT EXTERNE,ENSIA
1625,DE MES CAHIERS D’ANALYSE… ÉQUATIONS DIFFÉRENTIELLES ORDINAIRES DU PREMIER ET SECOND ORDRE : ASSISE THÉORIQUE ET APPLICATIONS COURS DÉTAILLÉ ET EXERCICES RÉSOLUS,HAZI MOHAMMED,OPU,2018.0,ALGER,ACHAT,PRÊT EXTERNE,ENSIA
2576,DE MES CAHIERS D’ANALYSE… ÉQUATIONS DIFFÉRENTIELLES ORDINAIRES DU PREMIER ET SECOND ORDRE : ASSISE THÉORIQUE ET APPLICATIONS COURS DÉTAILLÉ ET EXERCICES RÉSOLUS,HAZI MOHAMMED,OPU,2018.0,ALGER,ACHAT,PRÊT EXTERNE,ENSIA
1617,DE MES CAHIERS D’ANALYSE… ÉQUATIONS DIFFÉRENTIELLES ORDINAIRES DU PREMIER ET SECOND ORDRE : ASSISE THÉORIQUE ET APPLICATIONS COURS DÉTAILLÉ ET EXERCICES RÉSOLUS,HAZI MOHAMMED,OPU,2018.0,ALGER,ACHAT,PRÊT EXTERNE,ENSIA
1606,DE MES CAHIERS D’ANALYSE… ÉQUATIONS DIFFÉRENTIELLES ORDINAIRES DU PREMIER ET SECOND ORDRE : ASSISE THÉORIQUE ET APPLICATIONS COURS DÉTAILLÉ ET EXERCICES RÉSOLUS,HAZI MOHAMMED,OPU,2018.0,ALGER,ACHAT,PRÊT EXTERNE,ENSIA
1621,DE MES CAHIERS D’ANALYSE… ÉQUATIONS DIFFÉRENTIELLES ORDINAIRES DU PREMIER ET SECOND ORDRE : ASSISE THÉORIQUE ET APPLICATIONS COURS DÉTAILLÉ ET EXERCICES RÉSOLUS,HAZI MOHAMMED,OPU,2018.0,ALGER,ACHAT,PRÊT EXTERNE,ENSIA
1544,DE MES CAHIERS D’ANALYSE…SUITES NUMERIQUES : COURS DETAILLE ET EXERCICES RESOLUS,HAZI MOHAMMED,OPU,2018.0,ALGER,ACHAT,PRÊT EXTERNE,ENSIA
2144,DE MES CAHIERS D’ANALYSE…SUITES NUMERIQUES : COURS DETAILLE ET EXERCICES RESOLUS,HAZI MOHAMMED,OPU,2018.0,ALGER,ACHAT,PRÊT EXTERNE,ENSIA
2145,DE MES CAHIERS D’ANALYSE…SUITES NUMERIQUES : COURS DETAILLE ET EXERCICES RESOLUS,HAZI MOHAMMED,OPU,2018.0,ALGER,ACHAT,PRÊT EXTERNE,ENSIA
2146,DE MES CAHIERS D’ANALYSE…SUITES NUMERIQUES : COURS DETAILLE ET EXERCICES RESOLUS,HAZI MOHAMMED,OPU,2018.0,ALGER,ACHAT,PRÊT EXTERNE,ENSIA
2147,DE MES CAHIERS D’ANALYSE…SUITES NUMERIQUES : COURS DETAILLE ET EXERCICES RESOLUS,HAZI MOHAMMED,OPU,2018.0,ALGER,ACHAT,PRÊT EXTERNE,ENSIA
2148,DE MES CAHIERS D’ANALYSE…SUITES NUMERIQUES : COURS DETAILLE ET EXERCICES RESOLUS,HAZI MOHAMMED,OPU,2018.0,ALGER,ACHAT,PRÊT EXTERNE,ENSIA
2149,DE MES CAHIERS D’ANALYSE…SUITES NUMERIQUES : COURS DETAILLE ET EXERCICES RESOLUS,HAZI MOHAMMED,OPU,2018.0,ALGER,ACHAT,PRÊT EXTERNE,ENSIA
2150,DE MES CAHIERS D’ANALYSE…SUITES NUMERIQUES : COURS DETAILLE ET EXERCICES RESOLUS,HAZI MOHAMMED,OPU,2018.0,ALGER,ACHAT,PRÊT EXTERNE,ENSIA
2151,DE MES CAHIERS D’ANALYSE…SUITES NUMERIQUES : COURS DETAILLE ET EXERCICES RESOLUS,HAZI MOHAMMED,OPU,2018.0,ALGER,ACHAT,PRÊT EXTERNE,ENSIA
2152,DE MES CAHIERS D’ANALYSE…SUITES NUMERIQUES : COURS DETAILLE ET EXERCICES RESOLUS,HAZI MOHAMMED,OPU,2018.0,ALGER,ACHAT,PRÊT EXTERNE,ENSIA
2153,DE MES CAHIERS D’ANALYSE…SUITES NUMERIQUES : COURS DETAILLE ET EXERCICES RESOLUS,HAZI MOHAMMED,OPU,2018.0,ALGER,ACHAT,PRÊT EXTERNE,ENSIA
2143,DE MES CAHIERS D’ANALYSE…SUITES NUMERIQUES : COURS DETAILLE ET EXERCICES RESOLUS,HAZI MOHAMMED,OPU,2018.0,ALGER,ACHAT,PRÊT EXTERNE,ENSIA
2154,DE MES CAHIERS D’ANALYSE…SUITES NUMERIQUES : COURS DETAILLE ET EXERCICES RESOLUS,HAZI MOHAMMED,OPU,2018.0,ALGER,ACHAT,PRÊT EXTERNE,ENSIA
2156,DE MES CAHIERS D’ANALYSE…SUITES NUMERIQUES : COURS DETAILLE ET EXERCICES RESOLUS,HAZI MOHAMMED,OPU,2018.0,ALGER,ACHAT,PRÊT EXTERNE,ENSIA
2157,DE MES CAHIERS D’ANALYSE…SUITES NUMERIQUES : COURS DETAILLE ET EXERCICES RESOLUS,HAZI MOHAMMED,OPU,2018.0,ALGER,ACHAT,PRÊT EXTERNE,ENSIA
2158,DE MES CAHIERS D’ANALYSE…SUITES NUMERIQUES : COURS DETAILLE ET EXERCICES RESOLUS,HAZI MOHAMMED,OPU,2018.0,ALGER,ACHAT,PRÊT EXTERNE,ENSIA
2159,DE MES CAHIERS D’ANALYSE…SUITES NUMERIQUES : COURS DETAILLE ET EXERCICES RESOLUS,HAZI MOHAMMED,OPU,2018.0,ALGER,ACHAT,PRÊT EXTERNE,ENSIA
2160,DE MES CAHIERS D’ANALYSE…SUITES NUMERIQUES : COURS DETAILLE ET EXERCICES RESOLUS,HAZI MOHAMMED,OPU,2018.0,ALGER,ACHAT,PRÊT EXTERNE,ENSIA
2161,DE MES CAHIERS D’ANALYSE…SUITES NUMERIQUES : COURS DETAILLE ET EXERCICES RESOLUS,HAZI MOHAMMED,OPU,2018.0,ALGER,ACHAT,PRÊT EXTERNE,ENSIA
2162,DE MES CAHIERS D’ANALYSE…SUITES NUMERIQUES : COURS DETAILLE ET EXERCICES RESOLUS,HAZI MOHAMMED,OPU,2018.0,ALGER,ACHAT,PRÊT EXTERNE,ENSIA
2163,DE MES CAHIERS D’ANALYSE…SUITES NUMERIQUES : COURS DETAILLE ET EXERCICES RESOLUS,HAZI MOHAMMED,OPU,2018.0,ALGER,ACHAT,PRÊT EXTERNE,ENSIA
2164,DE MES CAHIERS D’ANALYSE…SUITES NUMERIQUES : COURS DETAILLE ET EXERCICES RESOLUS,HAZI MOHAMMED,OPU,2018.0,ALGER,ACHAT,PRÊT EXTERNE,ENSIA
2165,DE MES CAHIERS D’ANALYSE…SUITES NUMERIQUES : COURS DETAILLE ET EXERCICES RESOLUS,HAZI MOHAMMED,OPU,2018.0,ALGER,ACHAT,PRÊT EXTERNE,ENSIA
2155,DE MES CAHIERS D’ANALYSE…SUITES NUMERIQUES : COURS DETAILLE ET EXERCICES RESOLUS,HAZI MOHAMMED,OPU,2018.0,ALGER,ACHAT,PRÊT EXTERNE,ENSIA
2142,DE MES CAHIERS D’ANALYSE…SUITES NUMERIQUES : COURS DETAILLE ET EXERCICES RESOLUS,HAZI MOHAMMED,OPU,2018.0,ALGER,ACHAT,PRÊT EXTERNE,ENSIA
2141,DE MES CAHIERS D’ANALYSE…SUITES NUMERIQUES : COURS DETAILLE ET EXERCICES RESOLUS,HAZI MOHAMMED,OPU,2018.0,ALGER,ACHAT,PRÊT EXTERNE,ENSIA
2140,DE MES CAHIERS D’ANALYSE…SUITES NUMERIQUES : COURS DETAILLE ET EXERCICES RESOLUS,HAZI MOHAMMED,OPU,2018.0,ALGER,ACHAT,PRÊT EXTERNE,ENSIA
1543,DE MES CAHIERS D’ANALYSE…SUITES NUMERIQUES : COURS DETAILLE ET EXERCICES RESOLUS,HAZI MOHAMMED,OPU,2018.0,ALGER,ACHAT,PRÊT EXTERNE,ENSIA
1542,DE MES CAHIERS D’ANALYSE…SUITES NUMERIQUES : COURS DETAILLE ET EXERCICES RESOLUS,HAZI MOHAMMED,OPU,2018.0,ALGER,ACHAT,PRÊT EXTERNE,ENSIA
1541,DE MES CAHIERS D’ANALYSE…SUITES NUMERIQUES : COURS DETAILLE ET EXERCICES RESOLUS,HAZI MOHAMMED,OPU,2018.0,ALGER,ACHAT,PRÊT EXTERNE,ENSIA
1540,DE MES CAHIERS D’ANALYSE…SUITES NUMERIQUES : COURS DETAILLE ET EXERCICES RESOLUS,HAZI MOHAMMED,OPU,2018.0,ALGER,ACHAT,PRÊT EXTERNE,ENSIA
1539,DE MES CAHIERS D’ANALYSE…SUITES NUMERIQUES : COURS DETAILLE ET EXERCICES RESOLUS,HAZI MOHAMMED,OPU,2018.0,ALGER,ACHAT,PRÊT EXTERNE,ENSIA
1538,DE MES CAHIERS D’ANALYSE…SUITES NUMERIQUES : COURS DETAILLE ET EXERCICES RESOLUS,HAZI MOHAMMED,OPU,2018.0,ALGER,ACHAT,PRÊT EXTERNE,ENSIA
1537,DE MES CAHIERS D’ANALYSE…SUITES NUMERIQUES : COURS DETAILLE ET EXERCICES RESOLUS,HAZI MOHAMMED,OPU,2018.0,ALGER,ACHAT,PRÊT EXTERNE,ENSIA
1536,DE MES CAHIERS D’ANALYSE…SUITES NUMERIQUES : COURS DETAILLE ET EXERCICES RESOLUS,HAZI MOHAMMED,OPU,2018.0,ALGER,ACHAT,PRÊT EXTERNE,ENSIA
1535,DE MES CAHIERS D’ANALYSE…SUITES NUMERIQUES : COURS DETAILLE ET EXERCICES RESOLUS,HAZI MOHAMMED,OPU,2018.0,ALGER,ACHAT,PRÊT EXTERNE,ENSIA
1534,DE MES CAHIERS D’ANALYSE…SUITES NUMERIQUES : COURS DETAILLE ET EXERCICES RESOLUS,HAZI MOHAMMED,OPU,2018.0,ALGER,ACHAT,PRÊT EXTERNE,ENSIA
1533,DE MES CAHIERS D’ANALYSE…SUITES NUMERIQUES : COURS DETAILLE ET EXERCICES RESOLUS,HAZI MOHAMMED,OPU,2018.0,ALGER,ACHAT,PRÊT EXTERNE,ENSIA
1532,DE MES CAHIERS D’ANALYSE…SUITES NUMERIQUES : COURS DETAILLE ET EXERCICES RESOLUS,HAZI MOHAMMED,OPU,2018.0,ALGER,ACHAT,PRÊT EXTERNE,ENSIA
1531,DE MES CAHIERS D’ANALYSE…SUITES NUMERIQUES : COURS DETAILLE ET EXERCICES RESOLUS,HAZI MOHAMMED,OPU,2018.0,ALGER,ACHAT,PRÊT EXTERNE,ENSIA
2166,DE MES CAHIERS D’ANALYSE…SUITES NUMERIQUES : COURS DETAILLE ET EXERCICES RESOLUS,HAZI MOHAMMED,OPU,2018.0,ALGER,ACHAT,PRÊT EXTERNE,ENSIA
246,DE MES CAHIERS D’ANALYSE…SUITES NUMERIQUES : COURS DETAILLE ET EXERCICES RESOLUS,HAZI MOHAMMED,OPU,2018.0,ALGER,ACHAT,PRÊT EXTERNE,ENSIA
1530,DE MES CAHIERS D’ANALYSE…SUITES NUMERIQUES : COURS DETAILLE ET EXERCICES RESOLUS,HAZI MOHAMMED,OPU,2018.0,ALGER,ACHAT,PRÊT EXTERNE,ENSIA
1529,DE MES CAHIERS D’ANALYSE…SUITES NUMERIQUES : COURS DETAILLE ET EXERCICES RESOLUS,HAZI MOHAMMED,OPU,2018.0,ALGER,ACHAT,PRÊT EXTERNE,ENSIA
1528,DE MES CAHIERS D’ANALYSE…SUITES NUMERIQUES : COURS DETAILLE ET EXERCICES RESOLUS,HAZI MOHAMMED,OPU,2018.0,ALGER,ACHAT,PRÊT EXTERNE,ENSIA
1527,DE MES CAHIERS D’ANALYSE…SUITES NUMERIQUES : COURS DETAILLE ET EXERCICES RESOLUS,HAZI MOHAMMED,OPU,2018.0,ALGER,ACHAT,PRÊT EXTERNE,ENSIA
245,DE MES CAHIERS D’ANALYSE…SUITES NUMERIQUES : COURS DETAILLE ET EXERCICES RESOLUS,HAZI MOHAMMED,OPU,2018.0,ALGER,ACHAT,PRÊT EXTERNE,ENSIA
244,DE MES CAHIERS D’ANALYSE…SUITES NUMERIQUES : COURS DETAILLE ET EXERCICES RESOLUS,HAZI MOHAMMED,OPU,2018.0,ALGER,ACHAT,PRÊT EXTERNE,ENSIA
243,DE MES CAHIERS D’ANALYSE…SUITES NUMERIQUES : COURS DETAILLE ET EXERCICES RESOLUS,HAZI MOHAMMED,OPU,2018.0,ALGER,ACHAT,PRÊT EXTERNE,ENSIA
1526,DE MES CAHIERS D’ANALYSE…SUITES NUMERIQUES : COURS DETAILLE ET EXERCICES RESOLUS,HAZI MOHAMMED,OPU,2018.0,ALGER,ACHAT,PRÊT EXTERNE,ENSIA
1545,DE MES CAHIERS D’ANALYSE…SUITES NUMERIQUES : COURS DETAILLE ET EXERCICES RESOLUS,HAZI MOHAMMED,OPU,2018.0,ALGER,ACHAT,PRÊT EXTERNE,ENSIA
2167,DE MES CAHIERS D’ANALYSE…SUITES NUMERIQUES : COURS DETAILLE ET EXERCICES RESOLUS,HAZI MOHAMMED,OPU,2018.0,ALGER,ACHAT,PRÊT EXTERNE,ENSIA
2239,DE MES CAHIERS D’ANALYSE…SUITES NUMERIQUES : COURS DETAILLE ET EXERCICES RESOLUS,HAZI MOHAMMED,OPU,2018.0,ALGER,ACHAT,PRÊT EXTERNE,ENSIA
2169,DE MES CAHIERS D’ANALYSE…SUITES NUMERIQUES : COURS DETAILLE ET EXERCICES RESOLUS,HAZI MOHAMMED,OPU,2018.0,ALGER,ACHAT,PRÊT EXTERNE,ENSIA
2215,DE MES CAHIERS D’ANALYSE…SUITES NUMERIQUES : COURS DETAILLE ET EXERCICES RESOLUS,HAZI MOHAMMED,OPU,2018.0,ALGER,ACHAT,PRÊT EXTERNE,ENSIA
2168,DE MES CAHIERS D’ANALYSE…SUITES NUMERIQUES : COURS DETAILLE ET EXERCICES RESOLUS,HAZI MOHAMMED,OPU,2018.0,ALGER,ACHAT,PRÊT EXTERNE,ENSIA
2213,DE MES CAHIERS D’ANALYSE…SUITES NUMERIQUES : COURS DETAILLE ET EXERCICES RESOLUS,HAZI MOHAMMED,OPU,2018.0,ALGER,ACHAT,PRÊT EXTERNE,ENSIA
2212,DE MES CAHIERS D’ANALYSE…SUITES NUMERIQUES : COURS DETAILLE ET EXERCICES RESOLUS,HAZI MOHAMMED,OPU,2018.0,ALGER,ACHAT,PRÊT EXTERNE,ENSIA
2211,DE MES CAHIERS D’ANALYSE…SUITES NUMERIQUES : COURS DETAILLE ET EXERCICES RESOLUS,HAZI MOHAMMED,OPU,2018.0,ALGER,ACHAT,PRÊT EXTERNE,ENSIA
2210,DE MES CAHIERS D’ANALYSE…SUITES NUMERIQUES : COURS DETAILLE ET EXERCICES RESOLUS,HAZI MOHAMMED,OPU,2018.0,ALGER,ACHAT,PRÊT EXTERNE,ENSIA
2209,DE MES CAHIERS D’ANALYSE…SUITES NUMERIQUES : COURS DETAILLE ET EXERCICES RESOLUS,HAZI MOHAMMED,OPU,2018.0,ALGER,ACHAT,PRÊT EXTERNE,ENSIA
2208,DE MES CAHIERS D’ANALYSE…SUITES NUMERIQUES : COURS DETAILLE ET EXERCICES RESOLUS,HAZI MOHAMMED,OPU,2018.0,ALGER,ACHAT,PRÊT EXTERNE,ENSIA
2216,DE MES CAHIERS D’ANALYSE…SUITES NUMERIQUES : COURS DETAILLE ET EXERCICES RESOLUS,HAZI MOHAMMED,OPU,2018.0,ALGER,ACHAT,PRÊT EXTERNE,ENSIA
2207,DE MES CAHIERS D’ANALYSE…SUITES NUMERIQUES : COURS DETAILLE ET EXERCICES RESOLUS,HAZI MOHAMMED,OPU,2018.0,ALGER,ACHAT,PRÊT EXTERNE,ENSIA
2205,DE MES CAHIERS D’ANALYSE…SUITES NUMERIQUES : COURS DETAILLE ET EXERCICES RESOLUS,HAZI MOHAMMED,OPU,2018.0,ALGER,ACHAT,PRÊT EXTERNE,ENSIA
2204,DE MES CAHIERS D’ANALYSE…SUITES NUMERIQUES : COURS DETAILLE ET EXERCICES RESOLUS,HAZI MOHAMMED,OPU,2018.0,ALGER,ACHAT,PRÊT EXTERNE,ENSIA
2203,DE MES CAHIERS D’ANALYSE…SUITES NUMERIQUES : COURS DETAILLE ET EXERCICES RESOLUS,HAZI MOHAMMED,OPU,2018.0,ALGER,ACHAT,PRÊT EXTERNE,ENSIA
2202,DE MES CAHIERS D’ANALYSE…SUITES NUMERIQUES : COURS DETAILLE ET EXERCICES RESOLUS,HAZI MOHAMMED,OPU,2018.0,ALGER,ACHAT,PRÊT EXTERNE,ENSIA
2201,DE MES CAHIERS D’ANALYSE…SUITES NUMERIQUES : COURS DETAILLE ET EXERCICES RESOLUS,HAZI MOHAMMED,OPU,2018.0,ALGER,ACHAT,PRÊT EXTERNE,ENSIA
2200,DE MES CAHIERS D’ANALYSE…SUITES NUMERIQUES : COURS DETAILLE ET EXERCICES RESOLUS,HAZI MOHAMMED,OPU,2018.0,ALGER,ACHAT,PRÊT EXTERNE,ENSIA
2199,DE MES CAHIERS D’ANALYSE…SUITES NUMERIQUES : COURS DETAILLE ET EXERCICES RESOLUS,HAZI MOHAMMED,OPU,2018.0,ALGER,ACHAT,PRÊT EXTERNE,ENSIA
2198,DE MES CAHIERS D’ANALYSE…SUITES NUMERIQUES : COURS DETAILLE ET EXERCICES RESOLUS,HAZI MOHAMMED,OPU,2018.0,ALGER,ACHAT,PRÊT EXTERNE,ENSIA
2206,DE MES CAHIERS D’ANALYSE…SUITES NUMERIQUES : COURS DETAILLE ET EXERCICES RESOLUS,HAZI MOHAMMED,OPU,2018.0,ALGER,ACHAT,PRÊT EXTERNE,ENSIA
2217,DE MES CAHIERS D’ANALYSE…SUITES NUMERIQUES : COURS DETAILLE ET EXERCICES RESOLUS,HAZI MOHAMMED,OPU,2018.0,ALGER,ACHAT,PRÊT EXTERNE,ENSIA
2218,DE MES CAHIERS D’ANALYSE…SUITES NUMERIQUES : COURS DETAILLE ET EXERCICES RESOLUS,HAZI MOHAMMED,OPU,2018.0,ALGER,ACHAT,PRÊT EXTERNE,ENSIA
2219,DE MES CAHIERS D’ANALYSE…SUITES NUMERIQUES : COURS DETAILLE ET EXERCICES RESOLUS,HAZI MOHAMMED,OPU,2018.0,ALGER,ACHAT,PRÊT EXTERNE,ENSIA
2238,DE MES CAHIERS D’ANALYSE…SUITES NUMERIQUES : COURS DETAILLE ET EXERCICES RESOLUS,HAZI MOHAMMED,OPU,2018.0,ALGER,ACHAT,PRÊT EXTERNE,ENSIA
2237,DE MES CAHIERS D’ANALYSE…SUITES NUMERIQUES : COURS DETAILLE ET EXERCICES RESOLUS,HAZI MOHAMMED,OPU,2018.0,ALGER,ACHAT,PRÊT EXTERNE,ENSIA
2236,DE MES CAHIERS D’ANALYSE…SUITES NUMERIQUES : COURS DETAILLE ET EXERCICES RESOLUS,HAZI MOHAMMED,OPU,2018.0,ALGER,ACHAT,PRÊT EXTERNE,ENSIA
2235,DE MES CAHIERS D’ANALYSE…SUITES NUMERIQUES : COURS DETAILLE ET EXERCICES RESOLUS,HAZI MOHAMMED,OPU,2018.0,ALGER,ACHAT,PRÊT EXTERNE,ENSIA
2234,DE MES CAHIERS D’ANALYSE…SUITES NUMERIQUES : COURS DETAILLE ET EXERCICES RESOLUS,HAZI MOHAMMED,OPU,2018.0,ALGER,ACHAT,PRÊT EXTERNE,ENSIA
2233,DE MES CAHIERS D’ANALYSE…SUITES NUMERIQUES : COURS DETAILLE ET EXERCICES RESOLUS,HAZI MOHAMMED,OPU,2018.0,ALGER,ACHAT,PRÊT EXTERNE,ENSIA
2232,DE MES CAHIERS D’ANALYSE…SUITES NUMERIQUES : COURS DETAILLE ET EXERCICES RESOLUS,HAZI MOHAMMED,OPU,2018.0,ALGER,ACHAT,PRÊT EXTERNE,ENSIA
2231,DE MES CAHIERS D’ANALYSE…SUITES NUMERIQUES : COURS DETAILLE ET EXERCICES RESOLUS,HAZI MOHAMMED,OPU,2018.0,ALGER,ACHAT,PRÊT EXTERNE,ENSIA
2230,DE MES CAHIERS D’ANALYSE…SUITES NUMERIQUES : COURS DETAILLE ET EXERCICES RESOLUS,HAZI MOHAMMED,OPU,2018.0,ALGER,ACHAT,PRÊT EXTERNE,ENSIA
2229,DE MES CAHIERS D’ANALYSE…SUITES NUMERIQUES : COURS DETAILLE ET EXERCICES RESOLUS,HAZI MOHAMMED,OPU,2018.0,ALGER,ACHAT,PRÊT EXTERNE,ENSIA
2228,DE MES CAHIERS D’ANALYSE…SUITES NUMERIQUES : COURS DETAILLE ET EXERCICES RESOLUS,HAZI MOHAMMED,OPU,2018.0,ALGER,ACHAT,PRÊT EXTERNE,ENSIA
2227,DE MES CAHIERS D’ANALYSE…SUITES NUMERIQUES : COURS DETAILLE ET EXERCICES RESOLUS,HAZI MOHAMMED,OPU,2018.0,ALGER,ACHAT,PRÊT EXTERNE,ENSIA
2226,DE MES CAHIERS D’ANALYSE…SUITES NUMERIQUES : COURS DETAILLE ET EXERCICES RESOLUS,HAZI MOHAMMED,OPU,2018.0,ALGER,ACHAT,PRÊT EXTERNE,ENSIA
2225,DE MES CAHIERS D’ANALYSE…SUITES NUMERIQUES : COURS DETAILLE ET EXERCICES RESOLUS,HAZI MOHAMMED,OPU,2018.0,ALGER,ACHAT,PRÊT EXTERNE,ENSIA
2224,DE MES CAHIERS D’ANALYSE…SUITES NUMERIQUES : COURS DETAILLE ET EXERCICES RESOLUS,HAZI MOHAMMED,OPU,2018.0,ALGER,ACHAT,PRÊT EXTERNE,ENSIA
2223,DE MES CAHIERS D’ANALYSE…SUITES NUMERIQUES : COURS DETAILLE ET EXERCICES RESOLUS,HAZI MOHAMMED,OPU,2018.0,ALGER,ACHAT,PRÊT EXTERNE,ENSIA
2222,DE MES CAHIERS D’ANALYSE…SUITES NUMERIQUES : COURS DETAILLE ET EXERCICES RESOLUS,HAZI MOHAMMED,OPU,2018.0,ALGER,ACHAT,PRÊT EXTERNE,ENSIA
2221,DE MES CAHIERS D’ANALYSE…SUITES NUMERIQUES : COURS DETAILLE ET EXERCICES RESOLUS,HAZI MOHAMMED,OPU,2018.0,ALGER,ACHAT,PRÊT EXTERNE,ENSIA
2220,DE MES CAHIERS D’ANALYSE…SUITES NUMERIQUES : COURS DETAILLE ET EXERCICES RESOLUS,HAZI MOHAMMED,OPU,2018.0,ALGER,ACHAT,PRÊT EXTERNE,ENSIA
2197,DE MES CAHIERS D’ANALYSE…SUITES NUMERIQUES : COURS DETAILLE ET EXERCICES RESOLUS,HAZI MOHAMMED,OPU,2018.0,ALGER,ACHAT,PRÊT EXTERNE,ENSIA
2196,DE MES CAHIERS D’ANALYSE…SUITES NUMERIQUES : COURS DETAILLE ET EXERCICES RESOLUS,HAZI MOHAMMED,OPU,2018.0,ALGER,ACHAT,PRÊT EXTERNE,ENSIA
2214,DE MES CAHIERS D’ANALYSE…SUITES NUMERIQUES : COURS DETAILLE ET EXERCICES RESOLUS,HAZI MOHAMMED,OPU,2018.0,ALGER,ACHAT,PRÊT EXTERNE,ENSIA
2175,DE MES CAHIERS D’ANALYSE…SUITES NUMERIQUES : COURS DETAILLE ET EXERCICES RESOLUS,HAZI MOHAMMED,OPU,2018.0,ALGER,ACHAT,PRÊT EXTERNE,ENSIA
2176,DE MES CAHIERS D’ANALYSE…SUITES NUMERIQUES : COURS DETAILLE ET EXERCICES RESOLUS,HAZI MOHAMMED,OPU,2018.0,ALGER,ACHAT,PRÊT EXTERNE,ENSIA
2177,DE MES CAHIERS D’ANALYSE…SUITES NUMERIQUES : COURS DETAILLE ET EXERCICES RESOLUS,HAZI MOHAMMED,OPU,2018.0,ALGER,ACHAT,PRÊT EXTERNE,ENSIA
2178,DE MES CAHIERS D’ANALYSE…SUITES NUMERIQUES : COURS DETAILLE ET EXERCICES RESOLUS,HAZI MOHAMMED,OPU,2018.0,ALGER,ACHAT,PRÊT EXTERNE,ENSIA
2179,DE MES CAHIERS D’ANALYSE…SUITES NUMERIQUES : COURS DETAILLE ET EXERCICES RESOLUS,HAZI MOHAMMED,OPU,2018.0,ALGER,ACHAT,PRÊT EXTERNE,ENSIA
2180,DE MES CAHIERS D’ANALYSE…SUITES NUMERIQUES : COURS DETAILLE ET EXERCICES RESOLUS,HAZI MOHAMMED,OPU,2018.0,ALGER,ACHAT,PRÊT EXTERNE,ENSIA
2181,DE MES CAHIERS D’ANALYSE…SUITES NUMERIQUES : COURS DETAILLE ET EXERCICES RESOLUS,HAZI MOHAMMED,OPU,2018.0,ALGER,ACHAT,PRÊT EXTERNE,ENSIA
2182,DE MES CAHIERS D’ANALYSE…SUITES NUMERIQUES : COURS DETAILLE ET EXERCICES RESOLUS,HAZI MOHAMMED,OPU,2018.0,ALGER,ACHAT,PRÊT EXTERNE,ENSIA
2183,DE MES CAHIERS D’ANALYSE…SUITES NUMERIQUES : COURS DETAILLE ET EXERCICES RESOLUS,HAZI MOHAMMED,OPU,2018.0,ALGER,ACHAT,PRÊT EXTERNE,ENSIA
2193,DE MES CAHIERS D’ANALYSE…SUITES NUMERIQUES : COURS DETAILLE ET EXERCICES RESOLUS,HAZI MOHAMMED,OPU,2018.0,ALGER,ACHAT,PRÊT EXTERNE,ENSIA
2184,DE MES CAHIERS D’ANALYSE…SUITES NUMERIQUES : COURS DETAILLE ET EXERCICES RESOLUS,HAZI MOHAMMED,OPU,2018.0,ALGER,ACHAT,PRÊT EXTERNE,ENSIA
2185,DE MES CAHIERS D’ANALYSE…SUITES NUMERIQUES : COURS DETAILLE ET EXERCICES RESOLUS,HAZI MOHAMMED,OPU,2018.0,ALGER,ACHAT,PRÊT EXTERNE,ENSIA
2186,DE MES CAHIERS D’ANALYSE…SUITES NUMERIQUES : COURS DETAILLE ET EXERCICES RESOLUS,HAZI MOHAMMED,OPU,2018.0,ALGER,ACHAT,PRÊT EXTERNE,ENSIA
2187,DE MES CAHIERS D’ANALYSE…SUITES NUMERIQUES : COURS DETAILLE ET EXERCICES RESOLUS,HAZI MOHAMMED,OPU,2018.0,ALGER,ACHAT,PRÊT EXTERNE,ENSIA
2188,DE MES CAHIERS D’ANALYSE…SUITES NUMERIQUES : COURS DETAILLE ET EXERCICES RESOLUS,HAZI MOHAMMED,OPU,2018.0,ALGER,ACHAT,PRÊT EXTERNE,ENSIA
2189,DE MES CAHIERS D’ANALYSE…SUITES NUMERIQUES : COURS DETAILLE ET EXERCICES RESOLUS,HAZI MOHAMMED,OPU,2018.0,ALGER,ACHAT,PRÊT EXTERNE,ENSIA
2190,DE MES CAHIERS D’ANALYSE…SUITES NUMERIQUES : COURS DETAILLE ET EXERCICES RESOLUS,HAZI MOHAMMED,OPU,2018.0,ALGER,ACHAT,PRÊT EXTERNE,ENSIA
2191,DE MES CAHIERS D’ANALYSE…SUITES NUMERIQUES : COURS DETAILLE ET EXERCICES RESOLUS,HAZI MOHAMMED,OPU,2018.0,ALGER,ACHAT,PRÊT EXTERNE,ENSIA
2195,DE MES CAHIERS D’ANALYSE…SUITES NUMERIQUES : COURS DETAILLE ET EXERCICES RESOLUS,HAZI MOHAMMED,OPU,2018.0,ALGER,ACHAT,PRÊT EXTERNE,ENSIA
2194,DE MES CAHIERS D’ANALYSE…SUITES NUMERIQUES : COURS DETAILLE ET EXERCICES RESOLUS,HAZI MOHAMMED,OPU,2018.0,ALGER,ACHAT,PRÊT EXTERNE,ENSIA
2174,DE MES CAHIERS D’ANALYSE…SUITES NUMERIQUES : COURS DETAILLE ET EXERCICES RESOLUS,HAZI MOHAMMED,OPU,2018.0,ALGER,ACHAT,PRÊT EXTERNE,ENSIA
2173,DE MES CAHIERS D’ANALYSE…SUITES NUMERIQUES : COURS DETAILLE ET EXERCICES RESOLUS,HAZI MOHAMMED,OPU,2018.0,ALGER,ACHAT,PRÊT EXTERNE,ENSIA
2192,DE MES CAHIERS D’ANALYSE…SUITES NUMERIQUES : COURS DETAILLE ET EXERCICES RESOLUS,HAZI MOHAMMED,OPU,2018.0,ALGER,ACHAT,PRÊT EXTERNE,ENSIA
2171,DE MES CAHIERS D’ANALYSE…SUITES NUMERIQUES : COURS DETAILLE ET EXERCICES RESOLUS,HAZI MOHAMMED,OPU,2018.0,ALGER,ACHAT,PRÊT EXTERNE,ENSIA
2170,DE MES CAHIERS D’ANALYSE…SUITES NUMERIQUES : COURS DETAILLE ET EXERCICES RESOLUS,HAZI MOHAMMED,OPU,2018.0,ALGER,ACHAT,PRÊT EXTERNE,ENSIA
2172,DE MES CAHIERS D’ANALYSE…SUITES NUMERIQUES : COURS DETAILLE ET EXERCICES RESOLUS,HAZI MOHAMMED,OPU,2018.0,ALGER,ACHAT,PRÊT EXTERNE,ENSIA
3757,DEEP LEARNING WITH PYTHON,"CHOLLET, FRANC¸OIS",UNKNOWN_EDITOR,2018.0,UNKNOWN_LOCATION,ACHAT,PRÊT EXTERNE,ENSIA
3758,DEEP LEARNING WITH PYTHON,"CHOLLET, FRANC¸OIS",UNKNOWN_EDITOR,2018.0,UNKNOWN_LOCATION,ACHAT,PRÊT EXTERNE,ENSIA
3756,DEEP LEARNING WITH PYTHON,"CHOLLET, FRANC¸OIS",UNKNOWN_EDITOR,2018.0,UNKNOWN_LOCATION,ACHAT,PRÊT EXTERNE,ENSIA
350,DESIGN FOR EMBEDDED IMAGE PROCESSING ON FPGAS,BAILEY DONALD G,IEEE,2011.0,USA,ACHAT,PRÊT EXTERNE,ENSIA
3713,DEVELOPING READERS IN THE ACADEMIC DISCIPLINES,"BUEHL,DOUG",UNKNOWN_EDITOR,2017.0,UNKNOWN_LOCATION,ACHAT,CONSULTATION SUR PLACE,ENSIA
3715,DEVELOPING READERS IN THE ACADEMIC DISCIPLINES,"BUEHL,DOUG",UNKNOWN_EDITOR,2017.0,UNKNOWN_LOCATION,ACHAT,PRÊT EXTERNE,ENSIA
3714,DEVELOPING READERS IN THE ACADEMIC DISCIPLINES,"BUEHL,DOUG",UNKNOWN_EDITOR,2017.0,UNKNOWN_LOCATION,ACHAT,PRÊT EXTERNE,ENSIA
592,DEVELOPING WRITING SKILLS FOR IELTS : A RESEARCH-BASED APPROACH,SIN WANG CHONG,ROUTLEDGE,2021.0,NEW YORK,ACHAT,PRÊT EXTERNE,ENSIA
593,DEVELOPING WRITING SKILLS FOR IELTS : A RESEARCH-BASED APPROACH,SIN WANG CHONG,ROUTLEDGE,2021.0,NEW YORK,ACHAT,PRÊT EXTERNE,ENSIA
640,DEVOPS : INTÉGREZ ET DÉPLOYEZ EN CONTINU AVEC EXEMPLE CLÉ EN MAIN,"LEITE, ERNESTO",EDITIONS ENI,2019.0,FRANCE,ACHAT,CONSULTATION SUR PLACE,ENSIA
641,DEVOPS : INTÉGREZ ET DÉPLOYEZ EN CONTINU AVEC EXEMPLE CLÉ EN MAIN,"LEITE, ERNESTO",EDITIONS ENI,2019.0,FRANCE,ACHAT,PRÊT EXTERNE,ENSIA
642,DEVOPS : INTÉGREZ ET DÉPLOYEZ EN CONTINU AVEC EXEMPLE CLÉ EN MAIN,"LEITE, ERNESTO",EDITIONS ENI,2019.0,FRANCE,ACHAT,PRÊT EXTERNE,ENSIA
229,DIDACTIQUE DES LANGUES ETRANGERES ET APPORT PEDAGOGIQUES,LAKHDAR KHARCHI,OPU,2017.0,ALGER,ACHAT,CONSULTATION SUR PLACE,ENSIA
351,"DIGITAL COMMUNICATIONS WITH EMPHASIS ON DATA MODEMS : THEORY, ANALYSIS, DESIGN, SIMULATION, TESTING, AND APPLICATIONS",MIDDLESTEAD RICHARD W,WILEY,2015.0,USA,ACHAT,PRÊT EXTERNE,ENSIA
3868,DISCIPLINED ENTREPRENEURSHIP: 24 STEPS TO A SUCCESSFUL STARTUP,"AULET, BILL",UNKNOWN_EDITOR,2013.0,UNKNOWN_LOCATION,ACHAT,PRÊT EXTERNE,ENSIA
595,DISCOURSE STRATEGIES FOR SCIENCE TEACHING AND LEARNING: RESEARCH AND PRACTICE,"TANG, KOK-SING",ROUTLEDGE,2021.0,USA,ACHAT,PRÊT EXTERNE,ENSIA
594,DISCOURSE STRATEGIES FOR SCIENCE TEACHING AND LEARNING: RESEARCH AND PRACTICE,"TANG, KOK-SING",ROUTLEDGE,2021.0,USA,ACHAT,PRÊT EXTERNE,ENSIA
756,DREAMWEAVER CS5,"SCHULZ, CLAUS",MICRO APPLICATION,2010.0,PARIS,PASSIF,PRÊT EXTERNE,ENSIA
750,DU BINAIRE AU PROCESSEUR : MÉTHODES DE CONCEPTION DE CIRCUITS MAGNÉTIQUES ET EXERCICES,"MESNARD, EMMANUEL",ELLIPSES,2004.0,PARIS,PASSIF,PRÊT EXTERNE,ENSIA
752,DU BINAIRE AU PROCESSEUR : MÉTHODES DE CONCEPTION DE CIRCUITS MAGNÉTIQUES ET EXERCICES,"MESNARD, EMMANUEL",ELLIPSES,2004.0,PARIS,ACHAT,PRÊT EXTERNE,ENSIA
823,"DUALITÉ, FORMES QUADRATIQUES, FORMES HERMITIENNES : L2, L3, CLASSES PRÉPARATOIRES","BOUCETTA, MOHAMED",CÉPADUÈS,2009.0,PARIS,ACHAT,PRÊT EXTERNE,ENSIA
780,DÉVELOPPER DES BASES DE DONNÉES WEB AVEC LA PLATEFORME .NET : ÉTAPE PAR ÉTAPE,"BUYENS, JIM",MICROSOFT PRESS,2002.0,PARIS,PASSIF,PRÊT EXTERNE,TRANSFÉRÉ L'ENSIA
696,E-MYTH :LE MYTHE DE L'ENTREPRENEUR REVISITÉ,GERBER MICHAEL,NOUVEAUX HORIZONS,2019.0,FRANCE,DON,PRÊT EXTERNE,ENSIA
698,E-MYTH :LE MYTHE DE L'ENTREPRENEUR REVISITÉ,GERBER MICHAEL,NOUVEAUX HORIZONS,2019.0,FRANCE,DON,PRÊT EXTERNE,ENSIA
697,E-MYTH :LE MYTHE DE L'ENTREPRENEUR REVISITÉ,GERBER MICHAEL,NOUVEAUX HORIZONS,2019.0,FRANCE,DON,PRÊT EXTERNE,ENSIA
695,E-MYTH :LE MYTHE DE L'ENTREPRENEUR REVISITÉ,GERBER MICHAEL,NOUVEAUX HORIZONS,2019.0,FRANCE,DON,CONSULTATION SUR PLACE,ENSIA
492,ECOLOGIE GÉNÉRALE : STRUCTURE ET FONCTIONNEMENT DE LA BIOSPHÈRE,"BARBAULT, ROBERT",DUNOD,2021.0,PARIS,ACHAT,CONSULTATION SUR PLACE,ENSIA
493,ECOLOGIE GÉNÉRALE : STRUCTURE ET FONCTIONNEMENT DE LA BIOSPHÈRE,"BARBAULT, ROBERT",DUNOD,2021.0,PARIS,ACHAT,PRÊT EXTERNE,ENSIA
494,ECOLOGIE GÉNÉRALE : STRUCTURE ET FONCTIONNEMENT DE LA BIOSPHÈRE,"BARBAULT, ROBERT",DUNOD,2021.0,PARIS,ACHAT,PRÊT EXTERNE,ENSIA
230,ECONOMIE GÉNÉRAL,MATOUK BELATTAF,OPU,2017.0,ALGER,ACHAT,CONSULTATION SUR PLACE,ENSIA
1745,"EECTRONIQUE NUMERIQUE TOME 2: ACQUISITION ,CONVERSION ET RESTITUTION DE DONNÉES",DELSOL.R,UNKNOWN_EDITOR,1992.0,FRANCE,DON,PRÊT EXTERNE,ENSIA
1747,"EECTRONIQUE NUMERIQUE TOME 2: ACQUISITION ,CONVERSION ET RESTITUTION DE DONNÉES",DELSOL.R,UNKNOWN_EDITOR,1992.0,FRANCE,DON,PRÊT EXTERNE,ENSIA
1755,"EECTRONIQUE NUMERIQUE TOME 2: ACQUISITION ,CONVERSION ET RESTITUTION DE DONNÉES",DELSOL.R,UNKNOWN_EDITOR,1992.0,FRANCE,DON,PRÊT EXTERNE,ENSIA
1746,"EECTRONIQUE NUMERIQUE TOME 2: ACQUISITION ,CONVERSION ET RESTITUTION DE DONNÉES",DELSOL.R,UNKNOWN_EDITOR,1992.0,FRANCE,DON,PRÊT EXTERNE,ENSIA
1753,"EECTRONIQUE NUMERIQUE TOME 2: ACQUISITION ,CONVERSION ET RESTITUTION DE DONNÉES",DELSOL.R,UNKNOWN_EDITOR,1992.0,FRANCE,DON,PRÊT EXTERNE,ENSIA
1752,"EECTRONIQUE NUMERIQUE TOME 2: ACQUISITION ,CONVERSION ET RESTITUTION DE DONNÉES",DELSOL.R,UNKNOWN_EDITOR,1992.0,FRANCE,DON,PRÊT EXTERNE,ENSIA
1751,"EECTRONIQUE NUMERIQUE TOME 2: ACQUISITION ,CONVERSION ET RESTITUTION DE DONNÉES",DELSOL.R,UNKNOWN_EDITOR,1992.0,FRANCE,DON,PRÊT EXTERNE,ENSIA
1754,"EECTRONIQUE NUMERIQUE TOME 2: ACQUISITION ,CONVERSION ET RESTITUTION DE DONNÉES",DELSOL.R,UNKNOWN_EDITOR,1992.0,FRANCE,DON,PRÊT EXTERNE,ENSIA
1749,"EECTRONIQUE NUMERIQUE TOME 2: ACQUISITION ,CONVERSION ET RESTITUTION DE DONNÉES",DELSOL.R,UNKNOWN_EDITOR,1992.0,FRANCE,DON,PRÊT EXTERNE,ENSIA
1748,"EECTRONIQUE NUMERIQUE TOME 2: ACQUISITION ,CONVERSION ET RESTITUTION DE DONNÉES",DELSOL.R,UNKNOWN_EDITOR,1992.0,FRANCE,DON,PRÊT EXTERNE,ENSIA
1750,"EECTRONIQUE NUMERIQUE TOME 2: ACQUISITION ,CONVERSION ET RESTITUTION DE DONNÉES",DELSOL.R,UNKNOWN_EDITOR,1992.0,FRANCE,DON,PRÊT EXTERNE,ENSIA
1756,"EECTRONIQUE NUMERIQUE TOME 2: ACQUISITION ,CONVERSION ET RESTITUTION DE DONNÉES",DELSOL.R,UNKNOWN_EDITOR,1992.0,FRANCE,DON,PRÊT EXTERNE,ENSIA
3801,EFFECTIVE MODERN C++ : 42 SPECIFIC WAYS TO IMPROVE YOUR USE OF C++11 AND C++14,"MEYERS, SCOTT",UNKNOWN_EDITOR,2014.0,UNKNOWN_LOCATION,ACHAT,PRÊT EXTERNE,ENSIA
3800,EFFECTIVE MODERN C++ : 42 SPECIFIC WAYS TO IMPROVE YOUR USE OF C++11 AND C++14,"MEYERS, SCOTT",UNKNOWN_EDITOR,2014.0,UNKNOWN_LOCATION,ACHAT,PRÊT EXTERNE,ENSIA
3802,EFFECTIVE MODERN C++ : 42 SPECIFIC WAYS TO IMPROVE YOUR USE OF C++11 AND C++14,"MEYERS, SCOTT",UNKNOWN_EDITOR,2014.0,UNKNOWN_LOCATION,ACHAT,PRÊT EXTERNE,ENSIA
352,ELECTRIC CIRCUITS: A PRIME,OLIVIER JC,ARTECH HOUSE,UNKNOWN_YEAR,LONDON,ACHAT,PRÊT EXTERNE,ENSIA
355,"ELECTRICITY PRICING : REGULATED, DEREGULATED AND SMART GRID SYSTEMS",SEN SAWAN,CRC PRESS,2015.0,USA,ACHAT,PRÊT EXTERNE,ENSIA
354,"ELECTRICITY PRICING : REGULATED, DEREGULATED AND SMART GRID SYSTEMS",SEN SAWAN,CRC PRESS,2015.0,USA,ACHAT,PRÊT EXTERNE,ENSIA
353,"ELECTRICITY PRICING : REGULATED, DEREGULATED AND SMART GRID SYSTEMS",SEN SAWAN,CRC PRESS,2015.0,USA,ACHAT,PRÊT EXTERNE,ENSIA
565,ELECTRICITÉ : BTS,"GRANJON, YVES",UNKNOWN_EDITOR,2021.0,UNKNOWN_LOCATION,ACHAT,PRÊT EXTERNE,ENSIA
564,ELECTRICITÉ : BTS,"GRANJON, YVES",UNKNOWN_EDITOR,2021.0,UNKNOWN_LOCATION,ACHAT,CONSULTATION SUR PLACE,ENSIA
566,ELECTRICITÉ : BTS,"GRANJON, YVES",UNKNOWN_EDITOR,2021.0,UNKNOWN_LOCATION,ACHAT,PRÊT EXTERNE,ENSIA
134,ELECTRICITÉ ET MAGNÉTISME : RAPPELS DE COURS ET EXERCICES CORRIGÉS,FIZAZI AHMED,OPU,2017.0,ALGER,ACHAT,CONSULTATION SUR PLACE,ENSIA
135,ELECTRICITÉ ET MAGNÉTISME : RAPPELS DE COURS ET EXERCICES CORRIGÉS,FIZAZI AHMED,OPU,2017.0,ALGER,ACHAT,PRÊT EXTERNE,ENSIA
934,ELECTROCHIMIE PHYSIQUE ET ANALYTIQUE,"GIRAULT, HUBERT H.",PRESSES POLYTECHNIQUES ET UNIVERSITAIRES ROMANDES,2007.0,LAUSANNE,DON,CONSULTATION SUR PLACE,ENSIA
933,ELECTROCHIMIE PHYSIQUE ET ANALYTIQUE,"GIRAULT, HUBERT H.",PRESSES POLYTECHNIQUES ET UNIVERSITAIRES ROMANDES,2007.0,LAUSANNE,DON,CONSULTATION SUR PLACE,ENSIA
430,ELECTRODYNAMIQUE CLASSIQUE : COURS ET EXERCICES D'ÉLECTROMAGNÉTISME,"JACKSON, JOHN DAVID",DUNOD,2021.0,PARIS,ACHAT,PRÊT EXTERNE,ENSIA
429,ELECTRODYNAMIQUE CLASSIQUE : COURS ET EXERCICES D'ÉLECTROMAGNÉTISME,"JACKSON, JOHN DAVID",DUNOD,2021.0,PARIS,ACHAT,PRÊT EXTERNE,ENSIA
428,ELECTRODYNAMIQUE CLASSIQUE : COURS ET EXERCICES D'ÉLECTROMAGNÉTISME,"JACKSON, JOHN DAVID",DUNOD,2021.0,PARIS,ACHAT,CONSULTATION SUR PLACE,ENSIA
77,ELECTRONIQUE GENERALE ( LES COMPOSANTS PASSIF - LES COMPOSANT ACTIF ) : L'AMOLIFICATEUR OPERATIONNEL,HAROUBIA BRAHIM,OPU,2013.0,ALGER,ACHAT,PRÊT EXTERNE,ENSIA
76,ELECTRONIQUE GENERALE ( LES COMPOSANTS PASSIF - LES COMPOSANT ACTIF ) : L'AMOLIFICATEUR OPERATIONNEL,HAROUBIA BRAHIM,OPU,2013.0,ALGER,ACHAT,CONSULTATION SUR PLACE,ENSIA
63,ELECTRONIQUE GÉNÉRALE : COURS ET EXERCICES RÉSOLUS,"BENAYAD, A",OPU,2017.0,ALGER,ACHAT,PRÊT EXTERNE,ENSIA
62,ELECTRONIQUE GÉNÉRALE : COURS ET EXERCICES RÉSOLUS,"BENAYAD, A",OPU,2017.0,ALGER,ACHAT,PRÊT EXTERNE,ENSIA
61,ELECTRONIQUE GÉNÉRALE : COURS ET EXERCICES RÉSOLUS,"BENAYAD, A",OPU,2017.0,ALGER,ACHAT,PRÊT EXTERNE,ENSIA
60,ELECTRONIQUE GÉNÉRALE : COURS ET EXERCICES RÉSOLUS,"BENAYAD, A",OPU,2017.0,ALGER,ACHAT,CONSULTATION SUR PLACE,ENSIA
309,ELECTRONIQUE NUMÉRIQUE : LOGIQUE COMBINATOIRE : EXERCICES ET PROBLÈMES RÉSOLUS,BESSAID ABDELHAFI,OPU,2015.0,ALGER,ACHAT,CONSULTATION SUR PLACE,ENSIA
310,ELECTRONIQUE NUMÉRIQUE : LOGIQUE COMBINATOIRE : EXERCICES ET PROBLÈMES RÉSOLUS,BESSAID ABDELHAFI,OPU,2015.0,ALGER,ACHAT,PRÊT EXTERNE,ENSIA
312,ELECTRONIQUE NUMÉRIQUE T.2 LOGIQUE SÉQUENTIELLE : EXERCICES ET PROBLÈMES RÉSOLUS,BESSAID ABDELHAFI,OPU,2004.0,ALGER,ACHAT,PRÊT EXTERNE,ENSIA
311,ELECTRONIQUE NUMÉRIQUE T.2 LOGIQUE SÉQUENTIELLE : EXERCICES ET PROBLÈMES RÉSOLUS,BESSAID ABDELHAFI,OPU,2004.0,ALGER,ACHAT,CONSULTATION SUR PLACE,ENSIA
3583,ELEMENTS D'ANALYSE NUMERIQUE,UNKNOWN_AUTHOR,UNKNOWN_EDITOR,UNKNOWN_YEAR,UNKNOWN_LOCATION,ACHAT,PRÊT EXTERNE,ENSIA
3582,ELEMENTS D'ANALYSE NUMERIQUE,UNKNOWN_AUTHOR,UNKNOWN_EDITOR,UNKNOWN_YEAR,UNKNOWN_LOCATION,ACHAT,PRÊT EXTERNE,ENSIA
3581,ELEMENTS D'ANALYSE NUMERIQUE,UNKNOWN_AUTHOR,UNKNOWN_EDITOR,UNKNOWN_YEAR,UNKNOWN_LOCATION,ACHAT,PRÊT EXTERNE,ENSIA
3580,ELEMENTS D'ANALYSE NUMERIQUE,UNKNOWN_AUTHOR,UNKNOWN_EDITOR,UNKNOWN_YEAR,UNKNOWN_LOCATION,ACHAT,PRÊT EXTERNE,ENSIA
3579,ELEMENTS D'ANALYSE NUMERIQUE,UNKNOWN_AUTHOR,UNKNOWN_EDITOR,UNKNOWN_YEAR,UNKNOWN_LOCATION,ACHAT,PRÊT EXTERNE,ENSIA
35122,ELEMENTS D'ANALYSE NUMERIQUE,UNKNOWN_AUTHOR,UNKNOWN_EDITOR,UNKNOWN_YEAR,UNKNOWN_LOCATION,ACHAT,PRÊT EXTERNE,ENSIA
3584,ELEMENTS D'ANALYSE NUMERIQUE,UNKNOWN_AUTHOR,UNKNOWN_EDITOR,UNKNOWN_YEAR,UNKNOWN_LOCATION,ACHAT,PRÊT EXTERNE,ENSIA
35127,ELEMENTS D'ANALYSE NUMERIQUE,UNKNOWN_AUTHOR,UNKNOWN_EDITOR,UNKNOWN_YEAR,UNKNOWN_LOCATION,ACHAT,PRÊT EXTERNE,ENSIA
35126,ELEMENTS D'ANALYSE NUMERIQUE,UNKNOWN_AUTHOR,UNKNOWN_EDITOR,UNKNOWN_YEAR,UNKNOWN_LOCATION,ACHAT,PRÊT EXTERNE,ENSIA
35125,ELEMENTS D'ANALYSE NUMERIQUE,UNKNOWN_AUTHOR,UNKNOWN_EDITOR,UNKNOWN_YEAR,UNKNOWN_LOCATION,ACHAT,PRÊT EXTERNE,ENSIA
35124,ELEMENTS D'ANALYSE NUMERIQUE,UNKNOWN_AUTHOR,UNKNOWN_EDITOR,UNKNOWN_YEAR,UNKNOWN_LOCATION,ACHAT,PRÊT EXTERNE,ENSIA
3578,ELEMENTS D'ANALYSE NUMERIQUE,UNKNOWN_AUTHOR,UNKNOWN_EDITOR,UNKNOWN_YEAR,UNKNOWN_LOCATION,ACHAT,PRÊT EXTERNE,ENSIA
3585,ELEMENTS D'ANALYSE NUMERIQUE,UNKNOWN_AUTHOR,UNKNOWN_EDITOR,UNKNOWN_YEAR,UNKNOWN_LOCATION,ACHAT,PRÊT EXTERNE,ENSIA
3587,ELEMENTS D'ANALYSE NUMERIQUE,UNKNOWN_AUTHOR,UNKNOWN_EDITOR,UNKNOWN_YEAR,UNKNOWN_LOCATION,ACHAT,PRÊT EXTERNE,ENSIA
35123,ELEMENTS D'ANALYSE NUMERIQUE,UNKNOWN_AUTHOR,UNKNOWN_EDITOR,UNKNOWN_YEAR,UNKNOWN_LOCATION,ACHAT,PRÊT EXTERNE,ENSIA
3588,ELEMENTS D'ANALYSE NUMERIQUE,UNKNOWN_AUTHOR,UNKNOWN_EDITOR,UNKNOWN_YEAR,UNKNOWN_LOCATION,ACHAT,PRÊT EXTERNE,ENSIA
3589,ELEMENTS D'ANALYSE NUMERIQUE,UNKNOWN_AUTHOR,UNKNOWN_EDITOR,UNKNOWN_YEAR,UNKNOWN_LOCATION,ACHAT,PRÊT EXTERNE,ENSIA
3590,ELEMENTS D'ANALYSE NUMERIQUE,UNKNOWN_AUTHOR,UNKNOWN_EDITOR,UNKNOWN_YEAR,UNKNOWN_LOCATION,ACHAT,PRÊT EXTERNE,ENSIA
3591,ELEMENTS D'ANALYSE NUMERIQUE,UNKNOWN_AUTHOR,UNKNOWN_EDITOR,UNKNOWN_YEAR,UNKNOWN_LOCATION,ACHAT,PRÊT EXTERNE,ENSIA
3592,ELEMENTS D'ANALYSE NUMERIQUE,UNKNOWN_AUTHOR,UNKNOWN_EDITOR,UNKNOWN_YEAR,UNKNOWN_LOCATION,ACHAT,PRÊT EXTERNE,ENSIA
3593,ELEMENTS D'ANALYSE NUMERIQUE,UNKNOWN_AUTHOR,UNKNOWN_EDITOR,UNKNOWN_YEAR,UNKNOWN_LOCATION,ACHAT,PRÊT EXTERNE,ENSIA
3594,ELEMENTS D'ANALYSE NUMERIQUE,UNKNOWN_AUTHOR,UNKNOWN_EDITOR,UNKNOWN_YEAR,UNKNOWN_LOCATION,ACHAT,PRÊT EXTERNE,ENSIA
3595,ELEMENTS D'ANALYSE NUMERIQUE,UNKNOWN_AUTHOR,UNKNOWN_EDITOR,UNKNOWN_YEAR,UNKNOWN_LOCATION,ACHAT,PRÊT EXTERNE,ENSIA
3596,ELEMENTS D'ANALYSE NUMERIQUE,UNKNOWN_AUTHOR,UNKNOWN_EDITOR,UNKNOWN_YEAR,UNKNOWN_LOCATION,ACHAT,PRÊT EXTERNE,ENSIA
3597,ELEMENTS D'ANALYSE NUMERIQUE,UNKNOWN_AUTHOR,UNKNOWN_EDITOR,UNKNOWN_YEAR,UNKNOWN_LOCATION,ACHAT,PRÊT EXTERNE,ENSIA
3598,ELEMENTS D'ANALYSE NUMERIQUE,UNKNOWN_AUTHOR,UNKNOWN_EDITOR,UNKNOWN_YEAR,UNKNOWN_LOCATION,ACHAT,PRÊT EXTERNE,ENSIA
3599,ELEMENTS D'ANALYSE NUMERIQUE,UNKNOWN_AUTHOR,UNKNOWN_EDITOR,UNKNOWN_YEAR,UNKNOWN_LOCATION,ACHAT,PRÊT EXTERNE,ENSIA
3586,ELEMENTS D'ANALYSE NUMERIQUE,UNKNOWN_AUTHOR,UNKNOWN_EDITOR,UNKNOWN_YEAR,UNKNOWN_LOCATION,ACHAT,PRÊT EXTERNE,ENSIA
35121,ELEMENTS D'ANALYSE NUMERIQUE,UNKNOWN_AUTHOR,UNKNOWN_EDITOR,UNKNOWN_YEAR,UNKNOWN_LOCATION,ACHAT,PRÊT EXTERNE,ENSIA
35116,ELEMENTS D'ANALYSE NUMERIQUE,UNKNOWN_AUTHOR,UNKNOWN_EDITOR,UNKNOWN_YEAR,UNKNOWN_LOCATION,ACHAT,PRÊT EXTERNE,ENSIA
35119,ELEMENTS D'ANALYSE NUMERIQUE,UNKNOWN_AUTHOR,UNKNOWN_EDITOR,UNKNOWN_YEAR,UNKNOWN_LOCATION,ACHAT,PRÊT EXTERNE,ENSIA
35100,ELEMENTS D'ANALYSE NUMERIQUE,UNKNOWN_AUTHOR,UNKNOWN_EDITOR,UNKNOWN_YEAR,UNKNOWN_LOCATION,ACHAT,PRÊT EXTERNE,ENSIA
35101,ELEMENTS D'ANALYSE NUMERIQUE,UNKNOWN_AUTHOR,UNKNOWN_EDITOR,UNKNOWN_YEAR,UNKNOWN_LOCATION,ACHAT,PRÊT EXTERNE,ENSIA
35102,ELEMENTS D'ANALYSE NUMERIQUE,UNKNOWN_AUTHOR,UNKNOWN_EDITOR,UNKNOWN_YEAR,UNKNOWN_LOCATION,ACHAT,PRÊT EXTERNE,ENSIA
35120,ELEMENTS D'ANALYSE NUMERIQUE,UNKNOWN_AUTHOR,UNKNOWN_EDITOR,UNKNOWN_YEAR,UNKNOWN_LOCATION,ACHAT,PRÊT EXTERNE,ENSIA
35104,ELEMENTS D'ANALYSE NUMERIQUE,UNKNOWN_AUTHOR,UNKNOWN_EDITOR,UNKNOWN_YEAR,UNKNOWN_LOCATION,ACHAT,PRÊT EXTERNE,ENSIA
35105,ELEMENTS D'ANALYSE NUMERIQUE,UNKNOWN_AUTHOR,UNKNOWN_EDITOR,UNKNOWN_YEAR,UNKNOWN_LOCATION,ACHAT,PRÊT EXTERNE,ENSIA
35106,ELEMENTS D'ANALYSE NUMERIQUE,UNKNOWN_AUTHOR,UNKNOWN_EDITOR,UNKNOWN_YEAR,UNKNOWN_LOCATION,ACHAT,PRÊT EXTERNE,ENSIA
35107,ELEMENTS D'ANALYSE NUMERIQUE,UNKNOWN_AUTHOR,UNKNOWN_EDITOR,UNKNOWN_YEAR,UNKNOWN_LOCATION,ACHAT,PRÊT EXTERNE,ENSIA
35108,ELEMENTS D'ANALYSE NUMERIQUE,UNKNOWN_AUTHOR,UNKNOWN_EDITOR,UNKNOWN_YEAR,UNKNOWN_LOCATION,ACHAT,PRÊT EXTERNE,ENSIA
35109,ELEMENTS D'ANALYSE NUMERIQUE,UNKNOWN_AUTHOR,UNKNOWN_EDITOR,UNKNOWN_YEAR,UNKNOWN_LOCATION,ACHAT,PRÊT EXTERNE,ENSIA
35110,ELEMENTS D'ANALYSE NUMERIQUE,UNKNOWN_AUTHOR,UNKNOWN_EDITOR,UNKNOWN_YEAR,UNKNOWN_LOCATION,ACHAT,PRÊT EXTERNE,ENSIA
35103,ELEMENTS D'ANALYSE NUMERIQUE,UNKNOWN_AUTHOR,UNKNOWN_EDITOR,UNKNOWN_YEAR,UNKNOWN_LOCATION,ACHAT,PRÊT EXTERNE,ENSIA
35112,ELEMENTS D'ANALYSE NUMERIQUE,UNKNOWN_AUTHOR,UNKNOWN_EDITOR,UNKNOWN_YEAR,UNKNOWN_LOCATION,ACHAT,PRÊT EXTERNE,ENSIA
35113,ELEMENTS D'ANALYSE NUMERIQUE,UNKNOWN_AUTHOR,UNKNOWN_EDITOR,UNKNOWN_YEAR,UNKNOWN_LOCATION,ACHAT,PRÊT EXTERNE,ENSIA
35114,ELEMENTS D'ANALYSE NUMERIQUE,UNKNOWN_AUTHOR,UNKNOWN_EDITOR,UNKNOWN_YEAR,UNKNOWN_LOCATION,ACHAT,PRÊT EXTERNE,ENSIA
35115,ELEMENTS D'ANALYSE NUMERIQUE,UNKNOWN_AUTHOR,UNKNOWN_EDITOR,UNKNOWN_YEAR,UNKNOWN_LOCATION,ACHAT,PRÊT EXTERNE,ENSIA
35117,ELEMENTS D'ANALYSE NUMERIQUE,UNKNOWN_AUTHOR,UNKNOWN_EDITOR,UNKNOWN_YEAR,UNKNOWN_LOCATION,ACHAT,PRÊT EXTERNE,ENSIA
35118,ELEMENTS D'ANALYSE NUMERIQUE,UNKNOWN_AUTHOR,UNKNOWN_EDITOR,UNKNOWN_YEAR,UNKNOWN_LOCATION,ACHAT,PRÊT EXTERNE,ENSIA
35111,ELEMENTS D'ANALYSE NUMERIQUE,UNKNOWN_AUTHOR,UNKNOWN_EDITOR,UNKNOWN_YEAR,UNKNOWN_LOCATION,ACHAT,PRÊT EXTERNE,ENSIA
3205,ELEMENTS D'ANALYSE TOME 2 : FONCTIONS D'UNE VARIABLE RÉELLE :1RE 2RE ANNÉES D'UNIVERSITÉ,KADA ALLAB,OPU,2007.0,ALGER,ACHAT,PRÊT EXTERNE,ENSIA
4068,ELEMENTS D'ANALYSE TOME 2 : FONCTIONS D'UNE VARIABLE RÉELLE :1RE 2RE ANNÉES D'UNIVERSITÉ,KADA ALLAB,OPU,2007.0,ALGER,ACHAT,PRÊT EXTERNE,ENSIA
4069,ELEMENTS D'ANALYSE TOME 2 : FONCTIONS D'UNE VARIABLE RÉELLE :1RE 2RE ANNÉES D'UNIVERSITÉ,KADA ALLAB,OPU,2007.0,ALGER,ACHAT,PRÊT EXTERNE,ENSIA
4070,ELEMENTS D'ANALYSE TOME 2 : FONCTIONS D'UNE VARIABLE RÉELLE :1RE 2RE ANNÉES D'UNIVERSITÉ,KADA ALLAB,OPU,2007.0,ALGER,ACHAT,PRÊT EXTERNE,ENSIA
4071,ELEMENTS D'ANALYSE TOME 2 : FONCTIONS D'UNE VARIABLE RÉELLE :1RE 2RE ANNÉES D'UNIVERSITÉ,KADA ALLAB,OPU,2007.0,ALGER,ACHAT,PRÊT EXTERNE,ENSIA
4072,ELEMENTS D'ANALYSE TOME 2 : FONCTIONS D'UNE VARIABLE RÉELLE :1RE 2RE ANNÉES D'UNIVERSITÉ,KADA ALLAB,OPU,2007.0,ALGER,ACHAT,PRÊT EXTERNE,ENSIA
4073,ELEMENTS D'ANALYSE TOME 2 : FONCTIONS D'UNE VARIABLE RÉELLE :1RE 2RE ANNÉES D'UNIVERSITÉ,KADA ALLAB,OPU,2007.0,ALGER,ACHAT,PRÊT EXTERNE,ENSIA
4074,ELEMENTS D'ANALYSE TOME 2 : FONCTIONS D'UNE VARIABLE RÉELLE :1RE 2RE ANNÉES D'UNIVERSITÉ,KADA ALLAB,OPU,2007.0,ALGER,ACHAT,PRÊT EXTERNE,ENSIA
4075,ELEMENTS D'ANALYSE TOME 2 : FONCTIONS D'UNE VARIABLE RÉELLE :1RE 2RE ANNÉES D'UNIVERSITÉ,KADA ALLAB,OPU,2007.0,ALGER,ACHAT,PRÊT EXTERNE,ENSIA
4077,ELEMENTS D'ANALYSE TOME 2 : FONCTIONS D'UNE VARIABLE RÉELLE :1RE 2RE ANNÉES D'UNIVERSITÉ,KADA ALLAB,OPU,2007.0,ALGER,ACHAT,PRÊT EXTERNE,ENSIA
4060,ELEMENTS D'ANALYSE TOME 2 : FONCTIONS D'UNE VARIABLE RÉELLE :1RE 2RE ANNÉES D'UNIVERSITÉ,KADA ALLAB,OPU,2007.0,ALGER,ACHAT,PRÊT EXTERNE,ENSIA
4078,ELEMENTS D'ANALYSE TOME 2 : FONCTIONS D'UNE VARIABLE RÉELLE :1RE 2RE ANNÉES D'UNIVERSITÉ,KADA ALLAB,OPU,2007.0,ALGER,ACHAT,PRÊT EXTERNE,ENSIA
4079,ELEMENTS D'ANALYSE TOME 2 : FONCTIONS D'UNE VARIABLE RÉELLE :1RE 2RE ANNÉES D'UNIVERSITÉ,KADA ALLAB,OPU,2007.0,ALGER,ACHAT,PRÊT EXTERNE,ENSIA
4061,ELEMENTS D'ANALYSE TOME 2 : FONCTIONS D'UNE VARIABLE RÉELLE :1RE 2RE ANNÉES D'UNIVERSITÉ,KADA ALLAB,OPU,2007.0,ALGER,ACHAT,PRÊT EXTERNE,ENSIA
4059,ELEMENTS D'ANALYSE TOME 2 : FONCTIONS D'UNE VARIABLE RÉELLE :1RE 2RE ANNÉES D'UNIVERSITÉ,KADA ALLAB,OPU,2007.0,ALGER,ACHAT,PRÊT EXTERNE,ENSIA
4062,ELEMENTS D'ANALYSE TOME 2 : FONCTIONS D'UNE VARIABLE RÉELLE :1RE 2RE ANNÉES D'UNIVERSITÉ,KADA ALLAB,OPU,2007.0,ALGER,ACHAT,PRÊT EXTERNE,ENSIA
4063,ELEMENTS D'ANALYSE TOME 2 : FONCTIONS D'UNE VARIABLE RÉELLE :1RE 2RE ANNÉES D'UNIVERSITÉ,KADA ALLAB,OPU,2007.0,ALGER,ACHAT,PRÊT EXTERNE,ENSIA
4064,ELEMENTS D'ANALYSE TOME 2 : FONCTIONS D'UNE VARIABLE RÉELLE :1RE 2RE ANNÉES D'UNIVERSITÉ,KADA ALLAB,OPU,2007.0,ALGER,ACHAT,PRÊT EXTERNE,ENSIA
4076,ELEMENTS D'ANALYSE TOME 2 : FONCTIONS D'UNE VARIABLE RÉELLE :1RE 2RE ANNÉES D'UNIVERSITÉ,KADA ALLAB,OPU,2007.0,ALGER,ACHAT,PRÊT EXTERNE,ENSIA
4067,ELEMENTS D'ANALYSE TOME 2 : FONCTIONS D'UNE VARIABLE RÉELLE :1RE 2RE ANNÉES D'UNIVERSITÉ,KADA ALLAB,OPU,2007.0,ALGER,ACHAT,PRÊT EXTERNE,ENSIA
3210,ELEMENTS D'ANALYSE TOME 2 : FONCTIONS D'UNE VARIABLE RÉELLE :1RE 2RE ANNÉES D'UNIVERSITÉ,KADA ALLAB,OPU,2007.0,ALGER,ACHAT,PRÊT EXTERNE,ENSIA
3207,ELEMENTS D'ANALYSE TOME 2 : FONCTIONS D'UNE VARIABLE RÉELLE :1RE 2RE ANNÉES D'UNIVERSITÉ,KADA ALLAB,OPU,2007.0,ALGER,ACHAT,PRÊT EXTERNE,ENSIA
3233,ELEMENTS D'ANALYSE TOME 2 : FONCTIONS D'UNE VARIABLE RÉELLE :1RE 2RE ANNÉES D'UNIVERSITÉ,KADA ALLAB,OPU,2007.0,ALGER,ACHAT,PRÊT EXTERNE,ENSIA
3232,ELEMENTS D'ANALYSE TOME 2 : FONCTIONS D'UNE VARIABLE RÉELLE :1RE 2RE ANNÉES D'UNIVERSITÉ,KADA ALLAB,OPU,2007.0,ALGER,ACHAT,PRÊT EXTERNE,ENSIA
3231,ELEMENTS D'ANALYSE TOME 2 : FONCTIONS D'UNE VARIABLE RÉELLE :1RE 2RE ANNÉES D'UNIVERSITÉ,KADA ALLAB,OPU,2007.0,ALGER,ACHAT,PRÊT EXTERNE,ENSIA
3230,ELEMENTS D'ANALYSE TOME 2 : FONCTIONS D'UNE VARIABLE RÉELLE :1RE 2RE ANNÉES D'UNIVERSITÉ,KADA ALLAB,OPU,2007.0,ALGER,ACHAT,PRÊT EXTERNE,ENSIA
3228,ELEMENTS D'ANALYSE TOME 2 : FONCTIONS D'UNE VARIABLE RÉELLE :1RE 2RE ANNÉES D'UNIVERSITÉ,KADA ALLAB,OPU,2007.0,ALGER,ACHAT,PRÊT EXTERNE,ENSIA
3227,ELEMENTS D'ANALYSE TOME 2 : FONCTIONS D'UNE VARIABLE RÉELLE :1RE 2RE ANNÉES D'UNIVERSITÉ,KADA ALLAB,OPU,2007.0,ALGER,ACHAT,PRÊT EXTERNE,ENSIA
3226,ELEMENTS D'ANALYSE TOME 2 : FONCTIONS D'UNE VARIABLE RÉELLE :1RE 2RE ANNÉES D'UNIVERSITÉ,KADA ALLAB,OPU,2007.0,ALGER,ACHAT,PRÊT EXTERNE,ENSIA
3225,ELEMENTS D'ANALYSE TOME 2 : FONCTIONS D'UNE VARIABLE RÉELLE :1RE 2RE ANNÉES D'UNIVERSITÉ,KADA ALLAB,OPU,2007.0,ALGER,ACHAT,PRÊT EXTERNE,ENSIA
3224,ELEMENTS D'ANALYSE TOME 2 : FONCTIONS D'UNE VARIABLE RÉELLE :1RE 2RE ANNÉES D'UNIVERSITÉ,KADA ALLAB,OPU,2007.0,ALGER,ACHAT,PRÊT EXTERNE,ENSIA
3223,ELEMENTS D'ANALYSE TOME 2 : FONCTIONS D'UNE VARIABLE RÉELLE :1RE 2RE ANNÉES D'UNIVERSITÉ,KADA ALLAB,OPU,2007.0,ALGER,ACHAT,PRÊT EXTERNE,ENSIA
3222,ELEMENTS D'ANALYSE TOME 2 : FONCTIONS D'UNE VARIABLE RÉELLE :1RE 2RE ANNÉES D'UNIVERSITÉ,KADA ALLAB,OPU,2007.0,ALGER,ACHAT,PRÊT EXTERNE,ENSIA
3206,ELEMENTS D'ANALYSE TOME 2 : FONCTIONS D'UNE VARIABLE RÉELLE :1RE 2RE ANNÉES D'UNIVERSITÉ,KADA ALLAB,OPU,2007.0,ALGER,ACHAT,PRÊT EXTERNE,ENSIA
3221,ELEMENTS D'ANALYSE TOME 2 : FONCTIONS D'UNE VARIABLE RÉELLE :1RE 2RE ANNÉES D'UNIVERSITÉ,KADA ALLAB,OPU,2007.0,ALGER,ACHAT,PRÊT EXTERNE,ENSIA
3219,ELEMENTS D'ANALYSE TOME 2 : FONCTIONS D'UNE VARIABLE RÉELLE :1RE 2RE ANNÉES D'UNIVERSITÉ,KADA ALLAB,OPU,2007.0,ALGER,ACHAT,PRÊT EXTERNE,ENSIA
3218,ELEMENTS D'ANALYSE TOME 2 : FONCTIONS D'UNE VARIABLE RÉELLE :1RE 2RE ANNÉES D'UNIVERSITÉ,KADA ALLAB,OPU,2007.0,ALGER,ACHAT,PRÊT EXTERNE,ENSIA
3217,ELEMENTS D'ANALYSE TOME 2 : FONCTIONS D'UNE VARIABLE RÉELLE :1RE 2RE ANNÉES D'UNIVERSITÉ,KADA ALLAB,OPU,2007.0,ALGER,ACHAT,PRÊT EXTERNE,ENSIA
3216,ELEMENTS D'ANALYSE TOME 2 : FONCTIONS D'UNE VARIABLE RÉELLE :1RE 2RE ANNÉES D'UNIVERSITÉ,KADA ALLAB,OPU,2007.0,ALGER,ACHAT,PRÊT EXTERNE,ENSIA
3215,ELEMENTS D'ANALYSE TOME 2 : FONCTIONS D'UNE VARIABLE RÉELLE :1RE 2RE ANNÉES D'UNIVERSITÉ,KADA ALLAB,OPU,2007.0,ALGER,ACHAT,PRÊT EXTERNE,ENSIA
3214,ELEMENTS D'ANALYSE TOME 2 : FONCTIONS D'UNE VARIABLE RÉELLE :1RE 2RE ANNÉES D'UNIVERSITÉ,KADA ALLAB,OPU,2007.0,ALGER,ACHAT,PRÊT EXTERNE,ENSIA
3213,ELEMENTS D'ANALYSE TOME 2 : FONCTIONS D'UNE VARIABLE RÉELLE :1RE 2RE ANNÉES D'UNIVERSITÉ,KADA ALLAB,OPU,2007.0,ALGER,ACHAT,PRÊT EXTERNE,ENSIA
3212,ELEMENTS D'ANALYSE TOME 2 : FONCTIONS D'UNE VARIABLE RÉELLE :1RE 2RE ANNÉES D'UNIVERSITÉ,KADA ALLAB,OPU,2007.0,ALGER,ACHAT,PRÊT EXTERNE,ENSIA
3211,ELEMENTS D'ANALYSE TOME 2 : FONCTIONS D'UNE VARIABLE RÉELLE :1RE 2RE ANNÉES D'UNIVERSITÉ,KADA ALLAB,OPU,2007.0,ALGER,ACHAT,PRÊT EXTERNE,ENSIA
3209,ELEMENTS D'ANALYSE TOME 2 : FONCTIONS D'UNE VARIABLE RÉELLE :1RE 2RE ANNÉES D'UNIVERSITÉ,KADA ALLAB,OPU,2007.0,ALGER,ACHAT,PRÊT EXTERNE,ENSIA
3208,ELEMENTS D'ANALYSE TOME 2 : FONCTIONS D'UNE VARIABLE RÉELLE :1RE 2RE ANNÉES D'UNIVERSITÉ,KADA ALLAB,OPU,2007.0,ALGER,ACHAT,PRÊT EXTERNE,ENSIA
3220,ELEMENTS D'ANALYSE TOME 2 : FONCTIONS D'UNE VARIABLE RÉELLE :1RE 2RE ANNÉES D'UNIVERSITÉ,KADA ALLAB,OPU,2007.0,ALGER,ACHAT,PRÊT EXTERNE,ENSIA
3229,ELEMENTS D'ANALYSE TOME 2 : FONCTIONS D'UNE VARIABLE RÉELLE :1RE 2RE ANNÉES D'UNIVERSITÉ,KADA ALLAB,OPU,2007.0,ALGER,ACHAT,PRÊT EXTERNE,ENSIA
4066,ELEMENTS D'ANALYSE TOME 2 : FONCTIONS D'UNE VARIABLE RÉELLE :1RE 2RE ANNÉES D'UNIVERSITÉ,KADA ALLAB,OPU,2007.0,ALGER,ACHAT,PRÊT EXTERNE,ENSIA
2001,ELEMENTS D'ANALYSE TOME 2 : FONCTIONS D'UNE VARIABLE RÉELLE :1RE 2RE ANNÉES D'UNIVERSITÉ,KADA ALLAB,OPU,2007.0,ALGER,ACHAT,PRÊT EXTERNE,ENSIA
2020,ELEMENTS D'ANALYSE TOME 2 : FONCTIONS D'UNE VARIABLE RÉELLE :1RE 2RE ANNÉES D'UNIVERSITÉ,KADA ALLAB,OPU,2007.0,ALGER,ACHAT,PRÊT EXTERNE,ENSIA
2000,ELEMENTS D'ANALYSE TOME 2 : FONCTIONS D'UNE VARIABLE RÉELLE :1RE 2RE ANNÉES D'UNIVERSITÉ,KADA ALLAB,OPU,2007.0,ALGER,ACHAT,PRÊT EXTERNE,ENSIA
2019,ELEMENTS D'ANALYSE TOME 2 : FONCTIONS D'UNE VARIABLE RÉELLE :1RE 2RE ANNÉES D'UNIVERSITÉ,KADA ALLAB,OPU,2007.0,ALGER,ACHAT,PRÊT EXTERNE,ENSIA
2018,ELEMENTS D'ANALYSE TOME 2 : FONCTIONS D'UNE VARIABLE RÉELLE :1RE 2RE ANNÉES D'UNIVERSITÉ,KADA ALLAB,OPU,2007.0,ALGER,ACHAT,PRÊT EXTERNE,ENSIA
2017,ELEMENTS D'ANALYSE TOME 2 : FONCTIONS D'UNE VARIABLE RÉELLE :1RE 2RE ANNÉES D'UNIVERSITÉ,KADA ALLAB,OPU,2007.0,ALGER,ACHAT,PRÊT EXTERNE,ENSIA
2015,ELEMENTS D'ANALYSE TOME 2 : FONCTIONS D'UNE VARIABLE RÉELLE :1RE 2RE ANNÉES D'UNIVERSITÉ,KADA ALLAB,OPU,2007.0,ALGER,ACHAT,PRÊT EXTERNE,ENSIA
2021,ELEMENTS D'ANALYSE TOME 2 : FONCTIONS D'UNE VARIABLE RÉELLE :1RE 2RE ANNÉES D'UNIVERSITÉ,KADA ALLAB,OPU,2007.0,ALGER,ACHAT,PRÊT EXTERNE,ENSIA
2014,ELEMENTS D'ANALYSE TOME 2 : FONCTIONS D'UNE VARIABLE RÉELLE :1RE 2RE ANNÉES D'UNIVERSITÉ,KADA ALLAB,OPU,2007.0,ALGER,ACHAT,PRÊT EXTERNE,ENSIA
2012,ELEMENTS D'ANALYSE TOME 2 : FONCTIONS D'UNE VARIABLE RÉELLE :1RE 2RE ANNÉES D'UNIVERSITÉ,KADA ALLAB,OPU,2007.0,ALGER,ACHAT,PRÊT EXTERNE,ENSIA
2011,ELEMENTS D'ANALYSE TOME 2 : FONCTIONS D'UNE VARIABLE RÉELLE :1RE 2RE ANNÉES D'UNIVERSITÉ,KADA ALLAB,OPU,2007.0,ALGER,ACHAT,PRÊT EXTERNE,ENSIA
2010,ELEMENTS D'ANALYSE TOME 2 : FONCTIONS D'UNE VARIABLE RÉELLE :1RE 2RE ANNÉES D'UNIVERSITÉ,KADA ALLAB,OPU,2007.0,ALGER,ACHAT,PRÊT EXTERNE,ENSIA
2009,ELEMENTS D'ANALYSE TOME 2 : FONCTIONS D'UNE VARIABLE RÉELLE :1RE 2RE ANNÉES D'UNIVERSITÉ,KADA ALLAB,OPU,2007.0,ALGER,ACHAT,PRÊT EXTERNE,ENSIA
87,ELEMENTS D'ANALYSE TOME 2 : FONCTIONS D'UNE VARIABLE RÉELLE :1RE 2RE ANNÉES D'UNIVERSITÉ,KADA ALLAB,OPU,2007.0,ALGER,ACHAT,PRÊT EXTERNE,ENSIA
1460,ELEMENTS D'ANALYSE TOME 2 : FONCTIONS D'UNE VARIABLE RÉELLE :1RE 2RE ANNÉES D'UNIVERSITÉ,KADA ALLAB,OPU,2007.0,ALGER,ACHAT,CONSULTATION SUR PLACE,ENSIA
2013,ELEMENTS D'ANALYSE TOME 2 : FONCTIONS D'UNE VARIABLE RÉELLE :1RE 2RE ANNÉES D'UNIVERSITÉ,KADA ALLAB,OPU,2007.0,ALGER,ACHAT,PRÊT EXTERNE,ENSIA
2022,ELEMENTS D'ANALYSE TOME 2 : FONCTIONS D'UNE VARIABLE RÉELLE :1RE 2RE ANNÉES D'UNIVERSITÉ,KADA ALLAB,OPU,2007.0,ALGER,ACHAT,PRÊT EXTERNE,ENSIA
2023,ELEMENTS D'ANALYSE TOME 2 : FONCTIONS D'UNE VARIABLE RÉELLE :1RE 2RE ANNÉES D'UNIVERSITÉ,KADA ALLAB,OPU,2007.0,ALGER,ACHAT,PRÊT EXTERNE,ENSIA
2024,ELEMENTS D'ANALYSE TOME 2 : FONCTIONS D'UNE VARIABLE RÉELLE :1RE 2RE ANNÉES D'UNIVERSITÉ,KADA ALLAB,OPU,2007.0,ALGER,ACHAT,PRÊT EXTERNE,ENSIA
1990,ELEMENTS D'ANALYSE TOME 2 : FONCTIONS D'UNE VARIABLE RÉELLE :1RE 2RE ANNÉES D'UNIVERSITÉ,KADA ALLAB,OPU,2007.0,ALGER,ACHAT,PRÊT EXTERNE,ENSIA
1991,ELEMENTS D'ANALYSE TOME 2 : FONCTIONS D'UNE VARIABLE RÉELLE :1RE 2RE ANNÉES D'UNIVERSITÉ,KADA ALLAB,OPU,2007.0,ALGER,ACHAT,PRÊT EXTERNE,ENSIA
1992,ELEMENTS D'ANALYSE TOME 2 : FONCTIONS D'UNE VARIABLE RÉELLE :1RE 2RE ANNÉES D'UNIVERSITÉ,KADA ALLAB,OPU,2007.0,ALGER,ACHAT,PRÊT EXTERNE,ENSIA
1993,ELEMENTS D'ANALYSE TOME 2 : FONCTIONS D'UNE VARIABLE RÉELLE :1RE 2RE ANNÉES D'UNIVERSITÉ,KADA ALLAB,OPU,2007.0,ALGER,ACHAT,PRÊT EXTERNE,ENSIA
1994,ELEMENTS D'ANALYSE TOME 2 : FONCTIONS D'UNE VARIABLE RÉELLE :1RE 2RE ANNÉES D'UNIVERSITÉ,KADA ALLAB,OPU,2007.0,ALGER,ACHAT,PRÊT EXTERNE,ENSIA
1995,ELEMENTS D'ANALYSE TOME 2 : FONCTIONS D'UNE VARIABLE RÉELLE :1RE 2RE ANNÉES D'UNIVERSITÉ,KADA ALLAB,OPU,2007.0,ALGER,ACHAT,PRÊT EXTERNE,ENSIA
1996,ELEMENTS D'ANALYSE TOME 2 : FONCTIONS D'UNE VARIABLE RÉELLE :1RE 2RE ANNÉES D'UNIVERSITÉ,KADA ALLAB,OPU,2007.0,ALGER,ACHAT,PRÊT EXTERNE,ENSIA
1997,ELEMENTS D'ANALYSE TOME 2 : FONCTIONS D'UNE VARIABLE RÉELLE :1RE 2RE ANNÉES D'UNIVERSITÉ,KADA ALLAB,OPU,2007.0,ALGER,ACHAT,PRÊT EXTERNE,ENSIA
1998,ELEMENTS D'ANALYSE TOME 2 : FONCTIONS D'UNE VARIABLE RÉELLE :1RE 2RE ANNÉES D'UNIVERSITÉ,KADA ALLAB,OPU,2007.0,ALGER,ACHAT,PRÊT EXTERNE,ENSIA
1999,ELEMENTS D'ANALYSE TOME 2 : FONCTIONS D'UNE VARIABLE RÉELLE :1RE 2RE ANNÉES D'UNIVERSITÉ,KADA ALLAB,OPU,2007.0,ALGER,ACHAT,PRÊT EXTERNE,ENSIA
2029,ELEMENTS D'ANALYSE TOME 2 : FONCTIONS D'UNE VARIABLE RÉELLE :1RE 2RE ANNÉES D'UNIVERSITÉ,KADA ALLAB,OPU,2007.0,ALGER,ACHAT,PRÊT EXTERNE,ENSIA
2028,ELEMENTS D'ANALYSE TOME 2 : FONCTIONS D'UNE VARIABLE RÉELLE :1RE 2RE ANNÉES D'UNIVERSITÉ,KADA ALLAB,OPU,2007.0,ALGER,ACHAT,PRÊT EXTERNE,ENSIA
2027,ELEMENTS D'ANALYSE TOME 2 : FONCTIONS D'UNE VARIABLE RÉELLE :1RE 2RE ANNÉES D'UNIVERSITÉ,KADA ALLAB,OPU,2007.0,ALGER,ACHAT,PRÊT EXTERNE,ENSIA
2026,ELEMENTS D'ANALYSE TOME 2 : FONCTIONS D'UNE VARIABLE RÉELLE :1RE 2RE ANNÉES D'UNIVERSITÉ,KADA ALLAB,OPU,2007.0,ALGER,ACHAT,PRÊT EXTERNE,ENSIA
2025,ELEMENTS D'ANALYSE TOME 2 : FONCTIONS D'UNE VARIABLE RÉELLE :1RE 2RE ANNÉES D'UNIVERSITÉ,KADA ALLAB,OPU,2007.0,ALGER,ACHAT,PRÊT EXTERNE,ENSIA
1461,ELEMENTS D'ANALYSE TOME 2 : FONCTIONS D'UNE VARIABLE RÉELLE :1RE 2RE ANNÉES D'UNIVERSITÉ,KADA ALLAB,OPU,2007.0,ALGER,ACHAT,PRÊT EXTERNE,ENSIA
1462,ELEMENTS D'ANALYSE TOME 2 : FONCTIONS D'UNE VARIABLE RÉELLE :1RE 2RE ANNÉES D'UNIVERSITÉ,KADA ALLAB,OPU,2007.0,ALGER,ACHAT,PRÊT EXTERNE,ENSIA
2016,ELEMENTS D'ANALYSE TOME 2 : FONCTIONS D'UNE VARIABLE RÉELLE :1RE 2RE ANNÉES D'UNIVERSITÉ,KADA ALLAB,OPU,2007.0,ALGER,ACHAT,PRÊT EXTERNE,ENSIA
1464,ELEMENTS D'ANALYSE TOME 2 : FONCTIONS D'UNE VARIABLE RÉELLE :1RE 2RE ANNÉES D'UNIVERSITÉ,KADA ALLAB,OPU,2007.0,ALGER,ACHAT,PRÊT EXTERNE,ENSIA
2008,ELEMENTS D'ANALYSE TOME 2 : FONCTIONS D'UNE VARIABLE RÉELLE :1RE 2RE ANNÉES D'UNIVERSITÉ,KADA ALLAB,OPU,2007.0,ALGER,ACHAT,PRÊT EXTERNE,ENSIA
4065,ELEMENTS D'ANALYSE TOME 2 : FONCTIONS D'UNE VARIABLE RÉELLE :1RE 2RE ANNÉES D'UNIVERSITÉ,KADA ALLAB,OPU,2007.0,ALGER,ACHAT,PRÊT EXTERNE,ENSIA
1463,ELEMENTS D'ANALYSE TOME 2 : FONCTIONS D'UNE VARIABLE RÉELLE :1RE 2RE ANNÉES D'UNIVERSITÉ,KADA ALLAB,OPU,2007.0,ALGER,ACHAT,CONSULTATION SUR PLACE,ENSIA
2007,ELEMENTS D'ANALYSE TOME 2 : FONCTIONS D'UNE VARIABLE RÉELLE :1RE 2RE ANNÉES D'UNIVERSITÉ,KADA ALLAB,OPU,2007.0,ALGER,ACHAT,PRÊT EXTERNE,ENSIA
85,ELEMENTS D'ANALYSE TOME 2 : FONCTIONS D'UNE VARIABLE RÉELLE :1RE 2RE ANNÉES D'UNIVERSITÉ,KADA ALLAB,OPU,2007.0,ALGER,ACHAT,PRÊT EXTERNE,ENSIA
86,ELEMENTS D'ANALYSE TOME 2 : FONCTIONS D'UNE VARIABLE RÉELLE :1RE 2RE ANNÉES D'UNIVERSITÉ,KADA ALLAB,OPU,2007.0,ALGER,ACHAT,PRÊT EXTERNE,ENSIA
2006,ELEMENTS D'ANALYSE TOME 2 : FONCTIONS D'UNE VARIABLE RÉELLE :1RE 2RE ANNÉES D'UNIVERSITÉ,KADA ALLAB,OPU,2007.0,ALGER,ACHAT,PRÊT EXTERNE,ENSIA
2005,ELEMENTS D'ANALYSE TOME 2 : FONCTIONS D'UNE VARIABLE RÉELLE :1RE 2RE ANNÉES D'UNIVERSITÉ,KADA ALLAB,OPU,2007.0,ALGER,ACHAT,PRÊT EXTERNE,ENSIA
1469,ELEMENTS D'ANALYSE TOME 2 : FONCTIONS D'UNE VARIABLE RÉELLE :1RE 2RE ANNÉES D'UNIVERSITÉ,KADA ALLAB,OPU,2007.0,ALGER,ACHAT,PRÊT EXTERNE,ENSIA
1468,ELEMENTS D'ANALYSE TOME 2 : FONCTIONS D'UNE VARIABLE RÉELLE :1RE 2RE ANNÉES D'UNIVERSITÉ,KADA ALLAB,OPU,2007.0,ALGER,ACHAT,PRÊT EXTERNE,ENSIA
2004,ELEMENTS D'ANALYSE TOME 2 : FONCTIONS D'UNE VARIABLE RÉELLE :1RE 2RE ANNÉES D'UNIVERSITÉ,KADA ALLAB,OPU,2007.0,ALGER,ACHAT,PRÊT EXTERNE,ENSIA
1467,ELEMENTS D'ANALYSE TOME 2 : FONCTIONS D'UNE VARIABLE RÉELLE :1RE 2RE ANNÉES D'UNIVERSITÉ,KADA ALLAB,OPU,2007.0,ALGER,ACHAT,PRÊT EXTERNE,ENSIA
2003,ELEMENTS D'ANALYSE TOME 2 : FONCTIONS D'UNE VARIABLE RÉELLE :1RE 2RE ANNÉES D'UNIVERSITÉ,KADA ALLAB,OPU,2007.0,ALGER,ACHAT,PRÊT EXTERNE,ENSIA
2002,ELEMENTS D'ANALYSE TOME 2 : FONCTIONS D'UNE VARIABLE RÉELLE :1RE 2RE ANNÉES D'UNIVERSITÉ,KADA ALLAB,OPU,2007.0,ALGER,ACHAT,PRÊT EXTERNE,ENSIA
84,ELEMENTS D'ANALYSE TOME 2 : FONCTIONS D'UNE VARIABLE RÉELLE :1RE 2RE ANNÉES D'UNIVERSITÉ,KADA ALLAB,OPU,2007.0,ALGER,ACHAT,PRÊT EXTERNE,ENSIA
1466,ELEMENTS D'ANALYSE TOME 2 : FONCTIONS D'UNE VARIABLE RÉELLE :1RE 2RE ANNÉES D'UNIVERSITÉ,KADA ALLAB,OPU,2007.0,ALGER,ACHAT,PRÊT EXTERNE,ENSIA
1465,ELEMENTS D'ANALYSE TOME 2 : FONCTIONS D'UNE VARIABLE RÉELLE :1RE 2RE ANNÉES D'UNIVERSITÉ,KADA ALLAB,OPU,2007.0,ALGER,ACHAT,PRÊT EXTERNE,ENSIA
277,ELÉCTRICITÉ ET ONDES : COURS EXERCICES ET TRAVAUX PRATIQUES,"CAUBARRERE, J. L.",OPU,2018.0,ALGER,ACHAT,CONSULTATION SUR PLACE,ENSIA
278,ELÉCTRICITÉ ET ONDES : COURS EXERCICES ET TRAVAUX PRATIQUES,"CAUBARRERE, J. L.",OPU,2018.0,ALGER,ACHAT,PRÊT EXTERNE,ENSIA
926,ELÉCTRICITÉ GÉNÉRALE : ANALYSE ET SYNTHÈSE DES CIRCUITS,"NEFFATI, TAHAR",DUNOD,2003.0,PARIS,DON,CONSULTATION SUR PLACE,ENSIA
1279,ELÉMENT DE TOPOGRAPHIE,UNKNOWN_AUTHOR,UNKNOWN_EDITOR,UNKNOWN_YEAR,UNKNOWN_LOCATION,PASSIF,PRÊT EXTERNE,ENSIA
1368,ELÉMENT DE TOPOGRAPHIE,UNKNOWN_AUTHOR,UNKNOWN_EDITOR,UNKNOWN_YEAR,UNKNOWN_LOCATION,ACHAT,PRÊT EXTERNE,ENSIA
1152,ELÉMENT DE TOPOGRAPHIE,UNKNOWN_AUTHOR,UNKNOWN_EDITOR,UNKNOWN_YEAR,UNKNOWN_LOCATION,PASSIF,PRÊT EXTERNE,ENSIA
1369,ELÉMENT DE TOPOGRAPHIE,UNKNOWN_AUTHOR,UNKNOWN_EDITOR,UNKNOWN_YEAR,UNKNOWN_LOCATION,ACHAT,PRÊT EXTERNE,ENSIA
403,ELÉMENTS DE DISTRIBUTIONS ET D'ÉQUATIONS AUX DÉRIVÉES PARTIELLES : COURS ET PROBLÈMES RÉSOLUS,"ZUILY, CLAUDE",DUNOD,2021.0,PARIS,ACHAT,PRÊT EXTERNE,ENSIA
402,ELÉMENTS DE DISTRIBUTIONS ET D'ÉQUATIONS AUX DÉRIVÉES PARTIELLES : COURS ET PROBLÈMES RÉSOLUS,"ZUILY, CLAUDE",DUNOD,2021.0,PARIS,ACHAT,PRÊT EXTERNE,ENSIA
401,ELÉMENTS DE DISTRIBUTIONS ET D'ÉQUATIONS AUX DÉRIVÉES PARTIELLES : COURS ET PROBLÈMES RÉSOLUS,"ZUILY, CLAUDE",DUNOD,2021.0,PARIS,ACHAT,PRÊT EXTERNE,ENSIA
399,ELÉMENTS DE DISTRIBUTIONS ET D'ÉQUATIONS AUX DÉRIVÉES PARTIELLES : COURS ET PROBLÈMES RÉSOLUS,"ZUILY, CLAUDE",DUNOD,2021.0,PARIS,ACHAT,CONSULTATION SUR PLACE,ENSIA
400,ELÉMENTS DE DISTRIBUTIONS ET D'ÉQUATIONS AUX DÉRIVÉES PARTIELLES : COURS ET PROBLÈMES RÉSOLUS,"ZUILY, CLAUDE",DUNOD,2021.0,PARIS,ACHAT,PRÊT EXTERNE,ENSIA
3106,ELÉMENTS DE LA THÉORIE DES PROBABILITÉS T.1,BOUSSEBOUA MOUSSEDEK,OPU,2016.0,ALGER,ACHAT,PRÊT EXTERNE,ENSIA
3108,ELÉMENTS DE LA THÉORIE DES PROBABILITÉS T.1,BOUSSEBOUA MOUSSEDEK,OPU,2016.0,ALGER,ACHAT,PRÊT EXTERNE,ENSIA
3116,ELÉMENTS DE LA THÉORIE DES PROBABILITÉS T.1,BOUSSEBOUA MOUSSEDEK,OPU,2016.0,ALGER,ACHAT,PRÊT EXTERNE,ENSIA
4023,ELÉMENTS DE LA THÉORIE DES PROBABILITÉS T.1,BOUSSEBOUA MOUSSEDEK,OPU,2016.0,ALGER,ACHAT,PRÊT EXTERNE,ENSIA
3110,ELÉMENTS DE LA THÉORIE DES PROBABILITÉS T.1,BOUSSEBOUA MOUSSEDEK,OPU,2016.0,ALGER,ACHAT,PRÊT EXTERNE,ENSIA
3115,ELÉMENTS DE LA THÉORIE DES PROBABILITÉS T.1,BOUSSEBOUA MOUSSEDEK,OPU,2016.0,ALGER,ACHAT,PRÊT EXTERNE,ENSIA
3114,ELÉMENTS DE LA THÉORIE DES PROBABILITÉS T.1,BOUSSEBOUA MOUSSEDEK,OPU,2016.0,ALGER,ACHAT,PRÊT EXTERNE,ENSIA
2895,ELÉMENTS DE LA THÉORIE DES PROBABILITÉS T.1,BOUSSEBOUA MOUSSEDEK,OPU,2016.0,ALGER,ACHAT,PRÊT EXTERNE,ENSIA
2896,ELÉMENTS DE LA THÉORIE DES PROBABILITÉS T.1,BOUSSEBOUA MOUSSEDEK,OPU,2016.0,ALGER,ACHAT,PRÊT EXTERNE,ENSIA
3113,ELÉMENTS DE LA THÉORIE DES PROBABILITÉS T.1,BOUSSEBOUA MOUSSEDEK,OPU,2016.0,ALGER,ACHAT,PRÊT EXTERNE,ENSIA
3112,ELÉMENTS DE LA THÉORIE DES PROBABILITÉS T.1,BOUSSEBOUA MOUSSEDEK,OPU,2016.0,ALGER,ACHAT,PRÊT EXTERNE,ENSIA
3109,ELÉMENTS DE LA THÉORIE DES PROBABILITÉS T.1,BOUSSEBOUA MOUSSEDEK,OPU,2016.0,ALGER,ACHAT,PRÊT EXTERNE,ENSIA
3107,ELÉMENTS DE LA THÉORIE DES PROBABILITÉS T.1,BOUSSEBOUA MOUSSEDEK,OPU,2016.0,ALGER,ACHAT,PRÊT EXTERNE,ENSIA
3111,ELÉMENTS DE LA THÉORIE DES PROBABILITÉS T.1,BOUSSEBOUA MOUSSEDEK,OPU,2016.0,ALGER,ACHAT,PRÊT EXTERNE,ENSIA
4018,ELÉMENTS DE LA THÉORIE DES PROBABILITÉS T.1,BOUSSEBOUA MOUSSEDEK,OPU,2016.0,ALGER,ACHAT,PRÊT EXTERNE,ENSIA
2898,ELÉMENTS DE LA THÉORIE DES PROBABILITÉS T.1,BOUSSEBOUA MOUSSEDEK,OPU,2016.0,ALGER,ACHAT,PRÊT EXTERNE,ENSIA
4015,ELÉMENTS DE LA THÉORIE DES PROBABILITÉS T.1,BOUSSEBOUA MOUSSEDEK,OPU,2016.0,ALGER,ACHAT,PRÊT EXTERNE,ENSIA
4014,ELÉMENTS DE LA THÉORIE DES PROBABILITÉS T.1,BOUSSEBOUA MOUSSEDEK,OPU,2016.0,ALGER,ACHAT,PRÊT EXTERNE,ENSIA
4013,ELÉMENTS DE LA THÉORIE DES PROBABILITÉS T.1,BOUSSEBOUA MOUSSEDEK,OPU,2016.0,ALGER,ACHAT,PRÊT EXTERNE,ENSIA
4012,ELÉMENTS DE LA THÉORIE DES PROBABILITÉS T.1,BOUSSEBOUA MOUSSEDEK,OPU,2016.0,ALGER,ACHAT,PRÊT EXTERNE,ENSIA
4011,ELÉMENTS DE LA THÉORIE DES PROBABILITÉS T.1,BOUSSEBOUA MOUSSEDEK,OPU,2016.0,ALGER,ACHAT,PRÊT EXTERNE,ENSIA
4010,ELÉMENTS DE LA THÉORIE DES PROBABILITÉS T.1,BOUSSEBOUA MOUSSEDEK,OPU,2016.0,ALGER,ACHAT,PRÊT EXTERNE,ENSIA
4009,ELÉMENTS DE LA THÉORIE DES PROBABILITÉS T.1,BOUSSEBOUA MOUSSEDEK,OPU,2016.0,ALGER,ACHAT,PRÊT EXTERNE,ENSIA
4008,ELÉMENTS DE LA THÉORIE DES PROBABILITÉS T.1,BOUSSEBOUA MOUSSEDEK,OPU,2016.0,ALGER,ACHAT,PRÊT EXTERNE,ENSIA
53,ELÉMENTS DE LA THÉORIE DES PROBABILITÉS T.1,BOUSSEBOUA MOUSSEDEK,OPU,2016.0,ALGER,ACHAT,PRÊT EXTERNE,ENSIA
4016,ELÉMENTS DE LA THÉORIE DES PROBABILITÉS T.1,BOUSSEBOUA MOUSSEDEK,OPU,2016.0,ALGER,ACHAT,PRÊT EXTERNE,ENSIA
4017,ELÉMENTS DE LA THÉORIE DES PROBABILITÉS T.1,BOUSSEBOUA MOUSSEDEK,OPU,2016.0,ALGER,ACHAT,PRÊT EXTERNE,ENSIA
3117,ELÉMENTS DE LA THÉORIE DES PROBABILITÉS T.1,BOUSSEBOUA MOUSSEDEK,OPU,2016.0,ALGER,ACHAT,PRÊT EXTERNE,ENSIA
4019,ELÉMENTS DE LA THÉORIE DES PROBABILITÉS T.1,BOUSSEBOUA MOUSSEDEK,OPU,2016.0,ALGER,ACHAT,PRÊT EXTERNE,ENSIA
4020,ELÉMENTS DE LA THÉORIE DES PROBABILITÉS T.1,BOUSSEBOUA MOUSSEDEK,OPU,2016.0,ALGER,ACHAT,PRÊT EXTERNE,ENSIA
4021,ELÉMENTS DE LA THÉORIE DES PROBABILITÉS T.1,BOUSSEBOUA MOUSSEDEK,OPU,2016.0,ALGER,ACHAT,PRÊT EXTERNE,ENSIA
4022,ELÉMENTS DE LA THÉORIE DES PROBABILITÉS T.1,BOUSSEBOUA MOUSSEDEK,OPU,2016.0,ALGER,ACHAT,PRÊT EXTERNE,ENSIA
2899,ELÉMENTS DE LA THÉORIE DES PROBABILITÉS T.1,BOUSSEBOUA MOUSSEDEK,OPU,2016.0,ALGER,ACHAT,PRÊT EXTERNE,ENSIA
2897,ELÉMENTS DE LA THÉORIE DES PROBABILITÉS T.1,BOUSSEBOUA MOUSSEDEK,OPU,2016.0,ALGER,ACHAT,PRÊT EXTERNE,ENSIA
3118,ELÉMENTS DE LA THÉORIE DES PROBABILITÉS T.1,BOUSSEBOUA MOUSSEDEK,OPU,2016.0,ALGER,ACHAT,PRÊT EXTERNE,ENSIA
3120,ELÉMENTS DE LA THÉORIE DES PROBABILITÉS T.1,BOUSSEBOUA MOUSSEDEK,OPU,2016.0,ALGER,ACHAT,PRÊT EXTERNE,ENSIA
4027,ELÉMENTS DE LA THÉORIE DES PROBABILITÉS T.1,BOUSSEBOUA MOUSSEDEK,OPU,2016.0,ALGER,ACHAT,PRÊT EXTERNE,ENSIA
50,ELÉMENTS DE LA THÉORIE DES PROBABILITÉS T.1,BOUSSEBOUA MOUSSEDEK,OPU,2016.0,ALGER,ACHAT,CONSULTATION SUR PLACE,ENSIA
2891,ELÉMENTS DE LA THÉORIE DES PROBABILITÉS T.1,BOUSSEBOUA MOUSSEDEK,OPU,2016.0,ALGER,ACHAT,PRÊT EXTERNE,ENSIA
2892,ELÉMENTS DE LA THÉORIE DES PROBABILITÉS T.1,BOUSSEBOUA MOUSSEDEK,OPU,2016.0,ALGER,ACHAT,PRÊT EXTERNE,ENSIA
2893,ELÉMENTS DE LA THÉORIE DES PROBABILITÉS T.1,BOUSSEBOUA MOUSSEDEK,OPU,2016.0,ALGER,ACHAT,PRÊT EXTERNE,ENSIA
3119,ELÉMENTS DE LA THÉORIE DES PROBABILITÉS T.1,BOUSSEBOUA MOUSSEDEK,OPU,2016.0,ALGER,ACHAT,PRÊT EXTERNE,ENSIA
2894,ELÉMENTS DE LA THÉORIE DES PROBABILITÉS T.1,BOUSSEBOUA MOUSSEDEK,OPU,2016.0,ALGER,ACHAT,PRÊT EXTERNE,ENSIA
4029,ELÉMENTS DE LA THÉORIE DES PROBABILITÉS T.1,BOUSSEBOUA MOUSSEDEK,OPU,2016.0,ALGER,ACHAT,PRÊT EXTERNE,ENSIA
4028,ELÉMENTS DE LA THÉORIE DES PROBABILITÉS T.1,BOUSSEBOUA MOUSSEDEK,OPU,2016.0,ALGER,ACHAT,PRÊT EXTERNE,ENSIA
51,ELÉMENTS DE LA THÉORIE DES PROBABILITÉS T.1,BOUSSEBOUA MOUSSEDEK,OPU,2016.0,ALGER,ACHAT,PRÊT EXTERNE,ENSIA
4026,ELÉMENTS DE LA THÉORIE DES PROBABILITÉS T.1,BOUSSEBOUA MOUSSEDEK,OPU,2016.0,ALGER,ACHAT,PRÊT EXTERNE,ENSIA
52,ELÉMENTS DE LA THÉORIE DES PROBABILITÉS T.1,BOUSSEBOUA MOUSSEDEK,OPU,2016.0,ALGER,ACHAT,PRÊT EXTERNE,ENSIA
4025,ELÉMENTS DE LA THÉORIE DES PROBABILITÉS T.1,BOUSSEBOUA MOUSSEDEK,OPU,2016.0,ALGER,ACHAT,PRÊT EXTERNE,ENSIA
4024,ELÉMENTS DE LA THÉORIE DES PROBABILITÉS T.1,BOUSSEBOUA MOUSSEDEK,OPU,2016.0,ALGER,ACHAT,PRÊT EXTERNE,ENSIA
2890,ELÉMENTS DE LA THÉORIE DES PROBABILITÉS T.1,BOUSSEBOUA MOUSSEDEK,OPU,2016.0,ALGER,ACHAT,PRÊT EXTERNE,ENSIA
3132,ELÉMENTS DE LA THÉORIE DES PROBABILITÉS T.1,BOUSSEBOUA MOUSSEDEK,OPU,2016.0,ALGER,ACHAT,PRÊT EXTERNE,ENSIA
3131,ELÉMENTS DE LA THÉORIE DES PROBABILITÉS T.1,BOUSSEBOUA MOUSSEDEK,OPU,2016.0,ALGER,ACHAT,PRÊT EXTERNE,ENSIA
3121,ELÉMENTS DE LA THÉORIE DES PROBABILITÉS T.1,BOUSSEBOUA MOUSSEDEK,OPU,2016.0,ALGER,ACHAT,PRÊT EXTERNE,ENSIA
3122,ELÉMENTS DE LA THÉORIE DES PROBABILITÉS T.1,BOUSSEBOUA MOUSSEDEK,OPU,2016.0,ALGER,ACHAT,PRÊT EXTERNE,ENSIA
3130,ELÉMENTS DE LA THÉORIE DES PROBABILITÉS T.1,BOUSSEBOUA MOUSSEDEK,OPU,2016.0,ALGER,ACHAT,PRÊT EXTERNE,ENSIA
3129,ELÉMENTS DE LA THÉORIE DES PROBABILITÉS T.1,BOUSSEBOUA MOUSSEDEK,OPU,2016.0,ALGER,ACHAT,PRÊT EXTERNE,ENSIA
3128,ELÉMENTS DE LA THÉORIE DES PROBABILITÉS T.1,BOUSSEBOUA MOUSSEDEK,OPU,2016.0,ALGER,ACHAT,PRÊT EXTERNE,ENSIA
3127,ELÉMENTS DE LA THÉORIE DES PROBABILITÉS T.1,BOUSSEBOUA MOUSSEDEK,OPU,2016.0,ALGER,ACHAT,PRÊT EXTERNE,ENSIA
3123,ELÉMENTS DE LA THÉORIE DES PROBABILITÉS T.1,BOUSSEBOUA MOUSSEDEK,OPU,2016.0,ALGER,ACHAT,PRÊT EXTERNE,ENSIA
3124,ELÉMENTS DE LA THÉORIE DES PROBABILITÉS T.1,BOUSSEBOUA MOUSSEDEK,OPU,2016.0,ALGER,ACHAT,PRÊT EXTERNE,ENSIA
3133,ELÉMENTS DE LA THÉORIE DES PROBABILITÉS T.1,BOUSSEBOUA MOUSSEDEK,OPU,2016.0,ALGER,ACHAT,PRÊT EXTERNE,ENSIA
3126,ELÉMENTS DE LA THÉORIE DES PROBABILITÉS T.1,BOUSSEBOUA MOUSSEDEK,OPU,2016.0,ALGER,ACHAT,PRÊT EXTERNE,ENSIA
3125,ELÉMENTS DE LA THÉORIE DES PROBABILITÉS T.1,BOUSSEBOUA MOUSSEDEK,OPU,2016.0,ALGER,ACHAT,PRÊT EXTERNE,ENSIA
1946,ELÉMENTS DE LA THÉORIE DES PROBABILITÉS T.2,BOUSSEBOUA MOUSSEDEK,OPU,2016.0,ALGERIE,ACHAT,PRÊT EXTERNE,ENSIA
1945,ELÉMENTS DE LA THÉORIE DES PROBABILITÉS T.2,BOUSSEBOUA MOUSSEDEK,OPU,2016.0,ALGERIE,ACHAT,PRÊT EXTERNE,ENSIA
4045,ELÉMENTS DE LA THÉORIE DES PROBABILITÉS T.2,BOUSSEBOUA MOUSSEDEK,OPU,2016.0,ALGERIE,ACHAT,PRÊT EXTERNE,ENSIA
4048,ELÉMENTS DE LA THÉORIE DES PROBABILITÉS T.2,BOUSSEBOUA MOUSSEDEK,OPU,2016.0,ALGERIE,ACHAT,PRÊT EXTERNE,ENSIA
4047,ELÉMENTS DE LA THÉORIE DES PROBABILITÉS T.2,BOUSSEBOUA MOUSSEDEK,OPU,2016.0,ALGERIE,ACHAT,PRÊT EXTERNE,ENSIA
4049,ELÉMENTS DE LA THÉORIE DES PROBABILITÉS T.2,BOUSSEBOUA MOUSSEDEK,OPU,2016.0,ALGERIE,ACHAT,PRÊT EXTERNE,ENSIA
4050,ELÉMENTS DE LA THÉORIE DES PROBABILITÉS T.2,BOUSSEBOUA MOUSSEDEK,OPU,2016.0,ALGERIE,ACHAT,PRÊT EXTERNE,ENSIA
4051,ELÉMENTS DE LA THÉORIE DES PROBABILITÉS T.2,BOUSSEBOUA MOUSSEDEK,OPU,2016.0,ALGERIE,ACHAT,PRÊT EXTERNE,ENSIA
1944,ELÉMENTS DE LA THÉORIE DES PROBABILITÉS T.2,BOUSSEBOUA MOUSSEDEK,OPU,2016.0,ALGERIE,ACHAT,PRÊT EXTERNE,ENSIA
1943,ELÉMENTS DE LA THÉORIE DES PROBABILITÉS T.2,BOUSSEBOUA MOUSSEDEK,OPU,2016.0,ALGERIE,ACHAT,PRÊT EXTERNE,ENSIA
4054,ELÉMENTS DE LA THÉORIE DES PROBABILITÉS T.2,BOUSSEBOUA MOUSSEDEK,OPU,2016.0,ALGERIE,ACHAT,PRÊT EXTERNE,ENSIA
4046,ELÉMENTS DE LA THÉORIE DES PROBABILITÉS T.2,BOUSSEBOUA MOUSSEDEK,OPU,2016.0,ALGERIE,ACHAT,PRÊT EXTERNE,ENSIA
56,ELÉMENTS DE LA THÉORIE DES PROBABILITÉS T.2,BOUSSEBOUA MOUSSEDEK,OPU,2016.0,ALGERIE,ACHAT,PRÊT EXTERNE,ENSIA
4037,ELÉMENTS DE LA THÉORIE DES PROBABILITÉS T.2,BOUSSEBOUA MOUSSEDEK,OPU,2016.0,ALGERIE,ACHAT,PRÊT EXTERNE,ENSIA
4043,ELÉMENTS DE LA THÉORIE DES PROBABILITÉS T.2,BOUSSEBOUA MOUSSEDEK,OPU,2016.0,ALGERIE,ACHAT,PRÊT EXTERNE,ENSIA
57,ELÉMENTS DE LA THÉORIE DES PROBABILITÉS T.2,BOUSSEBOUA MOUSSEDEK,OPU,2016.0,ALGERIE,ACHAT,PRÊT EXTERNE,ENSIA
1948,ELÉMENTS DE LA THÉORIE DES PROBABILITÉS T.2,BOUSSEBOUA MOUSSEDEK,OPU,2016.0,ALGERIE,ACHAT,PRÊT EXTERNE,ENSIA
1949,ELÉMENTS DE LA THÉORIE DES PROBABILITÉS T.2,BOUSSEBOUA MOUSSEDEK,OPU,2016.0,ALGERIE,ACHAT,PRÊT EXTERNE,ENSIA
4030,ELÉMENTS DE LA THÉORIE DES PROBABILITÉS T.2,BOUSSEBOUA MOUSSEDEK,OPU,2016.0,ALGERIE,ACHAT,PRÊT EXTERNE,ENSIA
4031,ELÉMENTS DE LA THÉORIE DES PROBABILITÉS T.2,BOUSSEBOUA MOUSSEDEK,OPU,2016.0,ALGERIE,ACHAT,PRÊT EXTERNE,ENSIA
4032,ELÉMENTS DE LA THÉORIE DES PROBABILITÉS T.2,BOUSSEBOUA MOUSSEDEK,OPU,2016.0,ALGERIE,ACHAT,PRÊT EXTERNE,ENSIA
4033,ELÉMENTS DE LA THÉORIE DES PROBABILITÉS T.2,BOUSSEBOUA MOUSSEDEK,OPU,2016.0,ALGERIE,ACHAT,PRÊT EXTERNE,ENSIA
4044,ELÉMENTS DE LA THÉORIE DES PROBABILITÉS T.2,BOUSSEBOUA MOUSSEDEK,OPU,2016.0,ALGERIE,ACHAT,PRÊT EXTERNE,ENSIA
4034,ELÉMENTS DE LA THÉORIE DES PROBABILITÉS T.2,BOUSSEBOUA MOUSSEDEK,OPU,2016.0,ALGERIE,ACHAT,PRÊT EXTERNE,ENSIA
4036,ELÉMENTS DE LA THÉORIE DES PROBABILITÉS T.2,BOUSSEBOUA MOUSSEDEK,OPU,2016.0,ALGERIE,ACHAT,PRÊT EXTERNE,ENSIA
4038,ELÉMENTS DE LA THÉORIE DES PROBABILITÉS T.2,BOUSSEBOUA MOUSSEDEK,OPU,2016.0,ALGERIE,ACHAT,PRÊT EXTERNE,ENSIA
4039,ELÉMENTS DE LA THÉORIE DES PROBABILITÉS T.2,BOUSSEBOUA MOUSSEDEK,OPU,2016.0,ALGERIE,ACHAT,PRÊT EXTERNE,ENSIA
4040,ELÉMENTS DE LA THÉORIE DES PROBABILITÉS T.2,BOUSSEBOUA MOUSSEDEK,OPU,2016.0,ALGERIE,ACHAT,PRÊT EXTERNE,ENSIA
4041,ELÉMENTS DE LA THÉORIE DES PROBABILITÉS T.2,BOUSSEBOUA MOUSSEDEK,OPU,2016.0,ALGERIE,ACHAT,PRÊT EXTERNE,ENSIA
1947,ELÉMENTS DE LA THÉORIE DES PROBABILITÉS T.2,BOUSSEBOUA MOUSSEDEK,OPU,2016.0,ALGERIE,ACHAT,PRÊT EXTERNE,ENSIA
4042,ELÉMENTS DE LA THÉORIE DES PROBABILITÉS T.2,BOUSSEBOUA MOUSSEDEK,OPU,2016.0,ALGERIE,ACHAT,PRÊT EXTERNE,ENSIA
4035,ELÉMENTS DE LA THÉORIE DES PROBABILITÉS T.2,BOUSSEBOUA MOUSSEDEK,OPU,2016.0,ALGERIE,ACHAT,PRÊT EXTERNE,ENSIA
1942,ELÉMENTS DE LA THÉORIE DES PROBABILITÉS T.2,BOUSSEBOUA MOUSSEDEK,OPU,2016.0,ALGERIE,ACHAT,PRÊT EXTERNE,ENSIA
4052,ELÉMENTS DE LA THÉORIE DES PROBABILITÉS T.2,BOUSSEBOUA MOUSSEDEK,OPU,2016.0,ALGERIE,ACHAT,PRÊT EXTERNE,ENSIA
3143,ELÉMENTS DE LA THÉORIE DES PROBABILITÉS T.2,BOUSSEBOUA MOUSSEDEK,OPU,2016.0,ALGERIE,ACHAT,PRÊT EXTERNE,ENSIA
3134,ELÉMENTS DE LA THÉORIE DES PROBABILITÉS T.2,BOUSSEBOUA MOUSSEDEK,OPU,2016.0,ALGERIE,ACHAT,PRÊT EXTERNE,ENSIA
3152,ELÉMENTS DE LA THÉORIE DES PROBABILITÉS T.2,BOUSSEBOUA MOUSSEDEK,OPU,2016.0,ALGERIE,ACHAT,PRÊT EXTERNE,ENSIA
3135,ELÉMENTS DE LA THÉORIE DES PROBABILITÉS T.2,BOUSSEBOUA MOUSSEDEK,OPU,2016.0,ALGERIE,ACHAT,PRÊT EXTERNE,ENSIA
3151,ELÉMENTS DE LA THÉORIE DES PROBABILITÉS T.2,BOUSSEBOUA MOUSSEDEK,OPU,2016.0,ALGERIE,ACHAT,PRÊT EXTERNE,ENSIA
3150,ELÉMENTS DE LA THÉORIE DES PROBABILITÉS T.2,BOUSSEBOUA MOUSSEDEK,OPU,2016.0,ALGERIE,ACHAT,PRÊT EXTERNE,ENSIA
3136,ELÉMENTS DE LA THÉORIE DES PROBABILITÉS T.2,BOUSSEBOUA MOUSSEDEK,OPU,2016.0,ALGERIE,ACHAT,PRÊT EXTERNE,ENSIA
3137,ELÉMENTS DE LA THÉORIE DES PROBABILITÉS T.2,BOUSSEBOUA MOUSSEDEK,OPU,2016.0,ALGERIE,ACHAT,PRÊT EXTERNE,ENSIA
3138,ELÉMENTS DE LA THÉORIE DES PROBABILITÉS T.2,BOUSSEBOUA MOUSSEDEK,OPU,2016.0,ALGERIE,ACHAT,PRÊT EXTERNE,ENSIA
3139,ELÉMENTS DE LA THÉORIE DES PROBABILITÉS T.2,BOUSSEBOUA MOUSSEDEK,OPU,2016.0,ALGERIE,ACHAT,PRÊT EXTERNE,ENSIA
3140,ELÉMENTS DE LA THÉORIE DES PROBABILITÉS T.2,BOUSSEBOUA MOUSSEDEK,OPU,2016.0,ALGERIE,ACHAT,PRÊT EXTERNE,ENSIA
3141,ELÉMENTS DE LA THÉORIE DES PROBABILITÉS T.2,BOUSSEBOUA MOUSSEDEK,OPU,2016.0,ALGERIE,ACHAT,PRÊT EXTERNE,ENSIA
3142,ELÉMENTS DE LA THÉORIE DES PROBABILITÉS T.2,BOUSSEBOUA MOUSSEDEK,OPU,2016.0,ALGERIE,ACHAT,PRÊT EXTERNE,ENSIA
3144,ELÉMENTS DE LA THÉORIE DES PROBABILITÉS T.2,BOUSSEBOUA MOUSSEDEK,OPU,2016.0,ALGERIE,ACHAT,PRÊT EXTERNE,ENSIA
3145,ELÉMENTS DE LA THÉORIE DES PROBABILITÉS T.2,BOUSSEBOUA MOUSSEDEK,OPU,2016.0,ALGERIE,ACHAT,PRÊT EXTERNE,ENSIA
3146,ELÉMENTS DE LA THÉORIE DES PROBABILITÉS T.2,BOUSSEBOUA MOUSSEDEK,OPU,2016.0,ALGERIE,ACHAT,PRÊT EXTERNE,ENSIA
3147,ELÉMENTS DE LA THÉORIE DES PROBABILITÉS T.2,BOUSSEBOUA MOUSSEDEK,OPU,2016.0,ALGERIE,ACHAT,PRÊT EXTERNE,ENSIA
3149,ELÉMENTS DE LA THÉORIE DES PROBABILITÉS T.2,BOUSSEBOUA MOUSSEDEK,OPU,2016.0,ALGERIE,ACHAT,PRÊT EXTERNE,ENSIA
3148,ELÉMENTS DE LA THÉORIE DES PROBABILITÉS T.2,BOUSSEBOUA MOUSSEDEK,OPU,2016.0,ALGERIE,ACHAT,PRÊT EXTERNE,ENSIA
3153,ELÉMENTS DE LA THÉORIE DES PROBABILITÉS T.2,BOUSSEBOUA MOUSSEDEK,OPU,2016.0,ALGERIE,ACHAT,PRÊT EXTERNE,ENSIA
4053,ELÉMENTS DE LA THÉORIE DES PROBABILITÉS T.2,BOUSSEBOUA MOUSSEDEK,OPU,2016.0,ALGERIE,ACHAT,PRÊT EXTERNE,ENSIA
3155,ELÉMENTS DE LA THÉORIE DES PROBABILITÉS T.2,BOUSSEBOUA MOUSSEDEK,OPU,2016.0,ALGERIE,ACHAT,PRÊT EXTERNE,ENSIA
1449,ELÉMENTS DE LA THÉORIE DES PROBABILITÉS T.2,BOUSSEBOUA MOUSSEDEK,OPU,2016.0,ALGERIE,ACHAT,PRÊT EXTERNE,ENSIA
1448,ELÉMENTS DE LA THÉORIE DES PROBABILITÉS T.2,BOUSSEBOUA MOUSSEDEK,OPU,2016.0,ALGERIE,ACHAT,PRÊT EXTERNE,ENSIA
1447,ELÉMENTS DE LA THÉORIE DES PROBABILITÉS T.2,BOUSSEBOUA MOUSSEDEK,OPU,2016.0,ALGERIE,ACHAT,PRÊT EXTERNE,ENSIA
1446,ELÉMENTS DE LA THÉORIE DES PROBABILITÉS T.2,BOUSSEBOUA MOUSSEDEK,OPU,2016.0,ALGERIE,ACHAT,PRÊT EXTERNE,ENSIA
1445,ELÉMENTS DE LA THÉORIE DES PROBABILITÉS T.2,BOUSSEBOUA MOUSSEDEK,OPU,2016.0,ALGERIE,ACHAT,CONSULTATION SUR PLACE,ENSIA
1444,ELÉMENTS DE LA THÉORIE DES PROBABILITÉS T.2,BOUSSEBOUA MOUSSEDEK,OPU,2016.0,ALGERIE,ACHAT,PRÊT EXTERNE,ENSIA
3154,ELÉMENTS DE LA THÉORIE DES PROBABILITÉS T.2,BOUSSEBOUA MOUSSEDEK,OPU,2016.0,ALGERIE,ACHAT,PRÊT EXTERNE,ENSIA
1940,ELÉMENTS DE LA THÉORIE DES PROBABILITÉS T.2,BOUSSEBOUA MOUSSEDEK,OPU,2016.0,ALGERIE,ACHAT,PRÊT EXTERNE,ENSIA
1941,ELÉMENTS DE LA THÉORIE DES PROBABILITÉS T.2,BOUSSEBOUA MOUSSEDEK,OPU,2016.0,ALGERIE,ACHAT,PRÊT EXTERNE,ENSIA
1443,ELÉMENTS DE LA THÉORIE DES PROBABILITÉS T.2,BOUSSEBOUA MOUSSEDEK,OPU,2016.0,ALGERIE,ACHAT,PRÊT EXTERNE,ENSIA
54,ELÉMENTS DE LA THÉORIE DES PROBABILITÉS T.2,BOUSSEBOUA MOUSSEDEK,OPU,2016.0,ALGERIE,ACHAT,CONSULTATION SUR PLACE,ENSIA
1442,ELÉMENTS DE LA THÉORIE DES PROBABILITÉS T.2,BOUSSEBOUA MOUSSEDEK,OPU,2016.0,ALGERIE,ACHAT,PRÊT EXTERNE,ENSIA
1441,ELÉMENTS DE LA THÉORIE DES PROBABILITÉS T.2,BOUSSEBOUA MOUSSEDEK,OPU,2016.0,ALGERIE,ACHAT,PRÊT EXTERNE,ENSIA
1440,ELÉMENTS DE LA THÉORIE DES PROBABILITÉS T.2,BOUSSEBOUA MOUSSEDEK,OPU,2016.0,ALGERIE,ACHAT,PRÊT EXTERNE,ENSIA
3158,ELÉMENTS DE LA THÉORIE DES PROBABILITÉS T.2,BOUSSEBOUA MOUSSEDEK,OPU,2016.0,ALGERIE,ACHAT,PRÊT EXTERNE,ENSIA
3157,ELÉMENTS DE LA THÉORIE DES PROBABILITÉS T.2,BOUSSEBOUA MOUSSEDEK,OPU,2016.0,ALGERIE,ACHAT,PRÊT EXTERNE,ENSIA
3156,ELÉMENTS DE LA THÉORIE DES PROBABILITÉS T.2,BOUSSEBOUA MOUSSEDEK,OPU,2016.0,ALGERIE,ACHAT,PRÊT EXTERNE,ENSIA
55,ELÉMENTS DE LA THÉORIE DES PROBABILITÉS T.2,BOUSSEBOUA MOUSSEDEK,OPU,2016.0,ALGERIE,ACHAT,PRÊT EXTERNE,ENSIA
679,EN TOUTE FRANCHISE : ADOPTER LA SINCÉRITÉ BIENVEILLANTE ET DEVENEZ UN SUPER CHEF,SCOTT KIM,NOUVEAUX HORIZONS,2019.0,FRANCE,DON,PRÊT EXTERNE,ENSIA
680,EN TOUTE FRANCHISE : ADOPTER LA SINCÉRITÉ BIENVEILLANTE ET DEVENEZ UN SUPER CHEF,SCOTT KIM,NOUVEAUX HORIZONS,2019.0,FRANCE,DON,PRÊT EXTERNE,ENSIA
681,EN TOUTE FRANCHISE : ADOPTER LA SINCÉRITÉ BIENVEILLANTE ET DEVENEZ UN SUPER CHEF,SCOTT KIM,NOUVEAUX HORIZONS,2019.0,FRANCE,DON,PRÊT EXTERNE,ENSIA
682,EN TOUTE FRANCHISE : ADOPTER LA SINCÉRITÉ BIENVEILLANTE ET DEVENEZ UN SUPER CHEF,SCOTT KIM,NOUVEAUX HORIZONS,2019.0,FRANCE,DON,PRÊT EXTERNE,ENSIA
3388,ENGLANDE AND THE NEW WORLD,UNKNOWN_AUTHOR,UNKNOWN_EDITOR,UNKNOWN_YEAR,UNKNOWN_LOCATION,ACHAT,PRÊT EXTERNE,ENSIA
3386,ENGLANDE AND THE NEW WORLD,UNKNOWN_AUTHOR,UNKNOWN_EDITOR,UNKNOWN_YEAR,UNKNOWN_LOCATION,ACHAT,PRÊT EXTERNE,ENSIA
3390,ENGLANDE AND THE NEW WORLD,UNKNOWN_AUTHOR,UNKNOWN_EDITOR,UNKNOWN_YEAR,UNKNOWN_LOCATION,ACHAT,PRÊT EXTERNE,ENSIA
3389,ENGLANDE AND THE NEW WORLD,UNKNOWN_AUTHOR,UNKNOWN_EDITOR,UNKNOWN_YEAR,UNKNOWN_LOCATION,ACHAT,PRÊT EXTERNE,ENSIA
3387,ENGLANDE AND THE NEW WORLD,UNKNOWN_AUTHOR,UNKNOWN_EDITOR,UNKNOWN_YEAR,UNKNOWN_LOCATION,ACHAT,PRÊT EXTERNE,ENSIA
3385,ENGLANDE AND THE NEW WORLD,UNKNOWN_AUTHOR,UNKNOWN_EDITOR,UNKNOWN_YEAR,UNKNOWN_LOCATION,ACHAT,PRÊT EXTERNE,ENSIA
3381,ENGLANDE AND THE NEW WORLD,UNKNOWN_AUTHOR,UNKNOWN_EDITOR,UNKNOWN_YEAR,UNKNOWN_LOCATION,ACHAT,PRÊT EXTERNE,ENSIA
3382,ENGLANDE AND THE NEW WORLD,UNKNOWN_AUTHOR,UNKNOWN_EDITOR,UNKNOWN_YEAR,UNKNOWN_LOCATION,ACHAT,PRÊT EXTERNE,ENSIA
3383,ENGLANDE AND THE NEW WORLD,UNKNOWN_AUTHOR,UNKNOWN_EDITOR,UNKNOWN_YEAR,UNKNOWN_LOCATION,ACHAT,PRÊT EXTERNE,ENSIA
3384,ENGLANDE AND THE NEW WORLD,UNKNOWN_AUTHOR,UNKNOWN_EDITOR,UNKNOWN_YEAR,UNKNOWN_LOCATION,ACHAT,PRÊT EXTERNE,ENSIA
3842,ENGLISH FOR ACADEMIC RESEARCH : GRAMMAR EXERCISES,"WALLWORK, ADRIAN",UNKNOWN_EDITOR,2013.0,UNKNOWN_LOCATION,ACHAT,PRÊT EXTERNE,ENSIA
3843,ENGLISH FOR ACADEMIC RESEARCH : GRAMMAR EXERCISES,"WALLWORK, ADRIAN",UNKNOWN_EDITOR,2013.0,UNKNOWN_LOCATION,ACHAT,PRÊT EXTERNE,ENSIA
3844,ENGLISH FOR ACADEMIC RESEARCH : GRAMMAR EXERCISES,"WALLWORK, ADRIAN",UNKNOWN_EDITOR,2013.0,UNKNOWN_LOCATION,ACHAT,PRÊT EXTERNE,ENSIA
3850,ENGLISH FOR ACADEMIC RESEARCH : VOCABULARY EXERCISES,"WALLWORK, ADRIAN.",UNKNOWN_EDITOR,2013.0,UNKNOWN_LOCATION,ACHAT,PRÊT EXTERNE,ENSIA
3849,ENGLISH FOR ACADEMIC RESEARCH : VOCABULARY EXERCISES,"WALLWORK, ADRIAN.",UNKNOWN_EDITOR,2013.0,UNKNOWN_LOCATION,ACHAT,PRÊT EXTERNE,ENSIA
3848,ENGLISH FOR ACADEMIC RESEARCH : VOCABULARY EXERCISES,"WALLWORK, ADRIAN.",UNKNOWN_EDITOR,2013.0,UNKNOWN_LOCATION,ACHAT,PRÊT EXTERNE,ENSIA
3852,"ENGLISH FOR ACADEMIC RESEARCH : WALLWORK, ADRIAN.","WALLWORK, ADRIAN.",UNKNOWN_EDITOR,2013.0,UNKNOWN_LOCATION,ACHAT,PRÊT EXTERNE,ENSIA
3853,"ENGLISH FOR ACADEMIC RESEARCH : WALLWORK, ADRIAN.","WALLWORK, ADRIAN.",UNKNOWN_EDITOR,2013.0,UNKNOWN_LOCATION,ACHAT,PRÊT EXTERNE,ENSIA
3851,"ENGLISH FOR ACADEMIC RESEARCH : WALLWORK, ADRIAN.","WALLWORK, ADRIAN.",UNKNOWN_EDITOR,2013.0,UNKNOWN_LOCATION,ACHAT,PRÊT EXTERNE,ENSIA
3847,"ENGLISH FOR ACADEMIC RESEARCH: GRAMMAR, USAGE AND STYLE","WALLWORK, ADRIAN.",UNKNOWN_EDITOR,2013.0,UNKNOWN_LOCATION,ACHAT,PRÊT EXTERNE,ENSIA
3846,"ENGLISH FOR ACADEMIC RESEARCH: GRAMMAR, USAGE AND STYLE","WALLWORK, ADRIAN.",UNKNOWN_EDITOR,2013.0,UNKNOWN_LOCATION,ACHAT,PRÊT EXTERNE,ENSIA
3845,"ENGLISH FOR ACADEMIC RESEARCH: GRAMMAR, USAGE AND STYLE","WALLWORK, ADRIAN.",UNKNOWN_EDITOR,2013.0,UNKNOWN_LOCATION,ACHAT,PRÊT EXTERNE,ENSIA
587,ENGLISH-FRENCH TRANSLATION: A PRACTICAL MANUAL,MANUAL PRACTICAL,ROUTLEDGE,2021.0,USA,DON,PRÊT EXTERNE,ENSIA
585,ENGLISH-FRENCH TRANSLATION: A PRACTICAL MANUAL,MANUAL PRACTICAL,ROUTLEDGE,2021.0,USA,DON,CONSULTATION SUR PLACE,ENSIA
586,ENGLISH-FRENCH TRANSLATION: A PRACTICAL MANUAL,MANUAL PRACTICAL,ROUTLEDGE,2021.0,USA,DON,PRÊT EXTERNE,ENSIA
2997,ENTREPRENEURIAT APPROCHE GLOBALE ET PRATIQUE : LANCEZ VOTRE STARTUP ET DEVENEZ ENTREPRENEUR,M-SAID OUKIL,OPU,2019.0,ALGER,ACHAT,PRÊT EXTERNE,ENSIA
2994,ENTREPRENEURIAT APPROCHE GLOBALE ET PRATIQUE : LANCEZ VOTRE STARTUP ET DEVENEZ ENTREPRENEUR,M-SAID OUKIL,OPU,2019.0,ALGER,ACHAT,PRÊT EXTERNE,ENSIA
276,ENTREPRENEURIAT APPROCHE GLOBALE ET PRATIQUE : LANCEZ VOTRE STARTUP ET DEVENEZ ENTREPRENEUR,M-SAID OUKIL,OPU,2019.0,ALGER,ACHAT,PRÊT EXTERNE,ENSIA
275,ENTREPRENEURIAT APPROCHE GLOBALE ET PRATIQUE : LANCEZ VOTRE STARTUP ET DEVENEZ ENTREPRENEUR,M-SAID OUKIL,OPU,2019.0,ALGER,ACHAT,CONSULTATION SUR PLACE,ENSIA
2991,ENTREPRENEURIAT APPROCHE GLOBALE ET PRATIQUE : LANCEZ VOTRE STARTUP ET DEVENEZ ENTREPRENEUR,M-SAID OUKIL,OPU,2019.0,ALGER,ACHAT,PRÊT EXTERNE,ENSIA
2992,ENTREPRENEURIAT APPROCHE GLOBALE ET PRATIQUE : LANCEZ VOTRE STARTUP ET DEVENEZ ENTREPRENEUR,M-SAID OUKIL,OPU,2019.0,ALGER,ACHAT,PRÊT EXTERNE,ENSIA
2993,ENTREPRENEURIAT APPROCHE GLOBALE ET PRATIQUE : LANCEZ VOTRE STARTUP ET DEVENEZ ENTREPRENEUR,M-SAID OUKIL,OPU,2019.0,ALGER,ACHAT,PRÊT EXTERNE,ENSIA
2990,ENTREPRENEURIAT APPROCHE GLOBALE ET PRATIQUE : LANCEZ VOTRE STARTUP ET DEVENEZ ENTREPRENEUR,M-SAID OUKIL,OPU,2019.0,ALGER,ACHAT,PRÊT EXTERNE,ENSIA
2995,ENTREPRENEURIAT APPROCHE GLOBALE ET PRATIQUE : LANCEZ VOTRE STARTUP ET DEVENEZ ENTREPRENEUR,M-SAID OUKIL,OPU,2019.0,ALGER,ACHAT,PRÊT EXTERNE,ENSIA
2996,ENTREPRENEURIAT APPROCHE GLOBALE ET PRATIQUE : LANCEZ VOTRE STARTUP ET DEVENEZ ENTREPRENEUR,M-SAID OUKIL,OPU,2019.0,ALGER,ACHAT,PRÊT EXTERNE,ENSIA
2998,ENTREPRENEURIAT APPROCHE GLOBALE ET PRATIQUE : LANCEZ VOTRE STARTUP ET DEVENEZ ENTREPRENEUR,M-SAID OUKIL,OPU,2019.0,ALGER,ACHAT,PRÊT EXTERNE,ENSIA
2999,ENTREPRENEURIAT APPROCHE GLOBALE ET PRATIQUE : LANCEZ VOTRE STARTUP ET DEVENEZ ENTREPRENEUR,M-SAID OUKIL,OPU,2019.0,ALGER,ACHAT,PRÊT EXTERNE,ENSIA
909,EQUATION DE LA PHYSIQUE MATHEMATIQUE APPLIQUEES,BADDARI.K,UNKNOWN_EDITOR,2009.0,ALGER,DON,PRÊT EXTERNE,ENSIA
990,EQUATIONS DIFFERENTIELLES (M108),DIENER MARC,UNKNOWN_EDITOR,1983.0,ALGER,ACHAT,PRÊT EXTERNE,ENSIA
991,EQUATIONS DIFFERENTIELLES (M108),DIENER MARC,UNKNOWN_EDITOR,1983.0,ALGER,ACHAT,PRÊT EXTERNE,ENSIA
769,EXCEL 97 : COMMENT FAIRE QUAND ON N'Y CONNAIT RIEN ET QU'ON VEUT Y ARRIVER TOUT SEUL,"GOLD, LAURA MAERY",SIMON,1997.0,PARIS,DON,PRÊT EXTERNE,ENSIA
6125,EXCEL 97 : COMMENT FAIRE QUAND ON N'Y CONNAIT RIEN ET QU'ON VEUT Y ARRIVER TOUT SEUL,"GOLD, LAURA MAERY",SIMON,1997.0,PARIS,PASSIF,PERDU,ENSIA
751,"EXCEL POUR L'INGÉNIEUR : BASES, GRAPHIQUES, CALCULS, MACROS, VBA","BELLAN, PHILIPPE",ELLIPSES,2006.0,PARIS,ACHAT,PRÊT EXTERNE,ENSIA
994,EXERCICES CORRIGE DE MATHEMATIQUES : POSÉS À L'ORAL DES CONCOURS HEC ET ESCP,"LOUIS ROQUE, JEAN",UNKNOWN_EDITOR,1986.0,PARIS,ACHAT,PRÊT EXTERNE,ENSIA
995,EXERCICES CORRIGE DE MATHEMATIQUES : POSÉS À L'ORAL DES CONCOURS HEC ET ESCP,"LOUIS ROQUE, JEAN",UNKNOWN_EDITOR,1986.0,PARIS,ACHAT,PRÊT EXTERNE,ENSIA
1129,EXERCICES CORRIGES DE MATHEMATIQUES TOME 2 : RAPPELS DE COURS ET EXERCICES CORRIGÉS,"DUPONT,PASCAL",UNKNOWN_EDITOR,2008.0,PARIS,ACHAT,PRÊT EXTERNE,ENSIA
1004,EXERCICES CORRIGES DE MATHEMATIQUES TOME 2 : RAPPELS DE COURS ET EXERCICES CORRIGÉS,"DUPONT,PASCAL",UNKNOWN_EDITOR,2008.0,PARIS,PASSIF,PRÊT EXTERNE,ENSIA
1003,EXERCICES CORRIGES DE MATHEMATIQUES TOME 2 : RAPPELS DE COURS ET EXERCICES CORRIGÉS,"DUPONT,PASCAL",UNKNOWN_EDITOR,2008.0,PARIS,PASSIF,PRÊT EXTERNE,ENSIA
46,EXERCICES CORRIGES EN ANALYSE NUMERIQUE ELEMENTAIRE,FELLAH M,OPU,2016.0,ALGER,ACHAT,PRÊT EXTERNE,ENSIA
822,EXERCICES CORRIGES EN ANALYSE NUMERIQUE ELEMENTAIRE,FELLAH M,OPU,2008.0,ALGER,ACHAT,PRÊT EXTERNE,ENSIA
821,EXERCICES CORRIGES EN ANALYSE NUMERIQUE ELEMENTAIRE,FELLAH M,OPU,2008.0,ALGER,ACHAT,PRÊT EXTERNE,ENSIA
43,EXERCICES CORRIGES EN ANALYSE NUMERIQUE ELEMENTAIRE,FELLAH M,OPU,2016.0,ALGER,ACHAT,PRÊT EXTERNE,ENSIA
45,EXERCICES CORRIGES EN ANALYSE NUMERIQUE ELEMENTAIRE,FELLAH M,OPU,2016.0,ALGER,ACHAT,PRÊT EXTERNE,ENSIA
44,EXERCICES CORRIGES EN ANALYSE NUMERIQUE ELEMENTAIRE,FELLAH M,OPU,2016.0,ALGER,ACHAT,PRÊT EXTERNE,ENSIA
3931,EXERCICES CORRIGÉS D'ALGÈBRE,MORTAD MOHAMMED HICHEM,UNKNOWN_EDITOR,2015.0,ALGER,ACHAT,PRÊT EXTERNE,ENSIA
3930,EXERCICES CORRIGÉS D'ALGÈBRE,MORTAD MOHAMMED HICHEM,UNKNOWN_EDITOR,2015.0,ALGER,ACHAT,PRÊT EXTERNE,ENSIA
3938,EXERCICES CORRIGÉS D'ALGÈBRE,MORTAD MOHAMMED HICHEM,UNKNOWN_EDITOR,2015.0,ALGER,ACHAT,PRÊT EXTERNE,ENSIA
3937,EXERCICES CORRIGÉS D'ALGÈBRE,MORTAD MOHAMMED HICHEM,UNKNOWN_EDITOR,2015.0,ALGER,ACHAT,PRÊT EXTERNE,ENSIA
3934,EXERCICES CORRIGÉS D'ALGÈBRE,MORTAD MOHAMMED HICHEM,UNKNOWN_EDITOR,2015.0,ALGER,ACHAT,PRÊT EXTERNE,ENSIA
3936,EXERCICES CORRIGÉS D'ALGÈBRE,MORTAD MOHAMMED HICHEM,UNKNOWN_EDITOR,2015.0,ALGER,ACHAT,PRÊT EXTERNE,ENSIA
3933,EXERCICES CORRIGÉS D'ALGÈBRE,MORTAD MOHAMMED HICHEM,UNKNOWN_EDITOR,2015.0,ALGER,ACHAT,PRÊT EXTERNE,ENSIA
3939,EXERCICES CORRIGÉS D'ALGÈBRE,MORTAD MOHAMMED HICHEM,UNKNOWN_EDITOR,2015.0,ALGER,ACHAT,PRÊT EXTERNE,ENSIA
3935,EXERCICES CORRIGÉS D'ALGÈBRE,MORTAD MOHAMMED HICHEM,UNKNOWN_EDITOR,2015.0,ALGER,ACHAT,PRÊT EXTERNE,ENSIA
3932,EXERCICES CORRIGÉS D'ALGÈBRE,MORTAD MOHAMMED HICHEM,UNKNOWN_EDITOR,2015.0,ALGER,ACHAT,PRÊT EXTERNE,ENSIA
998,EXERCICES CORRIGÉS D'ANALYSE : 1ÈRE ANNÉE LMD,MORTAD MOHAMMED HICHAM*,EDITION HOUMA,2009.0,ALGER,DON,PRÊT EXTERNE,ENSIA
1000,EXERCICES CORRIGÉS D'ANALYSE : 1ÈRE ANNÉE LMD,MORTAD MOHAMMED HICHAM*,EDITION HOUMA,2009.0,ALGER,DON,PRÊT EXTERNE,ENSIA
996,EXERCICES CORRIGÉS D'ANALYSE : 1ÈRE ANNÉE LMD,MORTAD MOHAMMED HICHAM*,EDITION HOUMA,2009.0,ALGER,DON,PRÊT EXTERNE,ENSIA
999,EXERCICES CORRIGÉS D'ANALYSE : 1ÈRE ANNÉE LMD,MORTAD MOHAMMED HICHAM*,EDITION HOUMA,2009.0,ALGER,DON,PRÊT EXTERNE,ENSIA
997,EXERCICES CORRIGÉS D'ANALYSE : 1ÈRE ANNÉE LMD,MORTAD MOHAMMED HICHAM*,EDITION HOUMA,2009.0,ALGER,ACHAT,PRÊT EXTERNE,ENSIA
1002,EXERCICES CORRIGÉS DE MATHÉMATIQUES TOME 1 : RAPPELS DE COURS ET EXERCICES CORRIGÉS,DUPONT PASCAL,UNKNOWN_EDITOR,2008.0,PARIS,ACHAT,PRÊT EXTERNE,ENSIA
1001,EXERCICES CORRIGÉS DE MATHÉMATIQUES TOME 1 : RAPPELS DE COURS ET EXERCICES CORRIGÉS,DUPONT PASCAL,UNKNOWN_EDITOR,2008.0,PARIS,ACHAT,PRÊT EXTERNE,ENSIA
1211,EXERCICES CORRIGÉS SUR LE LANGAGE C : SOLUTIONS DES EXERCICES DU KERNIGHAN ET RITCHIE,"TONDO, CLOVIS L.",UNKNOWN_EDITOR,2000.0,PARIS,DON,PRÊT EXTERNE,ENSIA
1212,EXERCICES CORRIGÉS SUR LE LANGAGE C : SOLUTIONS DES EXERCICES DU KERNIGHAN ET RITCHIE,"TONDO, CLOVIS L.",UNKNOWN_EDITOR,2000.0,PARIS,DON,PRÊT EXTERNE,ENSIA
1008,EXERCICES D'ALGÈBRE ET D'ANALYSE : 154 EXERCICES CORRIGÉS DE PREMIÉRE ANNÉE 21 ÉDITION ENTIÉREMENT REVUE ET AUGMENTÉE,BALAC STÉPHANE,UNKNOWN_EDITOR,2011.0,UNKNOWN_LOCATION,ACHAT,PRÊT EXTERNE,ENSIA
1005,EXERCICES D'ALGÈBRE ET D'ANALYSE : 154 EXERCICES CORRIGÉS DE PREMIÉRE ANNÉE 21 ÉDITION ENTIÉREMENT REVUE ET AUGMENTÉE,BALAC STÉPHANE,UNKNOWN_EDITOR,2011.0,UNKNOWN_LOCATION,PASSIF,PRÊT EXTERNE,ENSIA
1007,EXERCICES D'ALGÈBRE ET D'ANALYSE : 154 EXERCICES CORRIGÉS DE PREMIÉRE ANNÉE 21 ÉDITION ENTIÉREMENT REVUE ET AUGMENTÉE,BALAC STÉPHANE,UNKNOWN_EDITOR,2011.0,UNKNOWN_LOCATION,ACHAT,PRÊT EXTERNE,ENSIA
1006,EXERCICES D'ALGÈBRE ET D'ANALYSE : 154 EXERCICES CORRIGÉS DE PREMIÉRE ANNÉE 21 ÉDITION ENTIÉREMENT REVUE ET AUGMENTÉE,BALAC STÉPHANE,UNKNOWN_EDITOR,2011.0,UNKNOWN_LOCATION,ACHAT,PRÊT EXTERNE,ENSIA
1723,EXERCICES D'ALGÈBRE LINÉAIRE,"RIVAUD , JACSQUES",UNKNOWN_EDITOR,1978.0,PARIS,ACHAT,PRÊT EXTERNE,ENSIA
1722,EXERCICES D'ALGÈBRE LINÉAIRE,"RIVAUD , JACSQUES",UNKNOWN_EDITOR,1978.0,PARIS,ACHAT,PRÊT EXTERNE,ENSIA
1730,EXERCICES D'ALGÈBRE. 1,"RIVAUD, JACQUES",UNKNOWN_EDITOR,1978.0,PARIS,DON,PRÊT EXTERNE,ENSIA
1383,EXERCICES D'ALGÈBRE. 2,"RIVAUD, JACQUES",UNKNOWN_EDITOR,1979.0,PARIS,ACHAT,PRÊT EXTERNE,ENSIA
1731,EXERCICES D'ALGÈBRE. 2,"RIVAUD, JACQUES",UNKNOWN_EDITOR,1979.0,PARIS,ACHAT,PRÊT EXTERNE,ENSIA
748,"EXERCICES D'AUTOMATIQUE. TOME 3, COMMANDE PAR CALCULATEUR, IDENTIFICATION : BTS, IUT, ECOLES D'INGÉNIEURS","RIVOIRE, MAURICE.",EYROLLES,1993.0,PARIS,PASSIF,PRÊT EXTERNE,ENSIA
1164,EXERCICES DE CALCUL DES PROBABILITÉS,"CALOT, GÉRARD",UNKNOWN_EDITOR,1980.0,PARIS,ACHAT,PRÊT EXTERNE,ENSIA
1163,EXERCICES DE CALCUL DES PROBABILITÉS,"CALOT, GÉRARD",UNKNOWN_EDITOR,1980.0,PARIS,ACHAT,PRÊT EXTERNE,ENSIA
1165,EXERCICES DE CALCUL DES PROBABILITÉS,"CALOT, GÉRARD",UNKNOWN_EDITOR,1980.0,PARIS,ACHAT,PRÊT EXTERNE,ENSIA
1162,EXERCICES DE CALCUL DES PROBABILITÉS,"CALOT, GÉRARD",UNKNOWN_EDITOR,1980.0,PARIS,ACHAT,PRÊT EXTERNE,ENSIA
1154,EXERCICES DE CALCUL DES PROBABILITÉS,"CALOT, GÉRARD",UNKNOWN_EDITOR,1980.0,PARIS,ACHAT,PRÊT EXTERNE,ENSIA
1128,EXERCICES DE MATHÉMATIQUES POUR LE PREMIER CYCLE,"DUPONT, PASCAL",UNKNOWN_EDITOR,2000.0,BRUXELLES ; [PARIS],ACHAT,PRÊT EXTERNE,ENSIA
777,"EXERCICES DE PROGRAMMATION FONCTIONNELLE EN OCAML : UNE APPROCHE PÉDAGOGIQUE PAR L'ALGORYTHMIQUE, LA PREUVE ET LA COMPLEXITÉ","CARRIER, FABIENNE",ELLIPSES,2014.0,PARIS,DON,PRÊT EXTERNE,ENSIA
1355,EXERCICES DE TOPOLOGIE ET D'ANALYSE TOME 4 : SÉRIES ÉQUATIONS DIFFÉRENTIELLES,FLORY.G,UNKNOWN_EDITOR,1978.0,PARIS,DON,PRÊT EXTERNE,ENSIA
1143,EXERCICES DE TOPOLOGIE ET D'ANALYSE TOME 4 : SÉRIES ÉQUATIONS DIFFÉRENTIELLES,FLORY.G,UNKNOWN_EDITOR,1978.0,PARIS,DON,PRÊT EXTERNE,ENSIA
1352,EXERCICES DE TOPOLOGIE ET D'ANALYSE TOME2 : FONCTIONS D'UNE VARIABLE RÉELLE,FLORY.G,UNKNOWN_EDITOR,UNKNOWN_YEAR,UNKNOWN_LOCATION,ACHAT,PRÊT EXTERNE,ENSIA
1351,EXERCICES DE TOPOLOGIE ET D'ANALYSE TOME2 : FONCTIONS D'UNE VARIABLE RÉELLE,FLORY.G,UNKNOWN_EDITOR,UNKNOWN_YEAR,UNKNOWN_LOCATION,ACHAT,PRÊT EXTERNE,ENSIA
1238,EXERCICES EN JAVA,"DELANNOY, CLAUDE",UNKNOWN_EDITOR,2001.0,PARIS,ACHAT,PRÊT EXTERNE,ENSIA
1214,EXERCICES EN LANGAGE C,"CLAUDE,DELANNOY",EYROLLES,1994.0,PARIS,DON,PRÊT EXTERNE,ENSIA
1213,EXERCICES EN LANGAGE C,"CLAUDE,DELANNOY",EYROLLES,1994.0,PARIS,DON,PRÊT EXTERNE,ENSIA
1759,EXERCICES EN LANGAGE C++,"DELANNOY, CLAUDE",UNKNOWN_EDITOR,2002.0,PARIS,DON,PRÊT EXTERNE,ENSIA
1379,EXERCICES EN LANGAGE C++,"DELANNOY, CLAUDE",UNKNOWN_EDITOR,2002.0,PARIS,DON,PRÊT EXTERNE,ENSIA
3905,EXERCICES EN LANGAGE C++ : 178 EXERCICES CORRIGÉS,"DELANNOY, CLAUDE",UNKNOWN_EDITOR,2018.0,PARIS,ACHAT,PRÊT EXTERNE,ENSIA
3903,EXERCICES EN LANGAGE C++ : 178 EXERCICES CORRIGÉS,"DELANNOY, CLAUDE",UNKNOWN_EDITOR,2018.0,PARIS,ACHAT,PRÊT EXTERNE,ENSIA
3908,EXERCICES EN LANGAGE C++ : 178 EXERCICES CORRIGÉS,"DELANNOY, CLAUDE",UNKNOWN_EDITOR,2018.0,PARIS,ACHAT,PRÊT EXTERNE,ENSIA
3904,EXERCICES EN LANGAGE C++ : 178 EXERCICES CORRIGÉS,"DELANNOY, CLAUDE",UNKNOWN_EDITOR,2018.0,PARIS,ACHAT,PRÊT EXTERNE,ENSIA
3906,EXERCICES EN LANGAGE C++ : 178 EXERCICES CORRIGÉS,"DELANNOY, CLAUDE",UNKNOWN_EDITOR,2018.0,PARIS,ACHAT,PRÊT EXTERNE,ENSIA
3907,EXERCICES EN LANGAGE C++ : 178 EXERCICES CORRIGÉS,"DELANNOY, CLAUDE",UNKNOWN_EDITOR,2018.0,PARIS,ACHAT,PRÊT EXTERNE,ENSIA
539,"EXERCICES ET MÉTHODES DE MÉCANIQUE : MECCANIQUE DU POINT ET DU SOLIDE INDEÉFORMABLE : LICENCE, IUT, CAPES, ECOLES D'INGEÉNIEURS","GRANJON, YVES",DUNOD,2021.0,FRANCE,ACHAT,PRÊT EXTERNE,ENSIA
537,"EXERCICES ET MÉTHODES DE MÉCANIQUE : MECCANIQUE DU POINT ET DU SOLIDE INDEÉFORMABLE : LICENCE, IUT, CAPES, ECOLES D'INGEÉNIEURS","GRANJON, YVES",DUNOD,2021.0,FRANCE,ACHAT,CONSULTATION SUR PLACE,ENSIA
538,"EXERCICES ET MÉTHODES DE MÉCANIQUE : MECCANIQUE DU POINT ET DU SOLIDE INDEÉFORMABLE : LICENCE, IUT, CAPES, ECOLES D'INGEÉNIEURS","GRANJON, YVES",DUNOD,2021.0,FRANCE,ACHAT,PRÊT EXTERNE,ENSIA
1375,EXERCICES ET PROBLEMES RESOLUS D'ANALYSE,"CHAMBADAL, LUCIEN",UNKNOWN_EDITOR,1978.0,PARIS,ACHAT,PRÊT EXTERNE,ENSIA
1374,EXERCICES ET PROBLEMES RESOLUS D'ANALYSE,"CHAMBADAL, LUCIEN",UNKNOWN_EDITOR,1978.0,PARIS,ACHAT,PRÊT EXTERNE,ENSIA
1103,EXERCICES ET PROBLEMES RESOLUS D'ANALYSE,"CHAMBADAL, LUCIEN",UNKNOWN_EDITOR,1978.0,PARIS,ACHAT,PRÊT EXTERNE,ENSIA
1102,EXERCICES ET PROBLEMES RESOLUS D'ANALYSE,"CHAMBADAL, LUCIEN",UNKNOWN_EDITOR,1978.0,PARIS,ACHAT,PRÊT EXTERNE,ENSIA
1009,EXERCICES ET PROBLÈMES D'ALGORITHMIQUE : 144 ÉNONCÉS AVEC SOLUTIONS DÉTAILLÉES,BAYNAT BRUNO*,UNKNOWN_EDITOR,2003.0,PARIS,ACHAT,PRÊT EXTERNE,ENSIA
1010,EXERCICES ET PROBLÈMES D'ALGORITHMIQUE : 144 ÉNONCÉS AVEC SOLUTIONS DÉTAILLÉES,BAYNAT BRUNO*,UNKNOWN_EDITOR,2003.0,PARIS,ACHAT,PRÊT EXTERNE,ENSIA
1714,EXERCICES ET PROBLÈMES RÉSOLUS D'ALGÈBRE,"CHAMBADAL, LUCIEN",UNKNOWN_EDITOR,1978.0,PARIS,ACHAT,PRÊT EXTERNE,ENSIA
1715,EXERCICES ET PROBLÈMES RÉSOLUS D'ALGÈBRE,"CHAMBADAL, LUCIEN",UNKNOWN_EDITOR,1978.0,PARIS,ACHAT,PRÊT EXTERNE,ENSIA
1716,EXERCICES ET PROBLÈMES RÉSOLUS D'ALGÈBRE,"CHAMBADAL, LUCIEN",UNKNOWN_EDITOR,1978.0,PARIS,DON,PRÊT EXTERNE,ENSIA
911,"EXERCICES ET PROBLÈMES RÉSOLUS DE RECHERCHE OPÉRATIONNELLE. T. 2, PHÉNOMÈNES ALÉATOIRES EN RECHERCHE OPÉRATIONNELLE",ROSEAUX,DUNOD,2004.0,PARIS,DON,PRÊT EXTERNE,ENSIA
588,EXPLORING GRAMMAR THROUGH TEXTS : READING AND WRITING THE STRUCTURE OF ENGLISH,PARASKEVAS CORNELIA C,ROUTLEDGE,2020.0,USA,ACHAT,CONSULTATION SUR PLACE,ENSIA
589,EXPLORING GRAMMAR THROUGH TEXTS : READING AND WRITING THE STRUCTURE OF ENGLISH,PARASKEVAS CORNELIA C,ROUTLEDGE,2020.0,USA,ACHAT,PRÊT EXTERNE,ENSIA
618,EXPLORING LANGUAGE ASSESSMENT AND TESTING: LANGUAGE IN ACTION,GREEN ANTHONY,ROUTLEDGE,2014.0,USA,ACHAT,PRÊT EXTERNE,ENSIA
616,EXPLORING LANGUAGE ASSESSMENT AND TESTING: LANGUAGE IN ACTION,GREEN ANTHONY,ROUTLEDGE,2014.0,USA,ACHAT,PRÊT EXTERNE,ENSIA
617,EXPLORING LANGUAGE ASSESSMENT AND TESTING: LANGUAGE IN ACTION,GREEN ANTHONY,ROUTLEDGE,2014.0,USA,ACHAT,PRÊT EXTERNE,ENSIA
754,EXPÉRIENCE UTILISATEUR MOBILE : UX DESIGN POUR SMARTPHONES ET TABLETTES,"BOUCHER, AMÉLIE",EYROLLES,2015.0,PARIS,DON,PRÊT EXTERNE,ENSIA
753,EXPÉRIENCE UTILISATEUR MOBILE : UX DESIGN POUR SMARTPHONES ET TABLETTES,"BOUCHER, AMÉLIE",EYROLLES,2015.0,PARIS,DON,PRÊT EXTERNE,ENSIA
1012,EXTENSIONS DE CORPS THÉORIE DE GALOIS : THÉORIE DE GALOIS : NIVEAU M1-M2,CALAIS JOSETTE,UNKNOWN_EDITOR,2006.0,PARIS,ACHAT,PRÊT EXTERNE,ENSIA
1011,EXTENSIONS DE CORPS THÉORIE DE GALOIS : THÉORIE DE GALOIS : NIVEAU M1-M2,CALAIS JOSETTE,UNKNOWN_EDITOR,2006.0,PARIS,ACHAT,PRÊT EXTERNE,ENSIA
207,FONCTIONS D'UNE VARIABLE RÉELLE,ZIZI KHELIFA,OPU,2015.0,ALGER,ACHAT,PRÊT EXTERNE,ENSIA
206,FONCTIONS D'UNE VARIABLE RÉELLE,ZIZI KHELIFA,OPU,2015.0,ALGER,ACHAT,PRÊT EXTERNE,ENSIA
208,FONCTIONS D'UNE VARIABLE RÉELLE,ZIZI KHELIFA,OPU,2015.0,ALGER,ACHAT,PRÊT EXTERNE,ENSIA
209,FONCTIONS D'UNE VARIABLE RÉELLE,ZIZI KHELIFA,OPU,2015.0,ALGER,ACHAT,PRÊT EXTERNE,ENSIA
126,FONCTIONS DE LA VARIABLE COMPLEXE T.1 : EXERCICES ET PROBLÈMES RÉSOLUS AVEC RAPPELS DE COURS,BOUSSEBOUA MOUSSEDEK,OPU,2014.0,ALGER,ACHAT,CONSULTATION SUR PLACE,ENSIA
129,FONCTIONS DE LA VARIABLE COMPLEXE T.1 : EXERCICES ET PROBLÈMES RÉSOLUS AVEC RAPPELS DE COURS,BOUSSEBOUA MOUSSEDEK,OPU,2014.0,ALGER,ACHAT,PRÊT EXTERNE,ENSIA
128,FONCTIONS DE LA VARIABLE COMPLEXE T.1 : EXERCICES ET PROBLÈMES RÉSOLUS AVEC RAPPELS DE COURS,BOUSSEBOUA MOUSSEDEK,OPU,2014.0,ALGER,ACHAT,PRÊT EXTERNE,ENSIA
127,FONCTIONS DE LA VARIABLE COMPLEXE T.1 : EXERCICES ET PROBLÈMES RÉSOLUS AVEC RAPPELS DE COURS,BOUSSEBOUA MOUSSEDEK,OPU,2014.0,ALGER,ACHAT,PRÊT EXTERNE,ENSIA
1492,FONCTIONS DE LA VARIABLE COMPLEXE T.2 : EXERCICES ET PROBLÈMES RÉSOLUS AVEC RAPPELS DE COURS,BOUSSEBOUA MOUSSEDEK,OPU,2014.0,ALGER,ACHAT,CONSULTATION SUR PLACE,ENSIA
1491,FONCTIONS DE LA VARIABLE COMPLEXE T.2 : EXERCICES ET PROBLÈMES RÉSOLUS AVEC RAPPELS DE COURS,BOUSSEBOUA MOUSSEDEK,OPU,2014.0,ALGER,ACHAT,PRÊT EXTERNE,ENSIA
1493,FONCTIONS DE LA VARIABLE COMPLEXE T.2 : EXERCICES ET PROBLÈMES RÉSOLUS AVEC RAPPELS DE COURS,BOUSSEBOUA MOUSSEDEK,OPU,2014.0,ALGER,ACHAT,PRÊT EXTERNE,ENSIA
1496,FONCTIONS DE LA VARIABLE COMPLEXE T.2 : EXERCICES ET PROBLÈMES RÉSOLUS AVEC RAPPELS DE COURS,BOUSSEBOUA MOUSSEDEK,OPU,2014.0,ALGER,ACHAT,PRÊT EXTERNE,ENSIA
1497,FONCTIONS DE LA VARIABLE COMPLEXE T.2 : EXERCICES ET PROBLÈMES RÉSOLUS AVEC RAPPELS DE COURS,BOUSSEBOUA MOUSSEDEK,OPU,2014.0,ALGER,ACHAT,PRÊT EXTERNE,ENSIA
1494,FONCTIONS DE LA VARIABLE COMPLEXE T.2 : EXERCICES ET PROBLÈMES RÉSOLUS AVEC RAPPELS DE COURS,BOUSSEBOUA MOUSSEDEK,OPU,2014.0,ALGER,ACHAT,PRÊT EXTERNE,ENSIA
1973,FONCTIONS DE LA VARIABLE COMPLEXE T.2 : EXERCICES ET PROBLÈMES RÉSOLUS AVEC RAPPELS DE COURS,BOUSSEBOUA MOUSSEDEK,OPU,2014.0,ALGER,ACHAT,PRÊT EXTERNE,ENSIA
1495,FONCTIONS DE LA VARIABLE COMPLEXE T.2 : EXERCICES ET PROBLÈMES RÉSOLUS AVEC RAPPELS DE COURS,BOUSSEBOUA MOUSSEDEK,OPU,2014.0,ALGER,ACHAT,PRÊT EXTERNE,ENSIA
1972,FONCTIONS DE LA VARIABLE COMPLEXE T.2 : EXERCICES ET PROBLÈMES RÉSOLUS AVEC RAPPELS DE COURS,BOUSSEBOUA MOUSSEDEK,OPU,2014.0,ALGER,ACHAT,PRÊT EXTERNE,ENSIA
131,FONCTIONS DE LA VARIABLE COMPLEXE T.2 : EXERCICES ET PROBLÈMES RÉSOLUS AVEC RAPPELS DE COURS,BOUSSEBOUA MOUSSEDEK,OPU,2014.0,ALGER,ACHAT,PRÊT EXTERNE,ENSIA
1971,FONCTIONS DE LA VARIABLE COMPLEXE T.2 : EXERCICES ET PROBLÈMES RÉSOLUS AVEC RAPPELS DE COURS,BOUSSEBOUA MOUSSEDEK,OPU,2014.0,ALGER,ACHAT,PRÊT EXTERNE,ENSIA
1970,FONCTIONS DE LA VARIABLE COMPLEXE T.2 : EXERCICES ET PROBLÈMES RÉSOLUS AVEC RAPPELS DE COURS,BOUSSEBOUA MOUSSEDEK,OPU,2014.0,ALGER,ACHAT,PRÊT EXTERNE,ENSIA
1975,FONCTIONS DE LA VARIABLE COMPLEXE T.2 : EXERCICES ET PROBLÈMES RÉSOLUS AVEC RAPPELS DE COURS,BOUSSEBOUA MOUSSEDEK,OPU,2014.0,ALGER,ACHAT,PRÊT EXTERNE,ENSIA
133,FONCTIONS DE LA VARIABLE COMPLEXE T.2 : EXERCICES ET PROBLÈMES RÉSOLUS AVEC RAPPELS DE COURS,BOUSSEBOUA MOUSSEDEK,OPU,2014.0,ALGER,ACHAT,PRÊT EXTERNE,ENSIA
132,FONCTIONS DE LA VARIABLE COMPLEXE T.2 : EXERCICES ET PROBLÈMES RÉSOLUS AVEC RAPPELS DE COURS,BOUSSEBOUA MOUSSEDEK,OPU,2014.0,ALGER,ACHAT,PRÊT EXTERNE,ENSIA
130,FONCTIONS DE LA VARIABLE COMPLEXE T.2 : EXERCICES ET PROBLÈMES RÉSOLUS AVEC RAPPELS DE COURS,BOUSSEBOUA MOUSSEDEK,OPU,2014.0,ALGER,ACHAT,CONSULTATION SUR PLACE,ENSIA
1976,FONCTIONS DE LA VARIABLE COMPLEXE T.2 : EXERCICES ET PROBLÈMES RÉSOLUS AVEC RAPPELS DE COURS,BOUSSEBOUA MOUSSEDEK,OPU,2014.0,ALGER,ACHAT,PRÊT EXTERNE,ENSIA
1977,FONCTIONS DE LA VARIABLE COMPLEXE T.2 : EXERCICES ET PROBLÈMES RÉSOLUS AVEC RAPPELS DE COURS,BOUSSEBOUA MOUSSEDEK,OPU,2014.0,ALGER,ACHAT,PRÊT EXTERNE,ENSIA
1498,FONCTIONS DE LA VARIABLE COMPLEXE T.2 : EXERCICES ET PROBLÈMES RÉSOLUS AVEC RAPPELS DE COURS,BOUSSEBOUA MOUSSEDEK,OPU,2014.0,ALGER,ACHAT,PRÊT EXTERNE,ENSIA
1979,FONCTIONS DE LA VARIABLE COMPLEXE T.2 : EXERCICES ET PROBLÈMES RÉSOLUS AVEC RAPPELS DE COURS,BOUSSEBOUA MOUSSEDEK,OPU,2014.0,ALGER,ACHAT,PRÊT EXTERNE,ENSIA
1978,FONCTIONS DE LA VARIABLE COMPLEXE T.2 : EXERCICES ET PROBLÈMES RÉSOLUS AVEC RAPPELS DE COURS,BOUSSEBOUA MOUSSEDEK,OPU,2014.0,ALGER,ACHAT,PRÊT EXTERNE,ENSIA
1490,FONCTIONS DE LA VARIABLE COMPLEXE T.2 : EXERCICES ET PROBLÈMES RÉSOLUS AVEC RAPPELS DE COURS,BOUSSEBOUA MOUSSEDEK,OPU,2014.0,ALGER,ACHAT,PRÊT EXTERNE,ENSIA
1974,FONCTIONS DE LA VARIABLE COMPLEXE T.2 : EXERCICES ET PROBLÈMES RÉSOLUS AVEC RAPPELS DE COURS,BOUSSEBOUA MOUSSEDEK,OPU,2014.0,ALGER,ACHAT,PRÊT EXTERNE,ENSIA
1499,FONCTIONS DE LA VARIABLE COMPLEXE T.2 : EXERCICES ET PROBLÈMES RÉSOLUS AVEC RAPPELS DE COURS,BOUSSEBOUA MOUSSEDEK,OPU,2014.0,ALGER,ACHAT,PRÊT EXTERNE,ENSIA
2673,"FONCTIONS DE PLUSIEURS VARIABLES RELLES : IMITES,CONTINUITE,DIFFERENTIABILITÉ ET.... COURS DÉTAILLÉ ET EXERCICES RÉSOLUS",HAZI MOHAMMED,UNKNOWN_EDITOR,2018.0,ALGER,ACHAT,PRÊT EXTERNE,ENSIA
2677,"FONCTIONS DE PLUSIEURS VARIABLES RELLES : IMITES,CONTINUITE,DIFFERENTIABILITÉ ET.... COURS DÉTAILLÉ ET EXERCICES RÉSOLUS",HAZI MOHAMMED,UNKNOWN_EDITOR,2018.0,ALGER,ACHAT,PRÊT EXTERNE,ENSIA
2676,"FONCTIONS DE PLUSIEURS VARIABLES RELLES : IMITES,CONTINUITE,DIFFERENTIABILITÉ ET.... COURS DÉTAILLÉ ET EXERCICES RÉSOLUS",HAZI MOHAMMED,UNKNOWN_EDITOR,2018.0,ALGER,ACHAT,PRÊT EXTERNE,ENSIA
2675,"FONCTIONS DE PLUSIEURS VARIABLES RELLES : IMITES,CONTINUITE,DIFFERENTIABILITÉ ET.... COURS DÉTAILLÉ ET EXERCICES RÉSOLUS",HAZI MOHAMMED,UNKNOWN_EDITOR,2018.0,ALGER,ACHAT,PRÊT EXTERNE,ENSIA
2674,"FONCTIONS DE PLUSIEURS VARIABLES RELLES : IMITES,CONTINUITE,DIFFERENTIABILITÉ ET.... COURS DÉTAILLÉ ET EXERCICES RÉSOLUS",HAZI MOHAMMED,UNKNOWN_EDITOR,2018.0,ALGER,ACHAT,PRÊT EXTERNE,ENSIA
1626,"FONCTIONS DE PLUSIEURS VARIABLES RELLES : IMITES,CONTINUITE,DIFFERENTIABILITÉ ET.... COURS DÉTAILLÉ ET EXERCICES RÉSOLUS",HAZI MOHAMMED,UNKNOWN_EDITOR,2018.0,ALGER,ACHAT,CONSULTATION SUR PLACE,ENSIA
2672,"FONCTIONS DE PLUSIEURS VARIABLES RELLES : IMITES,CONTINUITE,DIFFERENTIABILITÉ ET.... COURS DÉTAILLÉ ET EXERCICES RÉSOLUS",HAZI MOHAMMED,UNKNOWN_EDITOR,2018.0,ALGER,ACHAT,PRÊT EXTERNE,ENSIA
2671,"FONCTIONS DE PLUSIEURS VARIABLES RELLES : IMITES,CONTINUITE,DIFFERENTIABILITÉ ET.... COURS DÉTAILLÉ ET EXERCICES RÉSOLUS",HAZI MOHAMMED,UNKNOWN_EDITOR,2018.0,ALGER,ACHAT,PRÊT EXTERNE,ENSIA
2670,"FONCTIONS DE PLUSIEURS VARIABLES RELLES : IMITES,CONTINUITE,DIFFERENTIABILITÉ ET.... COURS DÉTAILLÉ ET EXERCICES RÉSOLUS",HAZI MOHAMMED,UNKNOWN_EDITOR,2018.0,ALGER,ACHAT,PRÊT EXTERNE,ENSIA
4249,"FONCTIONS DE PLUSIEURS VARIABLES RELLES : IMITES,CONTINUITE,DIFFERENTIABILITÉ ET.... COURS DÉTAILLÉ ET EXERCICES RÉSOLUS",HAZI MOHAMMED,UNKNOWN_EDITOR,2018.0,ALGER,ACHAT,PRÊT EXTERNE,ENSIA
2669,"FONCTIONS DE PLUSIEURS VARIABLES RELLES : IMITES,CONTINUITE,DIFFERENTIABILITÉ ET.... COURS DÉTAILLÉ ET EXERCICES RÉSOLUS",HAZI MOHAMMED,UNKNOWN_EDITOR,2018.0,ALGER,ACHAT,PRÊT EXTERNE,ENSIA
2668,"FONCTIONS DE PLUSIEURS VARIABLES RELLES : IMITES,CONTINUITE,DIFFERENTIABILITÉ ET.... COURS DÉTAILLÉ ET EXERCICES RÉSOLUS",HAZI MOHAMMED,UNKNOWN_EDITOR,2018.0,ALGER,ACHAT,PRÊT EXTERNE,ENSIA
2667,"FONCTIONS DE PLUSIEURS VARIABLES RELLES : IMITES,CONTINUITE,DIFFERENTIABILITÉ ET.... COURS DÉTAILLÉ ET EXERCICES RÉSOLUS",HAZI MOHAMMED,UNKNOWN_EDITOR,2018.0,ALGER,ACHAT,PRÊT EXTERNE,ENSIA
2666,"FONCTIONS DE PLUSIEURS VARIABLES RELLES : IMITES,CONTINUITE,DIFFERENTIABILITÉ ET.... COURS DÉTAILLÉ ET EXERCICES RÉSOLUS",HAZI MOHAMMED,UNKNOWN_EDITOR,2018.0,ALGER,ACHAT,PRÊT EXTERNE,ENSIA
2665,"FONCTIONS DE PLUSIEURS VARIABLES RELLES : IMITES,CONTINUITE,DIFFERENTIABILITÉ ET.... COURS DÉTAILLÉ ET EXERCICES RÉSOLUS",HAZI MOHAMMED,UNKNOWN_EDITOR,2018.0,ALGER,ACHAT,PRÊT EXTERNE,ENSIA
2664,"FONCTIONS DE PLUSIEURS VARIABLES RELLES : IMITES,CONTINUITE,DIFFERENTIABILITÉ ET.... COURS DÉTAILLÉ ET EXERCICES RÉSOLUS",HAZI MOHAMMED,UNKNOWN_EDITOR,2018.0,ALGER,ACHAT,PRÊT EXTERNE,ENSIA
2663,"FONCTIONS DE PLUSIEURS VARIABLES RELLES : IMITES,CONTINUITE,DIFFERENTIABILITÉ ET.... COURS DÉTAILLÉ ET EXERCICES RÉSOLUS",HAZI MOHAMMED,UNKNOWN_EDITOR,2018.0,ALGER,ACHAT,PRÊT EXTERNE,ENSIA
2662,"FONCTIONS DE PLUSIEURS VARIABLES RELLES : IMITES,CONTINUITE,DIFFERENTIABILITÉ ET.... COURS DÉTAILLÉ ET EXERCICES RÉSOLUS",HAZI MOHAMMED,UNKNOWN_EDITOR,2018.0,ALGER,ACHAT,PRÊT EXTERNE,ENSIA
2661,"FONCTIONS DE PLUSIEURS VARIABLES RELLES : IMITES,CONTINUITE,DIFFERENTIABILITÉ ET.... COURS DÉTAILLÉ ET EXERCICES RÉSOLUS",HAZI MOHAMMED,UNKNOWN_EDITOR,2018.0,ALGER,ACHAT,PRÊT EXTERNE,ENSIA
4248,"FONCTIONS DE PLUSIEURS VARIABLES RELLES : IMITES,CONTINUITE,DIFFERENTIABILITÉ ET.... COURS DÉTAILLÉ ET EXERCICES RÉSOLUS",HAZI MOHAMMED,UNKNOWN_EDITOR,2018.0,ALGER,ACHAT,PRÊT EXTERNE,ENSIA
2660,"FONCTIONS DE PLUSIEURS VARIABLES RELLES : IMITES,CONTINUITE,DIFFERENTIABILITÉ ET.... COURS DÉTAILLÉ ET EXERCICES RÉSOLUS",HAZI MOHAMMED,UNKNOWN_EDITOR,2018.0,ALGER,ACHAT,PRÊT EXTERNE,ENSIA
2659,"FONCTIONS DE PLUSIEURS VARIABLES RELLES : IMITES,CONTINUITE,DIFFERENTIABILITÉ ET.... COURS DÉTAILLÉ ET EXERCICES RÉSOLUS",HAZI MOHAMMED,UNKNOWN_EDITOR,2018.0,ALGER,ACHAT,PRÊT EXTERNE,ENSIA
2658,"FONCTIONS DE PLUSIEURS VARIABLES RELLES : IMITES,CONTINUITE,DIFFERENTIABILITÉ ET.... COURS DÉTAILLÉ ET EXERCICES RÉSOLUS",HAZI MOHAMMED,UNKNOWN_EDITOR,2018.0,ALGER,ACHAT,PRÊT EXTERNE,ENSIA
2657,"FONCTIONS DE PLUSIEURS VARIABLES RELLES : IMITES,CONTINUITE,DIFFERENTIABILITÉ ET.... COURS DÉTAILLÉ ET EXERCICES RÉSOLUS",HAZI MOHAMMED,UNKNOWN_EDITOR,2018.0,ALGER,ACHAT,PRÊT EXTERNE,ENSIA
2656,"FONCTIONS DE PLUSIEURS VARIABLES RELLES : IMITES,CONTINUITE,DIFFERENTIABILITÉ ET.... COURS DÉTAILLÉ ET EXERCICES RÉSOLUS",HAZI MOHAMMED,UNKNOWN_EDITOR,2018.0,ALGER,ACHAT,PRÊT EXTERNE,ENSIA
2655,"FONCTIONS DE PLUSIEURS VARIABLES RELLES : IMITES,CONTINUITE,DIFFERENTIABILITÉ ET.... COURS DÉTAILLÉ ET EXERCICES RÉSOLUS",HAZI MOHAMMED,UNKNOWN_EDITOR,2018.0,ALGER,ACHAT,PRÊT EXTERNE,ENSIA
2654,"FONCTIONS DE PLUSIEURS VARIABLES RELLES : IMITES,CONTINUITE,DIFFERENTIABILITÉ ET.... COURS DÉTAILLÉ ET EXERCICES RÉSOLUS",HAZI MOHAMMED,UNKNOWN_EDITOR,2018.0,ALGER,ACHAT,PRÊT EXTERNE,ENSIA
2653,"FONCTIONS DE PLUSIEURS VARIABLES RELLES : IMITES,CONTINUITE,DIFFERENTIABILITÉ ET.... COURS DÉTAILLÉ ET EXERCICES RÉSOLUS",HAZI MOHAMMED,UNKNOWN_EDITOR,2018.0,ALGER,ACHAT,PRÊT EXTERNE,ENSIA
2652,"FONCTIONS DE PLUSIEURS VARIABLES RELLES : IMITES,CONTINUITE,DIFFERENTIABILITÉ ET.... COURS DÉTAILLÉ ET EXERCICES RÉSOLUS",HAZI MOHAMMED,UNKNOWN_EDITOR,2018.0,ALGER,ACHAT,PRÊT EXTERNE,ENSIA
2651,"FONCTIONS DE PLUSIEURS VARIABLES RELLES : IMITES,CONTINUITE,DIFFERENTIABILITÉ ET.... COURS DÉTAILLÉ ET EXERCICES RÉSOLUS",HAZI MOHAMMED,UNKNOWN_EDITOR,2018.0,ALGER,ACHAT,PRÊT EXTERNE,ENSIA
2678,"FONCTIONS DE PLUSIEURS VARIABLES RELLES : IMITES,CONTINUITE,DIFFERENTIABILITÉ ET.... COURS DÉTAILLÉ ET EXERCICES RÉSOLUS",HAZI MOHAMMED,UNKNOWN_EDITOR,2018.0,ALGER,ACHAT,PRÊT EXTERNE,ENSIA
2679,"FONCTIONS DE PLUSIEURS VARIABLES RELLES : IMITES,CONTINUITE,DIFFERENTIABILITÉ ET.... COURS DÉTAILLÉ ET EXERCICES RÉSOLUS",HAZI MOHAMMED,UNKNOWN_EDITOR,2018.0,ALGER,ACHAT,PRÊT EXTERNE,ENSIA
4250,"FONCTIONS DE PLUSIEURS VARIABLES RELLES : IMITES,CONTINUITE,DIFFERENTIABILITÉ ET.... COURS DÉTAILLÉ ET EXERCICES RÉSOLUS",HAZI MOHAMMED,UNKNOWN_EDITOR,2018.0,ALGER,ACHAT,PRÊT EXTERNE,ENSIA
2680,"FONCTIONS DE PLUSIEURS VARIABLES RELLES : IMITES,CONTINUITE,DIFFERENTIABILITÉ ET.... COURS DÉTAILLÉ ET EXERCICES RÉSOLUS",HAZI MOHAMMED,UNKNOWN_EDITOR,2018.0,ALGER,ACHAT,PRÊT EXTERNE,ENSIA
2710,"FONCTIONS DE PLUSIEURS VARIABLES RELLES : IMITES,CONTINUITE,DIFFERENTIABILITÉ ET.... COURS DÉTAILLÉ ET EXERCICES RÉSOLUS",HAZI MOHAMMED,UNKNOWN_EDITOR,2018.0,ALGER,ACHAT,PRÊT EXTERNE,ENSIA
2709,"FONCTIONS DE PLUSIEURS VARIABLES RELLES : IMITES,CONTINUITE,DIFFERENTIABILITÉ ET.... COURS DÉTAILLÉ ET EXERCICES RÉSOLUS",HAZI MOHAMMED,UNKNOWN_EDITOR,2018.0,ALGER,ACHAT,PRÊT EXTERNE,ENSIA
2708,"FONCTIONS DE PLUSIEURS VARIABLES RELLES : IMITES,CONTINUITE,DIFFERENTIABILITÉ ET.... COURS DÉTAILLÉ ET EXERCICES RÉSOLUS",HAZI MOHAMMED,UNKNOWN_EDITOR,2018.0,ALGER,ACHAT,PRÊT EXTERNE,ENSIA
2707,"FONCTIONS DE PLUSIEURS VARIABLES RELLES : IMITES,CONTINUITE,DIFFERENTIABILITÉ ET.... COURS DÉTAILLÉ ET EXERCICES RÉSOLUS",HAZI MOHAMMED,UNKNOWN_EDITOR,2018.0,ALGER,ACHAT,PRÊT EXTERNE,ENSIA
2706,"FONCTIONS DE PLUSIEURS VARIABLES RELLES : IMITES,CONTINUITE,DIFFERENTIABILITÉ ET.... COURS DÉTAILLÉ ET EXERCICES RÉSOLUS",HAZI MOHAMMED,UNKNOWN_EDITOR,2018.0,ALGER,ACHAT,PRÊT EXTERNE,ENSIA
2705,"FONCTIONS DE PLUSIEURS VARIABLES RELLES : IMITES,CONTINUITE,DIFFERENTIABILITÉ ET.... COURS DÉTAILLÉ ET EXERCICES RÉSOLUS",HAZI MOHAMMED,UNKNOWN_EDITOR,2018.0,ALGER,ACHAT,PRÊT EXTERNE,ENSIA
2704,"FONCTIONS DE PLUSIEURS VARIABLES RELLES : IMITES,CONTINUITE,DIFFERENTIABILITÉ ET.... COURS DÉTAILLÉ ET EXERCICES RÉSOLUS",HAZI MOHAMMED,UNKNOWN_EDITOR,2018.0,ALGER,ACHAT,PRÊT EXTERNE,ENSIA
2703,"FONCTIONS DE PLUSIEURS VARIABLES RELLES : IMITES,CONTINUITE,DIFFERENTIABILITÉ ET.... COURS DÉTAILLÉ ET EXERCICES RÉSOLUS",HAZI MOHAMMED,UNKNOWN_EDITOR,2018.0,ALGER,ACHAT,PRÊT EXTERNE,ENSIA
2702,"FONCTIONS DE PLUSIEURS VARIABLES RELLES : IMITES,CONTINUITE,DIFFERENTIABILITÉ ET.... COURS DÉTAILLÉ ET EXERCICES RÉSOLUS",HAZI MOHAMMED,UNKNOWN_EDITOR,2018.0,ALGER,ACHAT,PRÊT EXTERNE,ENSIA
2701,"FONCTIONS DE PLUSIEURS VARIABLES RELLES : IMITES,CONTINUITE,DIFFERENTIABILITÉ ET.... COURS DÉTAILLÉ ET EXERCICES RÉSOLUS",HAZI MOHAMMED,UNKNOWN_EDITOR,2018.0,ALGER,ACHAT,PRÊT EXTERNE,ENSIA
2700,"FONCTIONS DE PLUSIEURS VARIABLES RELLES : IMITES,CONTINUITE,DIFFERENTIABILITÉ ET.... COURS DÉTAILLÉ ET EXERCICES RÉSOLUS",HAZI MOHAMMED,UNKNOWN_EDITOR,2018.0,ALGER,ACHAT,PRÊT EXTERNE,ENSIA
2699,"FONCTIONS DE PLUSIEURS VARIABLES RELLES : IMITES,CONTINUITE,DIFFERENTIABILITÉ ET.... COURS DÉTAILLÉ ET EXERCICES RÉSOLUS",HAZI MOHAMMED,UNKNOWN_EDITOR,2018.0,ALGER,ACHAT,PRÊT EXTERNE,ENSIA
2698,"FONCTIONS DE PLUSIEURS VARIABLES RELLES : IMITES,CONTINUITE,DIFFERENTIABILITÉ ET.... COURS DÉTAILLÉ ET EXERCICES RÉSOLUS",HAZI MOHAMMED,UNKNOWN_EDITOR,2018.0,ALGER,ACHAT,PRÊT EXTERNE,ENSIA
2697,"FONCTIONS DE PLUSIEURS VARIABLES RELLES : IMITES,CONTINUITE,DIFFERENTIABILITÉ ET.... COURS DÉTAILLÉ ET EXERCICES RÉSOLUS",HAZI MOHAMMED,UNKNOWN_EDITOR,2018.0,ALGER,ACHAT,PRÊT EXTERNE,ENSIA
2650,"FONCTIONS DE PLUSIEURS VARIABLES RELLES : IMITES,CONTINUITE,DIFFERENTIABILITÉ ET.... COURS DÉTAILLÉ ET EXERCICES RÉSOLUS",HAZI MOHAMMED,UNKNOWN_EDITOR,2018.0,ALGER,ACHAT,PRÊT EXTERNE,ENSIA
2696,"FONCTIONS DE PLUSIEURS VARIABLES RELLES : IMITES,CONTINUITE,DIFFERENTIABILITÉ ET.... COURS DÉTAILLÉ ET EXERCICES RÉSOLUS",HAZI MOHAMMED,UNKNOWN_EDITOR,2018.0,ALGER,ACHAT,PRÊT EXTERNE,ENSIA
2694,"FONCTIONS DE PLUSIEURS VARIABLES RELLES : IMITES,CONTINUITE,DIFFERENTIABILITÉ ET.... COURS DÉTAILLÉ ET EXERCICES RÉSOLUS",HAZI MOHAMMED,UNKNOWN_EDITOR,2018.0,ALGER,ACHAT,PRÊT EXTERNE,ENSIA
2693,"FONCTIONS DE PLUSIEURS VARIABLES RELLES : IMITES,CONTINUITE,DIFFERENTIABILITÉ ET.... COURS DÉTAILLÉ ET EXERCICES RÉSOLUS",HAZI MOHAMMED,UNKNOWN_EDITOR,2018.0,ALGER,ACHAT,PRÊT EXTERNE,ENSIA
2692,"FONCTIONS DE PLUSIEURS VARIABLES RELLES : IMITES,CONTINUITE,DIFFERENTIABILITÉ ET.... COURS DÉTAILLÉ ET EXERCICES RÉSOLUS",HAZI MOHAMMED,UNKNOWN_EDITOR,2018.0,ALGER,ACHAT,PRÊT EXTERNE,ENSIA
2691,"FONCTIONS DE PLUSIEURS VARIABLES RELLES : IMITES,CONTINUITE,DIFFERENTIABILITÉ ET.... COURS DÉTAILLÉ ET EXERCICES RÉSOLUS",HAZI MOHAMMED,UNKNOWN_EDITOR,2018.0,ALGER,ACHAT,PRÊT EXTERNE,ENSIA
2690,"FONCTIONS DE PLUSIEURS VARIABLES RELLES : IMITES,CONTINUITE,DIFFERENTIABILITÉ ET.... COURS DÉTAILLÉ ET EXERCICES RÉSOLUS",HAZI MOHAMMED,UNKNOWN_EDITOR,2018.0,ALGER,ACHAT,PRÊT EXTERNE,ENSIA
2689,"FONCTIONS DE PLUSIEURS VARIABLES RELLES : IMITES,CONTINUITE,DIFFERENTIABILITÉ ET.... COURS DÉTAILLÉ ET EXERCICES RÉSOLUS",HAZI MOHAMMED,UNKNOWN_EDITOR,2018.0,ALGER,ACHAT,PRÊT EXTERNE,ENSIA
2688,"FONCTIONS DE PLUSIEURS VARIABLES RELLES : IMITES,CONTINUITE,DIFFERENTIABILITÉ ET.... COURS DÉTAILLÉ ET EXERCICES RÉSOLUS",HAZI MOHAMMED,UNKNOWN_EDITOR,2018.0,ALGER,ACHAT,PRÊT EXTERNE,ENSIA
2687,"FONCTIONS DE PLUSIEURS VARIABLES RELLES : IMITES,CONTINUITE,DIFFERENTIABILITÉ ET.... COURS DÉTAILLÉ ET EXERCICES RÉSOLUS",HAZI MOHAMMED,UNKNOWN_EDITOR,2018.0,ALGER,ACHAT,PRÊT EXTERNE,ENSIA
2686,"FONCTIONS DE PLUSIEURS VARIABLES RELLES : IMITES,CONTINUITE,DIFFERENTIABILITÉ ET.... COURS DÉTAILLÉ ET EXERCICES RÉSOLUS",HAZI MOHAMMED,UNKNOWN_EDITOR,2018.0,ALGER,ACHAT,PRÊT EXTERNE,ENSIA
2685,"FONCTIONS DE PLUSIEURS VARIABLES RELLES : IMITES,CONTINUITE,DIFFERENTIABILITÉ ET.... COURS DÉTAILLÉ ET EXERCICES RÉSOLUS",HAZI MOHAMMED,UNKNOWN_EDITOR,2018.0,ALGER,ACHAT,PRÊT EXTERNE,ENSIA
2684,"FONCTIONS DE PLUSIEURS VARIABLES RELLES : IMITES,CONTINUITE,DIFFERENTIABILITÉ ET.... COURS DÉTAILLÉ ET EXERCICES RÉSOLUS",HAZI MOHAMMED,UNKNOWN_EDITOR,2018.0,ALGER,ACHAT,PRÊT EXTERNE,ENSIA
2683,"FONCTIONS DE PLUSIEURS VARIABLES RELLES : IMITES,CONTINUITE,DIFFERENTIABILITÉ ET.... COURS DÉTAILLÉ ET EXERCICES RÉSOLUS",HAZI MOHAMMED,UNKNOWN_EDITOR,2018.0,ALGER,ACHAT,PRÊT EXTERNE,ENSIA
2682,"FONCTIONS DE PLUSIEURS VARIABLES RELLES : IMITES,CONTINUITE,DIFFERENTIABILITÉ ET.... COURS DÉTAILLÉ ET EXERCICES RÉSOLUS",HAZI MOHAMMED,UNKNOWN_EDITOR,2018.0,ALGER,ACHAT,PRÊT EXTERNE,ENSIA
2681,"FONCTIONS DE PLUSIEURS VARIABLES RELLES : IMITES,CONTINUITE,DIFFERENTIABILITÉ ET.... COURS DÉTAILLÉ ET EXERCICES RÉSOLUS",HAZI MOHAMMED,UNKNOWN_EDITOR,2018.0,ALGER,ACHAT,PRÊT EXTERNE,ENSIA
2695,"FONCTIONS DE PLUSIEURS VARIABLES RELLES : IMITES,CONTINUITE,DIFFERENTIABILITÉ ET.... COURS DÉTAILLÉ ET EXERCICES RÉSOLUS",HAZI MOHAMMED,UNKNOWN_EDITOR,2018.0,ALGER,ACHAT,PRÊT EXTERNE,ENSIA
2711,"FONCTIONS DE PLUSIEURS VARIABLES RELLES : IMITES,CONTINUITE,DIFFERENTIABILITÉ ET.... COURS DÉTAILLÉ ET EXERCICES RÉSOLUS",HAZI MOHAMMED,UNKNOWN_EDITOR,2018.0,ALGER,ACHAT,PRÊT EXTERNE,ENSIA
2649,"FONCTIONS DE PLUSIEURS VARIABLES RELLES : IMITES,CONTINUITE,DIFFERENTIABILITÉ ET.... COURS DÉTAILLÉ ET EXERCICES RÉSOLUS",HAZI MOHAMMED,UNKNOWN_EDITOR,2018.0,ALGER,ACHAT,PRÊT EXTERNE,ENSIA
2647,"FONCTIONS DE PLUSIEURS VARIABLES RELLES : IMITES,CONTINUITE,DIFFERENTIABILITÉ ET.... COURS DÉTAILLÉ ET EXERCICES RÉSOLUS",HAZI MOHAMMED,UNKNOWN_EDITOR,2018.0,ALGER,ACHAT,PRÊT EXTERNE,ENSIA
1643,"FONCTIONS DE PLUSIEURS VARIABLES RELLES : IMITES,CONTINUITE,DIFFERENTIABILITÉ ET.... COURS DÉTAILLÉ ET EXERCICES RÉSOLUS",HAZI MOHAMMED,UNKNOWN_EDITOR,2018.0,ALGER,ACHAT,PRÊT EXTERNE,ENSIA
4237,"FONCTIONS DE PLUSIEURS VARIABLES RELLES : IMITES,CONTINUITE,DIFFERENTIABILITÉ ET.... COURS DÉTAILLÉ ET EXERCICES RÉSOLUS",HAZI MOHAMMED,UNKNOWN_EDITOR,2018.0,ALGER,ACHAT,PRÊT EXTERNE,ENSIA
3499,"FONCTIONS DE PLUSIEURS VARIABLES RELLES : IMITES,CONTINUITE,DIFFERENTIABILITÉ ET.... COURS DÉTAILLÉ ET EXERCICES RÉSOLUS",HAZI MOHAMMED,UNKNOWN_EDITOR,2018.0,ALGER,ACHAT,PRÊT EXTERNE,ENSIA
3498,"FONCTIONS DE PLUSIEURS VARIABLES RELLES : IMITES,CONTINUITE,DIFFERENTIABILITÉ ET.... COURS DÉTAILLÉ ET EXERCICES RÉSOLUS",HAZI MOHAMMED,UNKNOWN_EDITOR,2018.0,ALGER,ACHAT,PRÊT EXTERNE,ENSIA
3497,"FONCTIONS DE PLUSIEURS VARIABLES RELLES : IMITES,CONTINUITE,DIFFERENTIABILITÉ ET.... COURS DÉTAILLÉ ET EXERCICES RÉSOLUS",HAZI MOHAMMED,UNKNOWN_EDITOR,2018.0,ALGER,ACHAT,PRÊT EXTERNE,ENSIA
1642,"FONCTIONS DE PLUSIEURS VARIABLES RELLES : IMITES,CONTINUITE,DIFFERENTIABILITÉ ET.... COURS DÉTAILLÉ ET EXERCICES RÉSOLUS",HAZI MOHAMMED,UNKNOWN_EDITOR,2018.0,ALGER,ACHAT,PRÊT EXTERNE,ENSIA
3496,"FONCTIONS DE PLUSIEURS VARIABLES RELLES : IMITES,CONTINUITE,DIFFERENTIABILITÉ ET.... COURS DÉTAILLÉ ET EXERCICES RÉSOLUS",HAZI MOHAMMED,UNKNOWN_EDITOR,2018.0,ALGER,ACHAT,PRÊT EXTERNE,ENSIA
3495,"FONCTIONS DE PLUSIEURS VARIABLES RELLES : IMITES,CONTINUITE,DIFFERENTIABILITÉ ET.... COURS DÉTAILLÉ ET EXERCICES RÉSOLUS",HAZI MOHAMMED,UNKNOWN_EDITOR,2018.0,ALGER,ACHAT,PRÊT EXTERNE,ENSIA
1641,"FONCTIONS DE PLUSIEURS VARIABLES RELLES : IMITES,CONTINUITE,DIFFERENTIABILITÉ ET.... COURS DÉTAILLÉ ET EXERCICES RÉSOLUS",HAZI MOHAMMED,UNKNOWN_EDITOR,2018.0,ALGER,ACHAT,PRÊT EXTERNE,ENSIA
1640,"FONCTIONS DE PLUSIEURS VARIABLES RELLES : IMITES,CONTINUITE,DIFFERENTIABILITÉ ET.... COURS DÉTAILLÉ ET EXERCICES RÉSOLUS",HAZI MOHAMMED,UNKNOWN_EDITOR,2018.0,ALGER,ACHAT,PRÊT EXTERNE,ENSIA
1639,"FONCTIONS DE PLUSIEURS VARIABLES RELLES : IMITES,CONTINUITE,DIFFERENTIABILITÉ ET.... COURS DÉTAILLÉ ET EXERCICES RÉSOLUS",HAZI MOHAMMED,UNKNOWN_EDITOR,2018.0,ALGER,ACHAT,PRÊT EXTERNE,ENSIA
1638,"FONCTIONS DE PLUSIEURS VARIABLES RELLES : IMITES,CONTINUITE,DIFFERENTIABILITÉ ET.... COURS DÉTAILLÉ ET EXERCICES RÉSOLUS",HAZI MOHAMMED,UNKNOWN_EDITOR,2018.0,ALGER,ACHAT,PRÊT EXTERNE,ENSIA
1637,"FONCTIONS DE PLUSIEURS VARIABLES RELLES : IMITES,CONTINUITE,DIFFERENTIABILITÉ ET.... COURS DÉTAILLÉ ET EXERCICES RÉSOLUS",HAZI MOHAMMED,UNKNOWN_EDITOR,2018.0,ALGER,ACHAT,PRÊT EXTERNE,ENSIA
1636,"FONCTIONS DE PLUSIEURS VARIABLES RELLES : IMITES,CONTINUITE,DIFFERENTIABILITÉ ET.... COURS DÉTAILLÉ ET EXERCICES RÉSOLUS",HAZI MOHAMMED,UNKNOWN_EDITOR,2018.0,ALGER,ACHAT,PRÊT EXTERNE,ENSIA
1635,"FONCTIONS DE PLUSIEURS VARIABLES RELLES : IMITES,CONTINUITE,DIFFERENTIABILITÉ ET.... COURS DÉTAILLÉ ET EXERCICES RÉSOLUS",HAZI MOHAMMED,UNKNOWN_EDITOR,2018.0,ALGER,ACHAT,PRÊT EXTERNE,ENSIA
3494,"FONCTIONS DE PLUSIEURS VARIABLES RELLES : IMITES,CONTINUITE,DIFFERENTIABILITÉ ET.... COURS DÉTAILLÉ ET EXERCICES RÉSOLUS",HAZI MOHAMMED,UNKNOWN_EDITOR,2018.0,ALGER,ACHAT,PRÊT EXTERNE,ENSIA
3493,"FONCTIONS DE PLUSIEURS VARIABLES RELLES : IMITES,CONTINUITE,DIFFERENTIABILITÉ ET.... COURS DÉTAILLÉ ET EXERCICES RÉSOLUS",HAZI MOHAMMED,UNKNOWN_EDITOR,2018.0,ALGER,ACHAT,PRÊT EXTERNE,ENSIA
3492,"FONCTIONS DE PLUSIEURS VARIABLES RELLES : IMITES,CONTINUITE,DIFFERENTIABILITÉ ET.... COURS DÉTAILLÉ ET EXERCICES RÉSOLUS",HAZI MOHAMMED,UNKNOWN_EDITOR,2018.0,ALGER,ACHAT,PRÊT EXTERNE,ENSIA
1634,"FONCTIONS DE PLUSIEURS VARIABLES RELLES : IMITES,CONTINUITE,DIFFERENTIABILITÉ ET.... COURS DÉTAILLÉ ET EXERCICES RÉSOLUS",HAZI MOHAMMED,UNKNOWN_EDITOR,2018.0,ALGER,ACHAT,PRÊT EXTERNE,ENSIA
1633,"FONCTIONS DE PLUSIEURS VARIABLES RELLES : IMITES,CONTINUITE,DIFFERENTIABILITÉ ET.... COURS DÉTAILLÉ ET EXERCICES RÉSOLUS",HAZI MOHAMMED,UNKNOWN_EDITOR,2018.0,ALGER,ACHAT,PRÊT EXTERNE,ENSIA
1632,"FONCTIONS DE PLUSIEURS VARIABLES RELLES : IMITES,CONTINUITE,DIFFERENTIABILITÉ ET.... COURS DÉTAILLÉ ET EXERCICES RÉSOLUS",HAZI MOHAMMED,UNKNOWN_EDITOR,2018.0,ALGER,ACHAT,PRÊT EXTERNE,ENSIA
1631,"FONCTIONS DE PLUSIEURS VARIABLES RELLES : IMITES,CONTINUITE,DIFFERENTIABILITÉ ET.... COURS DÉTAILLÉ ET EXERCICES RÉSOLUS",HAZI MOHAMMED,UNKNOWN_EDITOR,2018.0,ALGER,ACHAT,PRÊT EXTERNE,ENSIA
1630,"FONCTIONS DE PLUSIEURS VARIABLES RELLES : IMITES,CONTINUITE,DIFFERENTIABILITÉ ET.... COURS DÉTAILLÉ ET EXERCICES RÉSOLUS",HAZI MOHAMMED,UNKNOWN_EDITOR,2018.0,ALGER,ACHAT,PRÊT EXTERNE,ENSIA
3491,"FONCTIONS DE PLUSIEURS VARIABLES RELLES : IMITES,CONTINUITE,DIFFERENTIABILITÉ ET.... COURS DÉTAILLÉ ET EXERCICES RÉSOLUS",HAZI MOHAMMED,UNKNOWN_EDITOR,2018.0,ALGER,ACHAT,PRÊT EXTERNE,ENSIA
3490,"FONCTIONS DE PLUSIEURS VARIABLES RELLES : IMITES,CONTINUITE,DIFFERENTIABILITÉ ET.... COURS DÉTAILLÉ ET EXERCICES RÉSOLUS",HAZI MOHAMMED,UNKNOWN_EDITOR,2018.0,ALGER,ACHAT,PRÊT EXTERNE,ENSIA
3489,"FONCTIONS DE PLUSIEURS VARIABLES RELLES : IMITES,CONTINUITE,DIFFERENTIABILITÉ ET.... COURS DÉTAILLÉ ET EXERCICES RÉSOLUS",HAZI MOHAMMED,UNKNOWN_EDITOR,2018.0,ALGER,ACHAT,PRÊT EXTERNE,ENSIA
1629,"FONCTIONS DE PLUSIEURS VARIABLES RELLES : IMITES,CONTINUITE,DIFFERENTIABILITÉ ET.... COURS DÉTAILLÉ ET EXERCICES RÉSOLUS",HAZI MOHAMMED,UNKNOWN_EDITOR,2018.0,ALGER,ACHAT,PRÊT EXTERNE,ENSIA
1628,"FONCTIONS DE PLUSIEURS VARIABLES RELLES : IMITES,CONTINUITE,DIFFERENTIABILITÉ ET.... COURS DÉTAILLÉ ET EXERCICES RÉSOLUS",HAZI MOHAMMED,UNKNOWN_EDITOR,2018.0,ALGER,ACHAT,PRÊT EXTERNE,ENSIA
1627,"FONCTIONS DE PLUSIEURS VARIABLES RELLES : IMITES,CONTINUITE,DIFFERENTIABILITÉ ET.... COURS DÉTAILLÉ ET EXERCICES RÉSOLUS",HAZI MOHAMMED,UNKNOWN_EDITOR,2018.0,ALGER,ACHAT,PRÊT EXTERNE,ENSIA
3500,"FONCTIONS DE PLUSIEURS VARIABLES RELLES : IMITES,CONTINUITE,DIFFERENTIABILITÉ ET.... COURS DÉTAILLÉ ET EXERCICES RÉSOLUS",HAZI MOHAMMED,UNKNOWN_EDITOR,2018.0,ALGER,ACHAT,PRÊT EXTERNE,ENSIA
3501,"FONCTIONS DE PLUSIEURS VARIABLES RELLES : IMITES,CONTINUITE,DIFFERENTIABILITÉ ET.... COURS DÉTAILLÉ ET EXERCICES RÉSOLUS",HAZI MOHAMMED,UNKNOWN_EDITOR,2018.0,ALGER,ACHAT,PRÊT EXTERNE,ENSIA
3502,"FONCTIONS DE PLUSIEURS VARIABLES RELLES : IMITES,CONTINUITE,DIFFERENTIABILITÉ ET.... COURS DÉTAILLÉ ET EXERCICES RÉSOLUS",HAZI MOHAMMED,UNKNOWN_EDITOR,2018.0,ALGER,ACHAT,PRÊT EXTERNE,ENSIA
3503,"FONCTIONS DE PLUSIEURS VARIABLES RELLES : IMITES,CONTINUITE,DIFFERENTIABILITÉ ET.... COURS DÉTAILLÉ ET EXERCICES RÉSOLUS",HAZI MOHAMMED,UNKNOWN_EDITOR,2018.0,ALGER,ACHAT,PRÊT EXTERNE,ENSIA
2646,"FONCTIONS DE PLUSIEURS VARIABLES RELLES : IMITES,CONTINUITE,DIFFERENTIABILITÉ ET.... COURS DÉTAILLÉ ET EXERCICES RÉSOLUS",HAZI MOHAMMED,UNKNOWN_EDITOR,2018.0,ALGER,ACHAT,PRÊT EXTERNE,ENSIA
2645,"FONCTIONS DE PLUSIEURS VARIABLES RELLES : IMITES,CONTINUITE,DIFFERENTIABILITÉ ET.... COURS DÉTAILLÉ ET EXERCICES RÉSOLUS",HAZI MOHAMMED,UNKNOWN_EDITOR,2018.0,ALGER,ACHAT,PRÊT EXTERNE,ENSIA
2644,"FONCTIONS DE PLUSIEURS VARIABLES RELLES : IMITES,CONTINUITE,DIFFERENTIABILITÉ ET.... COURS DÉTAILLÉ ET EXERCICES RÉSOLUS",HAZI MOHAMMED,UNKNOWN_EDITOR,2018.0,ALGER,ACHAT,PRÊT EXTERNE,ENSIA
2643,"FONCTIONS DE PLUSIEURS VARIABLES RELLES : IMITES,CONTINUITE,DIFFERENTIABILITÉ ET.... COURS DÉTAILLÉ ET EXERCICES RÉSOLUS",HAZI MOHAMMED,UNKNOWN_EDITOR,2018.0,ALGER,ACHAT,PRÊT EXTERNE,ENSIA
2642,"FONCTIONS DE PLUSIEURS VARIABLES RELLES : IMITES,CONTINUITE,DIFFERENTIABILITÉ ET.... COURS DÉTAILLÉ ET EXERCICES RÉSOLUS",HAZI MOHAMMED,UNKNOWN_EDITOR,2018.0,ALGER,ACHAT,PRÊT EXTERNE,ENSIA
2641,"FONCTIONS DE PLUSIEURS VARIABLES RELLES : IMITES,CONTINUITE,DIFFERENTIABILITÉ ET.... COURS DÉTAILLÉ ET EXERCICES RÉSOLUS",HAZI MOHAMMED,UNKNOWN_EDITOR,2018.0,ALGER,ACHAT,PRÊT EXTERNE,ENSIA
2640,"FONCTIONS DE PLUSIEURS VARIABLES RELLES : IMITES,CONTINUITE,DIFFERENTIABILITÉ ET.... COURS DÉTAILLÉ ET EXERCICES RÉSOLUS",HAZI MOHAMMED,UNKNOWN_EDITOR,2018.0,ALGER,ACHAT,PRÊT EXTERNE,ENSIA
4247,"FONCTIONS DE PLUSIEURS VARIABLES RELLES : IMITES,CONTINUITE,DIFFERENTIABILITÉ ET.... COURS DÉTAILLÉ ET EXERCICES RÉSOLUS",HAZI MOHAMMED,UNKNOWN_EDITOR,2018.0,ALGER,ACHAT,PRÊT EXTERNE,ENSIA
4246,"FONCTIONS DE PLUSIEURS VARIABLES RELLES : IMITES,CONTINUITE,DIFFERENTIABILITÉ ET.... COURS DÉTAILLÉ ET EXERCICES RÉSOLUS",HAZI MOHAMMED,UNKNOWN_EDITOR,2018.0,ALGER,ACHAT,PRÊT EXTERNE,ENSIA
4245,"FONCTIONS DE PLUSIEURS VARIABLES RELLES : IMITES,CONTINUITE,DIFFERENTIABILITÉ ET.... COURS DÉTAILLÉ ET EXERCICES RÉSOLUS",HAZI MOHAMMED,UNKNOWN_EDITOR,2018.0,ALGER,ACHAT,PRÊT EXTERNE,ENSIA
4244,"FONCTIONS DE PLUSIEURS VARIABLES RELLES : IMITES,CONTINUITE,DIFFERENTIABILITÉ ET.... COURS DÉTAILLÉ ET EXERCICES RÉSOLUS",HAZI MOHAMMED,UNKNOWN_EDITOR,2018.0,ALGER,ACHAT,PRÊT EXTERNE,ENSIA
4243,"FONCTIONS DE PLUSIEURS VARIABLES RELLES : IMITES,CONTINUITE,DIFFERENTIABILITÉ ET.... COURS DÉTAILLÉ ET EXERCICES RÉSOLUS",HAZI MOHAMMED,UNKNOWN_EDITOR,2018.0,ALGER,ACHAT,PRÊT EXTERNE,ENSIA
4242,"FONCTIONS DE PLUSIEURS VARIABLES RELLES : IMITES,CONTINUITE,DIFFERENTIABILITÉ ET.... COURS DÉTAILLÉ ET EXERCICES RÉSOLUS",HAZI MOHAMMED,UNKNOWN_EDITOR,2018.0,ALGER,ACHAT,PRÊT EXTERNE,ENSIA
4241,"FONCTIONS DE PLUSIEURS VARIABLES RELLES : IMITES,CONTINUITE,DIFFERENTIABILITÉ ET.... COURS DÉTAILLÉ ET EXERCICES RÉSOLUS",HAZI MOHAMMED,UNKNOWN_EDITOR,2018.0,ALGER,ACHAT,PRÊT EXTERNE,ENSIA
2648,"FONCTIONS DE PLUSIEURS VARIABLES RELLES : IMITES,CONTINUITE,DIFFERENTIABILITÉ ET.... COURS DÉTAILLÉ ET EXERCICES RÉSOLUS",HAZI MOHAMMED,UNKNOWN_EDITOR,2018.0,ALGER,ACHAT,PRÊT EXTERNE,ENSIA
4240,"FONCTIONS DE PLUSIEURS VARIABLES RELLES : IMITES,CONTINUITE,DIFFERENTIABILITÉ ET.... COURS DÉTAILLÉ ET EXERCICES RÉSOLUS",HAZI MOHAMMED,UNKNOWN_EDITOR,2018.0,ALGER,ACHAT,PRÊT EXTERNE,ENSIA
4238,"FONCTIONS DE PLUSIEURS VARIABLES RELLES : IMITES,CONTINUITE,DIFFERENTIABILITÉ ET.... COURS DÉTAILLÉ ET EXERCICES RÉSOLUS",HAZI MOHAMMED,UNKNOWN_EDITOR,2018.0,ALGER,ACHAT,PRÊT EXTERNE,ENSIA
4230,"FONCTIONS DE PLUSIEURS VARIABLES RELLES : IMITES,CONTINUITE,DIFFERENTIABILITÉ ET.... COURS DÉTAILLÉ ET EXERCICES RÉSOLUS",HAZI MOHAMMED,UNKNOWN_EDITOR,2018.0,ALGER,ACHAT,PRÊT EXTERNE,ENSIA
4231,"FONCTIONS DE PLUSIEURS VARIABLES RELLES : IMITES,CONTINUITE,DIFFERENTIABILITÉ ET.... COURS DÉTAILLÉ ET EXERCICES RÉSOLUS",HAZI MOHAMMED,UNKNOWN_EDITOR,2018.0,ALGER,ACHAT,PRÊT EXTERNE,ENSIA
4232,"FONCTIONS DE PLUSIEURS VARIABLES RELLES : IMITES,CONTINUITE,DIFFERENTIABILITÉ ET.... COURS DÉTAILLÉ ET EXERCICES RÉSOLUS",HAZI MOHAMMED,UNKNOWN_EDITOR,2018.0,ALGER,ACHAT,PRÊT EXTERNE,ENSIA
4233,"FONCTIONS DE PLUSIEURS VARIABLES RELLES : IMITES,CONTINUITE,DIFFERENTIABILITÉ ET.... COURS DÉTAILLÉ ET EXERCICES RÉSOLUS",HAZI MOHAMMED,UNKNOWN_EDITOR,2018.0,ALGER,ACHAT,PRÊT EXTERNE,ENSIA
4234,"FONCTIONS DE PLUSIEURS VARIABLES RELLES : IMITES,CONTINUITE,DIFFERENTIABILITÉ ET.... COURS DÉTAILLÉ ET EXERCICES RÉSOLUS",HAZI MOHAMMED,UNKNOWN_EDITOR,2018.0,ALGER,ACHAT,PRÊT EXTERNE,ENSIA
4235,"FONCTIONS DE PLUSIEURS VARIABLES RELLES : IMITES,CONTINUITE,DIFFERENTIABILITÉ ET.... COURS DÉTAILLÉ ET EXERCICES RÉSOLUS",HAZI MOHAMMED,UNKNOWN_EDITOR,2018.0,ALGER,ACHAT,PRÊT EXTERNE,ENSIA
4236,"FONCTIONS DE PLUSIEURS VARIABLES RELLES : IMITES,CONTINUITE,DIFFERENTIABILITÉ ET.... COURS DÉTAILLÉ ET EXERCICES RÉSOLUS",HAZI MOHAMMED,UNKNOWN_EDITOR,2018.0,ALGER,ACHAT,PRÊT EXTERNE,ENSIA
1645,"FONCTIONS DE PLUSIEURS VARIABLES RELLES : IMITES,CONTINUITE,DIFFERENTIABILITÉ ET.... COURS DÉTAILLÉ ET EXERCICES RÉSOLUS",HAZI MOHAMMED,UNKNOWN_EDITOR,2018.0,ALGER,ACHAT,PRÊT EXTERNE,ENSIA
1644,"FONCTIONS DE PLUSIEURS VARIABLES RELLES : IMITES,CONTINUITE,DIFFERENTIABILITÉ ET.... COURS DÉTAILLÉ ET EXERCICES RÉSOLUS",HAZI MOHAMMED,UNKNOWN_EDITOR,2018.0,ALGER,ACHAT,PRÊT EXTERNE,ENSIA
3507,"FONCTIONS DE PLUSIEURS VARIABLES RELLES : IMITES,CONTINUITE,DIFFERENTIABILITÉ ET.... COURS DÉTAILLÉ ET EXERCICES RÉSOLUS",HAZI MOHAMMED,UNKNOWN_EDITOR,2018.0,ALGER,ACHAT,PRÊT EXTERNE,ENSIA
3506,"FONCTIONS DE PLUSIEURS VARIABLES RELLES : IMITES,CONTINUITE,DIFFERENTIABILITÉ ET.... COURS DÉTAILLÉ ET EXERCICES RÉSOLUS",HAZI MOHAMMED,UNKNOWN_EDITOR,2018.0,ALGER,ACHAT,PRÊT EXTERNE,ENSIA
3505,"FONCTIONS DE PLUSIEURS VARIABLES RELLES : IMITES,CONTINUITE,DIFFERENTIABILITÉ ET.... COURS DÉTAILLÉ ET EXERCICES RÉSOLUS",HAZI MOHAMMED,UNKNOWN_EDITOR,2018.0,ALGER,ACHAT,PRÊT EXTERNE,ENSIA
3504,"FONCTIONS DE PLUSIEURS VARIABLES RELLES : IMITES,CONTINUITE,DIFFERENTIABILITÉ ET.... COURS DÉTAILLÉ ET EXERCICES RÉSOLUS",HAZI MOHAMMED,UNKNOWN_EDITOR,2018.0,ALGER,ACHAT,PRÊT EXTERNE,ENSIA
4239,"FONCTIONS DE PLUSIEURS VARIABLES RELLES : IMITES,CONTINUITE,DIFFERENTIABILITÉ ET.... COURS DÉTAILLÉ ET EXERCICES RÉSOLUS",HAZI MOHAMMED,UNKNOWN_EDITOR,2018.0,ALGER,ACHAT,PRÊT EXTERNE,ENSIA
2712,"FONCTIONS DE PLUSIEURS VARIABLES RELLES : IMITES,CONTINUITE,DIFFERENTIABILITÉ ET.... COURS DÉTAILLÉ ET EXERCICES RÉSOLUS",HAZI MOHAMMED,UNKNOWN_EDITOR,2018.0,ALGER,ACHAT,PRÊT EXTERNE,ENSIA
3488,"FONCTIONS DE PLUSIEURS VARIABLES RELLES : IMITES,CONTINUITE,DIFFERENTIABILITÉ ET.... COURS DÉTAILLÉ ET EXERCICES RÉSOLUS",HAZI MOHAMMED,UNKNOWN_EDITOR,2018.0,ALGER,ACHAT,PRÊT EXTERNE,ENSIA
2713,"FONCTIONS DE PLUSIEURS VARIABLES RELLES : IMITES,CONTINUITE,DIFFERENTIABILITÉ ET.... COURS DÉTAILLÉ ET EXERCICES RÉSOLUS",HAZI MOHAMMED,UNKNOWN_EDITOR,2018.0,ALGER,ACHAT,PRÊT EXTERNE,ENSIA
2721,"FONCTIONS DE PLUSIEURS VARIABLES RELLES : IMITES,CONTINUITE,DIFFERENTIABILITÉ ET.... COURS DÉTAILLÉ ET EXERCICES RÉSOLUS",HAZI MOHAMMED,UNKNOWN_EDITOR,2018.0,ALGER,ACHAT,PRÊT EXTERNE,ENSIA
4254,"FONCTIONS DE PLUSIEURS VARIABLES RELLES : IMITES,CONTINUITE,DIFFERENTIABILITÉ ET.... COURS DÉTAILLÉ ET EXERCICES RÉSOLUS",HAZI MOHAMMED,UNKNOWN_EDITOR,2018.0,ALGER,ACHAT,PRÊT EXTERNE,ENSIA
4253,"FONCTIONS DE PLUSIEURS VARIABLES RELLES : IMITES,CONTINUITE,DIFFERENTIABILITÉ ET.... COURS DÉTAILLÉ ET EXERCICES RÉSOLUS",HAZI MOHAMMED,UNKNOWN_EDITOR,2018.0,ALGER,ACHAT,PRÊT EXTERNE,ENSIA
4252,"FONCTIONS DE PLUSIEURS VARIABLES RELLES : IMITES,CONTINUITE,DIFFERENTIABILITÉ ET.... COURS DÉTAILLÉ ET EXERCICES RÉSOLUS",HAZI MOHAMMED,UNKNOWN_EDITOR,2018.0,ALGER,ACHAT,PRÊT EXTERNE,ENSIA
2723,"FONCTIONS DE PLUSIEURS VARIABLES RELLES : IMITES,CONTINUITE,DIFFERENTIABILITÉ ET.... COURS DÉTAILLÉ ET EXERCICES RÉSOLUS",HAZI MOHAMMED,UNKNOWN_EDITOR,2018.0,ALGER,ACHAT,PRÊT EXTERNE,ENSIA
4251,"FONCTIONS DE PLUSIEURS VARIABLES RELLES : IMITES,CONTINUITE,DIFFERENTIABILITÉ ET.... COURS DÉTAILLÉ ET EXERCICES RÉSOLUS",HAZI MOHAMMED,UNKNOWN_EDITOR,2018.0,ALGER,ACHAT,PRÊT EXTERNE,ENSIA
2734,"FONCTIONS DE PLUSIEURS VARIABLES RELLES : IMITES,CONTINUITE,DIFFERENTIABILITÉ ET.... COURS DÉTAILLÉ ET EXERCICES RÉSOLUS",HAZI MOHAMMED,UNKNOWN_EDITOR,2018.0,ALGER,ACHAT,PRÊT EXTERNE,ENSIA
2722,"FONCTIONS DE PLUSIEURS VARIABLES RELLES : IMITES,CONTINUITE,DIFFERENTIABILITÉ ET.... COURS DÉTAILLÉ ET EXERCICES RÉSOLUS",HAZI MOHAMMED,UNKNOWN_EDITOR,2018.0,ALGER,ACHAT,PRÊT EXTERNE,ENSIA
2733,"FONCTIONS DE PLUSIEURS VARIABLES RELLES : IMITES,CONTINUITE,DIFFERENTIABILITÉ ET.... COURS DÉTAILLÉ ET EXERCICES RÉSOLUS",HAZI MOHAMMED,UNKNOWN_EDITOR,2018.0,ALGER,ACHAT,PRÊT EXTERNE,ENSIA
2732,"FONCTIONS DE PLUSIEURS VARIABLES RELLES : IMITES,CONTINUITE,DIFFERENTIABILITÉ ET.... COURS DÉTAILLÉ ET EXERCICES RÉSOLUS",HAZI MOHAMMED,UNKNOWN_EDITOR,2018.0,ALGER,ACHAT,PRÊT EXTERNE,ENSIA
2731,"FONCTIONS DE PLUSIEURS VARIABLES RELLES : IMITES,CONTINUITE,DIFFERENTIABILITÉ ET.... COURS DÉTAILLÉ ET EXERCICES RÉSOLUS",HAZI MOHAMMED,UNKNOWN_EDITOR,2018.0,ALGER,ACHAT,PRÊT EXTERNE,ENSIA
2730,"FONCTIONS DE PLUSIEURS VARIABLES RELLES : IMITES,CONTINUITE,DIFFERENTIABILITÉ ET.... COURS DÉTAILLÉ ET EXERCICES RÉSOLUS",HAZI MOHAMMED,UNKNOWN_EDITOR,2018.0,ALGER,ACHAT,PRÊT EXTERNE,ENSIA
2729,"FONCTIONS DE PLUSIEURS VARIABLES RELLES : IMITES,CONTINUITE,DIFFERENTIABILITÉ ET.... COURS DÉTAILLÉ ET EXERCICES RÉSOLUS",HAZI MOHAMMED,UNKNOWN_EDITOR,2018.0,ALGER,ACHAT,PRÊT EXTERNE,ENSIA
2728,"FONCTIONS DE PLUSIEURS VARIABLES RELLES : IMITES,CONTINUITE,DIFFERENTIABILITÉ ET.... COURS DÉTAILLÉ ET EXERCICES RÉSOLUS",HAZI MOHAMMED,UNKNOWN_EDITOR,2018.0,ALGER,ACHAT,PRÊT EXTERNE,ENSIA
2727,"FONCTIONS DE PLUSIEURS VARIABLES RELLES : IMITES,CONTINUITE,DIFFERENTIABILITÉ ET.... COURS DÉTAILLÉ ET EXERCICES RÉSOLUS",HAZI MOHAMMED,UNKNOWN_EDITOR,2018.0,ALGER,ACHAT,PRÊT EXTERNE,ENSIA
2726,"FONCTIONS DE PLUSIEURS VARIABLES RELLES : IMITES,CONTINUITE,DIFFERENTIABILITÉ ET.... COURS DÉTAILLÉ ET EXERCICES RÉSOLUS",HAZI MOHAMMED,UNKNOWN_EDITOR,2018.0,ALGER,ACHAT,PRÊT EXTERNE,ENSIA
2725,"FONCTIONS DE PLUSIEURS VARIABLES RELLES : IMITES,CONTINUITE,DIFFERENTIABILITÉ ET.... COURS DÉTAILLÉ ET EXERCICES RÉSOLUS",HAZI MOHAMMED,UNKNOWN_EDITOR,2018.0,ALGER,ACHAT,PRÊT EXTERNE,ENSIA
2720,"FONCTIONS DE PLUSIEURS VARIABLES RELLES : IMITES,CONTINUITE,DIFFERENTIABILITÉ ET.... COURS DÉTAILLÉ ET EXERCICES RÉSOLUS",HAZI MOHAMMED,UNKNOWN_EDITOR,2018.0,ALGER,ACHAT,PRÊT EXTERNE,ENSIA
4255,"FONCTIONS DE PLUSIEURS VARIABLES RELLES : IMITES,CONTINUITE,DIFFERENTIABILITÉ ET.... COURS DÉTAILLÉ ET EXERCICES RÉSOLUS",HAZI MOHAMMED,UNKNOWN_EDITOR,2018.0,ALGER,ACHAT,PRÊT EXTERNE,ENSIA
2724,"FONCTIONS DE PLUSIEURS VARIABLES RELLES : IMITES,CONTINUITE,DIFFERENTIABILITÉ ET.... COURS DÉTAILLÉ ET EXERCICES RÉSOLUS",HAZI MOHAMMED,UNKNOWN_EDITOR,2018.0,ALGER,ACHAT,PRÊT EXTERNE,ENSIA
2735,"FONCTIONS DE PLUSIEURS VARIABLES RELLES : IMITES,CONTINUITE,DIFFERENTIABILITÉ ET.... COURS DÉTAILLÉ ET EXERCICES RÉSOLUS",HAZI MOHAMMED,UNKNOWN_EDITOR,2018.0,ALGER,ACHAT,PRÊT EXTERNE,ENSIA
2739,"FONCTIONS DE PLUSIEURS VARIABLES RELLES : IMITES,CONTINUITE,DIFFERENTIABILITÉ ET.... COURS DÉTAILLÉ ET EXERCICES RÉSOLUS",HAZI MOHAMMED,UNKNOWN_EDITOR,2018.0,ALGER,ACHAT,PRÊT EXTERNE,ENSIA
2738,"FONCTIONS DE PLUSIEURS VARIABLES RELLES : IMITES,CONTINUITE,DIFFERENTIABILITÉ ET.... COURS DÉTAILLÉ ET EXERCICES RÉSOLUS",HAZI MOHAMMED,UNKNOWN_EDITOR,2018.0,ALGER,ACHAT,PRÊT EXTERNE,ENSIA
2714,"FONCTIONS DE PLUSIEURS VARIABLES RELLES : IMITES,CONTINUITE,DIFFERENTIABILITÉ ET.... COURS DÉTAILLÉ ET EXERCICES RÉSOLUS",HAZI MOHAMMED,UNKNOWN_EDITOR,2018.0,ALGER,ACHAT,PRÊT EXTERNE,ENSIA
2715,"FONCTIONS DE PLUSIEURS VARIABLES RELLES : IMITES,CONTINUITE,DIFFERENTIABILITÉ ET.... COURS DÉTAILLÉ ET EXERCICES RÉSOLUS",HAZI MOHAMMED,UNKNOWN_EDITOR,2018.0,ALGER,ACHAT,PRÊT EXTERNE,ENSIA
2719,"FONCTIONS DE PLUSIEURS VARIABLES RELLES : IMITES,CONTINUITE,DIFFERENTIABILITÉ ET.... COURS DÉTAILLÉ ET EXERCICES RÉSOLUS",HAZI MOHAMMED,UNKNOWN_EDITOR,2018.0,ALGER,ACHAT,PRÊT EXTERNE,ENSIA
4259,"FONCTIONS DE PLUSIEURS VARIABLES RELLES : IMITES,CONTINUITE,DIFFERENTIABILITÉ ET.... COURS DÉTAILLÉ ET EXERCICES RÉSOLUS",HAZI MOHAMMED,UNKNOWN_EDITOR,2018.0,ALGER,ACHAT,PRÊT EXTERNE,ENSIA
4258,"FONCTIONS DE PLUSIEURS VARIABLES RELLES : IMITES,CONTINUITE,DIFFERENTIABILITÉ ET.... COURS DÉTAILLÉ ET EXERCICES RÉSOLUS",HAZI MOHAMMED,UNKNOWN_EDITOR,2018.0,ALGER,ACHAT,PRÊT EXTERNE,ENSIA
2737,"FONCTIONS DE PLUSIEURS VARIABLES RELLES : IMITES,CONTINUITE,DIFFERENTIABILITÉ ET.... COURS DÉTAILLÉ ET EXERCICES RÉSOLUS",HAZI MOHAMMED,UNKNOWN_EDITOR,2018.0,ALGER,ACHAT,PRÊT EXTERNE,ENSIA
4256,"FONCTIONS DE PLUSIEURS VARIABLES RELLES : IMITES,CONTINUITE,DIFFERENTIABILITÉ ET.... COURS DÉTAILLÉ ET EXERCICES RÉSOLUS",HAZI MOHAMMED,UNKNOWN_EDITOR,2018.0,ALGER,ACHAT,PRÊT EXTERNE,ENSIA
2716,"FONCTIONS DE PLUSIEURS VARIABLES RELLES : IMITES,CONTINUITE,DIFFERENTIABILITÉ ET.... COURS DÉTAILLÉ ET EXERCICES RÉSOLUS",HAZI MOHAMMED,UNKNOWN_EDITOR,2018.0,ALGER,ACHAT,PRÊT EXTERNE,ENSIA
2736,"FONCTIONS DE PLUSIEURS VARIABLES RELLES : IMITES,CONTINUITE,DIFFERENTIABILITÉ ET.... COURS DÉTAILLÉ ET EXERCICES RÉSOLUS",HAZI MOHAMMED,UNKNOWN_EDITOR,2018.0,ALGER,ACHAT,PRÊT EXTERNE,ENSIA
2717,"FONCTIONS DE PLUSIEURS VARIABLES RELLES : IMITES,CONTINUITE,DIFFERENTIABILITÉ ET.... COURS DÉTAILLÉ ET EXERCICES RÉSOLUS",HAZI MOHAMMED,UNKNOWN_EDITOR,2018.0,ALGER,ACHAT,PRÊT EXTERNE,ENSIA
2718,"FONCTIONS DE PLUSIEURS VARIABLES RELLES : IMITES,CONTINUITE,DIFFERENTIABILITÉ ET.... COURS DÉTAILLÉ ET EXERCICES RÉSOLUS",HAZI MOHAMMED,UNKNOWN_EDITOR,2018.0,ALGER,ACHAT,PRÊT EXTERNE,ENSIA
4257,"FONCTIONS DE PLUSIEURS VARIABLES RELLES : IMITES,CONTINUITE,DIFFERENTIABILITÉ ET.... COURS DÉTAILLÉ ET EXERCICES RÉSOLUS",HAZI MOHAMMED,UNKNOWN_EDITOR,2018.0,ALGER,ACHAT,PRÊT EXTERNE,ENSIA
4217,"FONCTIONS RÉELLES D'UNE VARIABLE RÉELLE : DÉRIVABILITÉ, DÉRIVÉES, DÉVELOPPEMENTS LIMITÉS",HAZI MOHAMMED,OPU,2018.0,ALGER,ACHAT,PRÊT EXTERNE,ENSIA
3484,"FONCTIONS RÉELLES D'UNE VARIABLE RÉELLE : DÉRIVABILITÉ, DÉRIVÉES, DÉVELOPPEMENTS LIMITÉS",HAZI MOHAMMED,OPU,2018.0,ALGER,ACHAT,PRÊT EXTERNE,ENSIA
3485,"FONCTIONS RÉELLES D'UNE VARIABLE RÉELLE : DÉRIVABILITÉ, DÉRIVÉES, DÉVELOPPEMENTS LIMITÉS",HAZI MOHAMMED,OPU,2018.0,ALGER,ACHAT,PRÊT EXTERNE,ENSIA
4223,"FONCTIONS RÉELLES D'UNE VARIABLE RÉELLE : DÉRIVABILITÉ, DÉRIVÉES, DÉVELOPPEMENTS LIMITÉS",HAZI MOHAMMED,OPU,2018.0,ALGER,ACHAT,PRÊT EXTERNE,ENSIA
4222,"FONCTIONS RÉELLES D'UNE VARIABLE RÉELLE : DÉRIVABILITÉ, DÉRIVÉES, DÉVELOPPEMENTS LIMITÉS",HAZI MOHAMMED,OPU,2018.0,ALGER,ACHAT,PRÊT EXTERNE,ENSIA
4209,"FONCTIONS RÉELLES D'UNE VARIABLE RÉELLE : DÉRIVABILITÉ, DÉRIVÉES, DÉVELOPPEMENTS LIMITÉS",HAZI MOHAMMED,OPU,2018.0,ALGER,ACHAT,PRÊT EXTERNE,ENSIA
4221,"FONCTIONS RÉELLES D'UNE VARIABLE RÉELLE : DÉRIVABILITÉ, DÉRIVÉES, DÉVELOPPEMENTS LIMITÉS",HAZI MOHAMMED,OPU,2018.0,ALGER,ACHAT,PRÊT EXTERNE,ENSIA
4210,"FONCTIONS RÉELLES D'UNE VARIABLE RÉELLE : DÉRIVABILITÉ, DÉRIVÉES, DÉVELOPPEMENTS LIMITÉS",HAZI MOHAMMED,OPU,2018.0,ALGER,ACHAT,PRÊT EXTERNE,ENSIA
4212,"FONCTIONS RÉELLES D'UNE VARIABLE RÉELLE : DÉRIVABILITÉ, DÉRIVÉES, DÉVELOPPEMENTS LIMITÉS",HAZI MOHAMMED,OPU,2018.0,ALGER,ACHAT,PRÊT EXTERNE,ENSIA
4211,"FONCTIONS RÉELLES D'UNE VARIABLE RÉELLE : DÉRIVABILITÉ, DÉRIVÉES, DÉVELOPPEMENTS LIMITÉS",HAZI MOHAMMED,OPU,2018.0,ALGER,ACHAT,PRÊT EXTERNE,ENSIA
4213,"FONCTIONS RÉELLES D'UNE VARIABLE RÉELLE : DÉRIVABILITÉ, DÉRIVÉES, DÉVELOPPEMENTS LIMITÉS",HAZI MOHAMMED,OPU,2018.0,ALGER,ACHAT,PRÊT EXTERNE,ENSIA
4219,"FONCTIONS RÉELLES D'UNE VARIABLE RÉELLE : DÉRIVABILITÉ, DÉRIVÉES, DÉVELOPPEMENTS LIMITÉS",HAZI MOHAMMED,OPU,2018.0,ALGER,ACHAT,PRÊT EXTERNE,ENSIA
2387,"FONCTIONS RÉELLES D'UNE VARIABLE RÉELLE : DÉRIVABILITÉ, DÉRIVÉES, DÉVELOPPEMENTS LIMITÉS",HAZI MOHAMMED,OPU,2018.0,ALGER,ACHAT,PRÊT EXTERNE,ENSIA
4214,"FONCTIONS RÉELLES D'UNE VARIABLE RÉELLE : DÉRIVABILITÉ, DÉRIVÉES, DÉVELOPPEMENTS LIMITÉS",HAZI MOHAMMED,OPU,2018.0,ALGER,ACHAT,PRÊT EXTERNE,ENSIA
4215,"FONCTIONS RÉELLES D'UNE VARIABLE RÉELLE : DÉRIVABILITÉ, DÉRIVÉES, DÉVELOPPEMENTS LIMITÉS",HAZI MOHAMMED,OPU,2018.0,ALGER,ACHAT,PRÊT EXTERNE,ENSIA
4216,"FONCTIONS RÉELLES D'UNE VARIABLE RÉELLE : DÉRIVABILITÉ, DÉRIVÉES, DÉVELOPPEMENTS LIMITÉS",HAZI MOHAMMED,OPU,2018.0,ALGER,ACHAT,PRÊT EXTERNE,ENSIA
2388,"FONCTIONS RÉELLES D'UNE VARIABLE RÉELLE : DÉRIVABILITÉ, DÉRIVÉES, DÉVELOPPEMENTS LIMITÉS",HAZI MOHAMMED,OPU,2018.0,ALGER,ACHAT,PRÊT EXTERNE,ENSIA
4220,"FONCTIONS RÉELLES D'UNE VARIABLE RÉELLE : DÉRIVABILITÉ, DÉRIVÉES, DÉVELOPPEMENTS LIMITÉS",HAZI MOHAMMED,OPU,2018.0,ALGER,ACHAT,PRÊT EXTERNE,ENSIA
4218,"FONCTIONS RÉELLES D'UNE VARIABLE RÉELLE : DÉRIVABILITÉ, DÉRIVÉES, DÉVELOPPEMENTS LIMITÉS",HAZI MOHAMMED,OPU,2018.0,ALGER,ACHAT,PRÊT EXTERNE,ENSIA
3479,"FONCTIONS RÉELLES D'UNE VARIABLE RÉELLE : DÉRIVABILITÉ, DÉRIVÉES, DÉVELOPPEMENTS LIMITÉS",HAZI MOHAMMED,OPU,2018.0,ALGER,ACHAT,PRÊT EXTERNE,ENSIA
3482,"FONCTIONS RÉELLES D'UNE VARIABLE RÉELLE : DÉRIVABILITÉ, DÉRIVÉES, DÉVELOPPEMENTS LIMITÉS",HAZI MOHAMMED,OPU,2018.0,ALGER,ACHAT,PRÊT EXTERNE,ENSIA
3468,"FONCTIONS RÉELLES D'UNE VARIABLE RÉELLE : DÉRIVABILITÉ, DÉRIVÉES, DÉVELOPPEMENTS LIMITÉS",HAZI MOHAMMED,OPU,2018.0,ALGER,ACHAT,PRÊT EXTERNE,ENSIA
3467,"FONCTIONS RÉELLES D'UNE VARIABLE RÉELLE : DÉRIVABILITÉ, DÉRIVÉES, DÉVELOPPEMENTS LIMITÉS",HAZI MOHAMMED,OPU,2018.0,ALGER,ACHAT,PRÊT EXTERNE,ENSIA
3466,"FONCTIONS RÉELLES D'UNE VARIABLE RÉELLE : DÉRIVABILITÉ, DÉRIVÉES, DÉVELOPPEMENTS LIMITÉS",HAZI MOHAMMED,OPU,2018.0,ALGER,ACHAT,PRÊT EXTERNE,ENSIA
3465,"FONCTIONS RÉELLES D'UNE VARIABLE RÉELLE : DÉRIVABILITÉ, DÉRIVÉES, DÉVELOPPEMENTS LIMITÉS",HAZI MOHAMMED,OPU,2018.0,ALGER,ACHAT,PRÊT EXTERNE,ENSIA
3464,"FONCTIONS RÉELLES D'UNE VARIABLE RÉELLE : DÉRIVABILITÉ, DÉRIVÉES, DÉVELOPPEMENTS LIMITÉS",HAZI MOHAMMED,OPU,2018.0,ALGER,ACHAT,PRÊT EXTERNE,ENSIA
3463,"FONCTIONS RÉELLES D'UNE VARIABLE RÉELLE : DÉRIVABILITÉ, DÉRIVÉES, DÉVELOPPEMENTS LIMITÉS",HAZI MOHAMMED,OPU,2018.0,ALGER,ACHAT,PRÊT EXTERNE,ENSIA
1585,"FONCTIONS RÉELLES D'UNE VARIABLE RÉELLE : DÉRIVABILITÉ, DÉRIVÉES, DÉVELOPPEMENTS LIMITÉS",HAZI MOHAMMED,OPU,2018.0,ALGER,ACHAT,PRÊT EXTERNE,ENSIA
3462,"FONCTIONS RÉELLES D'UNE VARIABLE RÉELLE : DÉRIVABILITÉ, DÉRIVÉES, DÉVELOPPEMENTS LIMITÉS",HAZI MOHAMMED,OPU,2018.0,ALGER,ACHAT,PRÊT EXTERNE,ENSIA
3460,"FONCTIONS RÉELLES D'UNE VARIABLE RÉELLE : DÉRIVABILITÉ, DÉRIVÉES, DÉVELOPPEMENTS LIMITÉS",HAZI MOHAMMED,OPU,2018.0,ALGER,ACHAT,PRÊT EXTERNE,ENSIA
2423,"FONCTIONS RÉELLES D'UNE VARIABLE RÉELLE : DÉRIVABILITÉ, DÉRIVÉES, DÉVELOPPEMENTS LIMITÉS",HAZI MOHAMMED,OPU,2018.0,ALGER,ACHAT,PRÊT EXTERNE,ENSIA
1570,"FONCTIONS RÉELLES D'UNE VARIABLE RÉELLE : DÉRIVABILITÉ, DÉRIVÉES, DÉVELOPPEMENTS LIMITÉS",HAZI MOHAMMED,OPU,2018.0,ALGER,ACHAT,PRÊT EXTERNE,ENSIA
2348,"FONCTIONS RÉELLES D'UNE VARIABLE RÉELLE : DÉRIVABILITÉ, DÉRIVÉES, DÉVELOPPEMENTS LIMITÉS",HAZI MOHAMMED,OPU,2018.0,ALGER,ACHAT,PRÊT EXTERNE,ENSIA
2349,"FONCTIONS RÉELLES D'UNE VARIABLE RÉELLE : DÉRIVABILITÉ, DÉRIVÉES, DÉVELOPPEMENTS LIMITÉS",HAZI MOHAMMED,OPU,2018.0,ALGER,ACHAT,PRÊT EXTERNE,ENSIA
2350,"FONCTIONS RÉELLES D'UNE VARIABLE RÉELLE : DÉRIVABILITÉ, DÉRIVÉES, DÉVELOPPEMENTS LIMITÉS",HAZI MOHAMMED,OPU,2018.0,ALGER,ACHAT,PRÊT EXTERNE,ENSIA
3461,"FONCTIONS RÉELLES D'UNE VARIABLE RÉELLE : DÉRIVABILITÉ, DÉRIVÉES, DÉVELOPPEMENTS LIMITÉS",HAZI MOHAMMED,OPU,2018.0,ALGER,ACHAT,PRÊT EXTERNE,ENSIA
3483,"FONCTIONS RÉELLES D'UNE VARIABLE RÉELLE : DÉRIVABILITÉ, DÉRIVÉES, DÉVELOPPEMENTS LIMITÉS",HAZI MOHAMMED,OPU,2018.0,ALGER,ACHAT,PRÊT EXTERNE,ENSIA
3469,"FONCTIONS RÉELLES D'UNE VARIABLE RÉELLE : DÉRIVABILITÉ, DÉRIVÉES, DÉVELOPPEMENTS LIMITÉS",HAZI MOHAMMED,OPU,2018.0,ALGER,ACHAT,PRÊT EXTERNE,ENSIA
3470,"FONCTIONS RÉELLES D'UNE VARIABLE RÉELLE : DÉRIVABILITÉ, DÉRIVÉES, DÉVELOPPEMENTS LIMITÉS",HAZI MOHAMMED,OPU,2018.0,ALGER,ACHAT,PRÊT EXTERNE,ENSIA
3481,"FONCTIONS RÉELLES D'UNE VARIABLE RÉELLE : DÉRIVABILITÉ, DÉRIVÉES, DÉVELOPPEMENTS LIMITÉS",HAZI MOHAMMED,OPU,2018.0,ALGER,ACHAT,PRÊT EXTERNE,ENSIA
3480,"FONCTIONS RÉELLES D'UNE VARIABLE RÉELLE : DÉRIVABILITÉ, DÉRIVÉES, DÉVELOPPEMENTS LIMITÉS",HAZI MOHAMMED,OPU,2018.0,ALGER,ACHAT,PRÊT EXTERNE,ENSIA
2421,"FONCTIONS RÉELLES D'UNE VARIABLE RÉELLE : DÉRIVABILITÉ, DÉRIVÉES, DÉVELOPPEMENTS LIMITÉS",HAZI MOHAMMED,OPU,2018.0,ALGER,ACHAT,PRÊT EXTERNE,ENSIA
2386,"FONCTIONS RÉELLES D'UNE VARIABLE RÉELLE : DÉRIVABILITÉ, DÉRIVÉES, DÉVELOPPEMENTS LIMITÉS",HAZI MOHAMMED,OPU,2018.0,ALGER,ACHAT,PRÊT EXTERNE,ENSIA
2385,"FONCTIONS RÉELLES D'UNE VARIABLE RÉELLE : DÉRIVABILITÉ, DÉRIVÉES, DÉVELOPPEMENTS LIMITÉS",HAZI MOHAMMED,OPU,2018.0,ALGER,ACHAT,PRÊT EXTERNE,ENSIA
2389,"FONCTIONS RÉELLES D'UNE VARIABLE RÉELLE : DÉRIVABILITÉ, DÉRIVÉES, DÉVELOPPEMENTS LIMITÉS",HAZI MOHAMMED,OPU,2018.0,ALGER,ACHAT,PRÊT EXTERNE,ENSIA
2422,"FONCTIONS RÉELLES D'UNE VARIABLE RÉELLE : DÉRIVABILITÉ, DÉRIVÉES, DÉVELOPPEMENTS LIMITÉS",HAZI MOHAMMED,OPU,2018.0,ALGER,ACHAT,PRÊT EXTERNE,ENSIA
3478,"FONCTIONS RÉELLES D'UNE VARIABLE RÉELLE : DÉRIVABILITÉ, DÉRIVÉES, DÉVELOPPEMENTS LIMITÉS",HAZI MOHAMMED,OPU,2018.0,ALGER,ACHAT,PRÊT EXTERNE,ENSIA
3476,"FONCTIONS RÉELLES D'UNE VARIABLE RÉELLE : DÉRIVABILITÉ, DÉRIVÉES, DÉVELOPPEMENTS LIMITÉS",HAZI MOHAMMED,OPU,2018.0,ALGER,ACHAT,PRÊT EXTERNE,ENSIA
3475,"FONCTIONS RÉELLES D'UNE VARIABLE RÉELLE : DÉRIVABILITÉ, DÉRIVÉES, DÉVELOPPEMENTS LIMITÉS",HAZI MOHAMMED,OPU,2018.0,ALGER,ACHAT,PRÊT EXTERNE,ENSIA
3474,"FONCTIONS RÉELLES D'UNE VARIABLE RÉELLE : DÉRIVABILITÉ, DÉRIVÉES, DÉVELOPPEMENTS LIMITÉS",HAZI MOHAMMED,OPU,2018.0,ALGER,ACHAT,PRÊT EXTERNE,ENSIA
3473,"FONCTIONS RÉELLES D'UNE VARIABLE RÉELLE : DÉRIVABILITÉ, DÉRIVÉES, DÉVELOPPEMENTS LIMITÉS",HAZI MOHAMMED,OPU,2018.0,ALGER,ACHAT,PRÊT EXTERNE,ENSIA
3472,"FONCTIONS RÉELLES D'UNE VARIABLE RÉELLE : DÉRIVABILITÉ, DÉRIVÉES, DÉVELOPPEMENTS LIMITÉS",HAZI MOHAMMED,OPU,2018.0,ALGER,ACHAT,PRÊT EXTERNE,ENSIA
3471,"FONCTIONS RÉELLES D'UNE VARIABLE RÉELLE : DÉRIVABILITÉ, DÉRIVÉES, DÉVELOPPEMENTS LIMITÉS",HAZI MOHAMMED,OPU,2018.0,ALGER,ACHAT,PRÊT EXTERNE,ENSIA
3477,"FONCTIONS RÉELLES D'UNE VARIABLE RÉELLE : DÉRIVABILITÉ, DÉRIVÉES, DÉVELOPPEMENTS LIMITÉS",HAZI MOHAMMED,OPU,2018.0,ALGER,ACHAT,PRÊT EXTERNE,ENSIA
2390,"FONCTIONS RÉELLES D'UNE VARIABLE RÉELLE : DÉRIVABILITÉ, DÉRIVÉES, DÉVELOPPEMENTS LIMITÉS",HAZI MOHAMMED,OPU,2018.0,ALGER,ACHAT,PRÊT EXTERNE,ENSIA
2396,"FONCTIONS RÉELLES D'UNE VARIABLE RÉELLE : DÉRIVABILITÉ, DÉRIVÉES, DÉVELOPPEMENTS LIMITÉS",HAZI MOHAMMED,OPU,2018.0,ALGER,ACHAT,PRÊT EXTERNE,ENSIA
4225,"FONCTIONS RÉELLES D'UNE VARIABLE RÉELLE : DÉRIVABILITÉ, DÉRIVÉES, DÉVELOPPEMENTS LIMITÉS",HAZI MOHAMMED,OPU,2018.0,ALGER,ACHAT,PRÊT EXTERNE,ENSIA
2409,"FONCTIONS RÉELLES D'UNE VARIABLE RÉELLE : DÉRIVABILITÉ, DÉRIVÉES, DÉVELOPPEMENTS LIMITÉS",HAZI MOHAMMED,OPU,2018.0,ALGER,ACHAT,PRÊT EXTERNE,ENSIA
2410,"FONCTIONS RÉELLES D'UNE VARIABLE RÉELLE : DÉRIVABILITÉ, DÉRIVÉES, DÉVELOPPEMENTS LIMITÉS",HAZI MOHAMMED,OPU,2018.0,ALGER,ACHAT,PRÊT EXTERNE,ENSIA
2411,"FONCTIONS RÉELLES D'UNE VARIABLE RÉELLE : DÉRIVABILITÉ, DÉRIVÉES, DÉVELOPPEMENTS LIMITÉS",HAZI MOHAMMED,OPU,2018.0,ALGER,ACHAT,PRÊT EXTERNE,ENSIA
2341,"FONCTIONS RÉELLES D'UNE VARIABLE RÉELLE : DÉRIVABILITÉ, DÉRIVÉES, DÉVELOPPEMENTS LIMITÉS",HAZI MOHAMMED,OPU,2018.0,ALGER,ACHAT,PRÊT EXTERNE,ENSIA
2340,"FONCTIONS RÉELLES D'UNE VARIABLE RÉELLE : DÉRIVABILITÉ, DÉRIVÉES, DÉVELOPPEMENTS LIMITÉS",HAZI MOHAMMED,OPU,2018.0,ALGER,ACHAT,PRÊT EXTERNE,ENSIA
2412,"FONCTIONS RÉELLES D'UNE VARIABLE RÉELLE : DÉRIVABILITÉ, DÉRIVÉES, DÉVELOPPEMENTS LIMITÉS",HAZI MOHAMMED,OPU,2018.0,ALGER,ACHAT,PRÊT EXTERNE,ENSIA
2413,"FONCTIONS RÉELLES D'UNE VARIABLE RÉELLE : DÉRIVABILITÉ, DÉRIVÉES, DÉVELOPPEMENTS LIMITÉS",HAZI MOHAMMED,OPU,2018.0,ALGER,ACHAT,PRÊT EXTERNE,ENSIA
2414,"FONCTIONS RÉELLES D'UNE VARIABLE RÉELLE : DÉRIVABILITÉ, DÉRIVÉES, DÉVELOPPEMENTS LIMITÉS",HAZI MOHAMMED,OPU,2018.0,ALGER,ACHAT,PRÊT EXTERNE,ENSIA
2415,"FONCTIONS RÉELLES D'UNE VARIABLE RÉELLE : DÉRIVABILITÉ, DÉRIVÉES, DÉVELOPPEMENTS LIMITÉS",HAZI MOHAMMED,OPU,2018.0,ALGER,ACHAT,PRÊT EXTERNE,ENSIA
2416,"FONCTIONS RÉELLES D'UNE VARIABLE RÉELLE : DÉRIVABILITÉ, DÉRIVÉES, DÉVELOPPEMENTS LIMITÉS",HAZI MOHAMMED,OPU,2018.0,ALGER,ACHAT,PRÊT EXTERNE,ENSIA
2417,"FONCTIONS RÉELLES D'UNE VARIABLE RÉELLE : DÉRIVABILITÉ, DÉRIVÉES, DÉVELOPPEMENTS LIMITÉS",HAZI MOHAMMED,OPU,2018.0,ALGER,ACHAT,PRÊT EXTERNE,ENSIA
1568,"FONCTIONS RÉELLES D'UNE VARIABLE RÉELLE : DÉRIVABILITÉ, DÉRIVÉES, DÉVELOPPEMENTS LIMITÉS",HAZI MOHAMMED,OPU,2018.0,ALGER,ACHAT,PRÊT EXTERNE,ENSIA
1567,"FONCTIONS RÉELLES D'UNE VARIABLE RÉELLE : DÉRIVABILITÉ, DÉRIVÉES, DÉVELOPPEMENTS LIMITÉS",HAZI MOHAMMED,OPU,2018.0,ALGER,ACHAT,PRÊT EXTERNE,ENSIA
1566,"FONCTIONS RÉELLES D'UNE VARIABLE RÉELLE : DÉRIVABILITÉ, DÉRIVÉES, DÉVELOPPEMENTS LIMITÉS",HAZI MOHAMMED,OPU,2018.0,ALGER,ACHAT,CONSULTATION SUR PLACE,ENSIA
3486,"FONCTIONS RÉELLES D'UNE VARIABLE RÉELLE : DÉRIVABILITÉ, DÉRIVÉES, DÉVELOPPEMENTS LIMITÉS",HAZI MOHAMMED,OPU,2018.0,ALGER,ACHAT,PRÊT EXTERNE,ENSIA
2418,"FONCTIONS RÉELLES D'UNE VARIABLE RÉELLE : DÉRIVABILITÉ, DÉRIVÉES, DÉVELOPPEMENTS LIMITÉS",HAZI MOHAMMED,OPU,2018.0,ALGER,ACHAT,PRÊT EXTERNE,ENSIA
3487,"FONCTIONS RÉELLES D'UNE VARIABLE RÉELLE : DÉRIVABILITÉ, DÉRIVÉES, DÉVELOPPEMENTS LIMITÉS",HAZI MOHAMMED,OPU,2018.0,ALGER,ACHAT,PRÊT EXTERNE,ENSIA
2437,"FONCTIONS RÉELLES D'UNE VARIABLE RÉELLE : DÉRIVABILITÉ, DÉRIVÉES, DÉVELOPPEMENTS LIMITÉS",HAZI MOHAMMED,OPU,2018.0,ALGER,ACHAT,PRÊT EXTERNE,ENSIA
2438,"FONCTIONS RÉELLES D'UNE VARIABLE RÉELLE : DÉRIVABILITÉ, DÉRIVÉES, DÉVELOPPEMENTS LIMITÉS",HAZI MOHAMMED,OPU,2018.0,ALGER,ACHAT,PRÊT EXTERNE,ENSIA
2419,"FONCTIONS RÉELLES D'UNE VARIABLE RÉELLE : DÉRIVABILITÉ, DÉRIVÉES, DÉVELOPPEMENTS LIMITÉS",HAZI MOHAMMED,OPU,2018.0,ALGER,ACHAT,PRÊT EXTERNE,ENSIA
2439,"FONCTIONS RÉELLES D'UNE VARIABLE RÉELLE : DÉRIVABILITÉ, DÉRIVÉES, DÉVELOPPEMENTS LIMITÉS",HAZI MOHAMMED,OPU,2018.0,ALGER,ACHAT,PRÊT EXTERNE,ENSIA
251,"FONCTIONS RÉELLES D'UNE VARIABLE RÉELLE : DÉRIVABILITÉ, DÉRIVÉES, DÉVELOPPEMENTS LIMITÉS",HAZI MOHAMMED,OPU,2018.0,ALGER,ACHAT,PRÊT EXTERNE,ENSIA
2420,"FONCTIONS RÉELLES D'UNE VARIABLE RÉELLE : DÉRIVABILITÉ, DÉRIVÉES, DÉVELOPPEMENTS LIMITÉS",HAZI MOHAMMED,OPU,2018.0,ALGER,ACHAT,PRÊT EXTERNE,ENSIA
252,"FONCTIONS RÉELLES D'UNE VARIABLE RÉELLE : DÉRIVABILITÉ, DÉRIVÉES, DÉVELOPPEMENTS LIMITÉS",HAZI MOHAMMED,OPU,2018.0,ALGER,ACHAT,PRÊT EXTERNE,ENSIA
253,"FONCTIONS RÉELLES D'UNE VARIABLE RÉELLE : DÉRIVABILITÉ, DÉRIVÉES, DÉVELOPPEMENTS LIMITÉS",HAZI MOHAMMED,OPU,2018.0,ALGER,ACHAT,PRÊT EXTERNE,ENSIA
2408,"FONCTIONS RÉELLES D'UNE VARIABLE RÉELLE : DÉRIVABILITÉ, DÉRIVÉES, DÉVELOPPEMENTS LIMITÉS",HAZI MOHAMMED,OPU,2018.0,ALGER,ACHAT,PRÊT EXTERNE,ENSIA
4224,"FONCTIONS RÉELLES D'UNE VARIABLE RÉELLE : DÉRIVABILITÉ, DÉRIVÉES, DÉVELOPPEMENTS LIMITÉS",HAZI MOHAMMED,OPU,2018.0,ALGER,ACHAT,PRÊT EXTERNE,ENSIA
2407,"FONCTIONS RÉELLES D'UNE VARIABLE RÉELLE : DÉRIVABILITÉ, DÉRIVÉES, DÉVELOPPEMENTS LIMITÉS",HAZI MOHAMMED,OPU,2018.0,ALGER,ACHAT,PRÊT EXTERNE,ENSIA
2405,"FONCTIONS RÉELLES D'UNE VARIABLE RÉELLE : DÉRIVABILITÉ, DÉRIVÉES, DÉVELOPPEMENTS LIMITÉS",HAZI MOHAMMED,OPU,2018.0,ALGER,ACHAT,PRÊT EXTERNE,ENSIA
2391,"FONCTIONS RÉELLES D'UNE VARIABLE RÉELLE : DÉRIVABILITÉ, DÉRIVÉES, DÉVELOPPEMENTS LIMITÉS",HAZI MOHAMMED,OPU,2018.0,ALGER,ACHAT,PRÊT EXTERNE,ENSIA
4226,"FONCTIONS RÉELLES D'UNE VARIABLE RÉELLE : DÉRIVABILITÉ, DÉRIVÉES, DÉVELOPPEMENTS LIMITÉS",HAZI MOHAMMED,OPU,2018.0,ALGER,ACHAT,PRÊT EXTERNE,ENSIA
4227,"FONCTIONS RÉELLES D'UNE VARIABLE RÉELLE : DÉRIVABILITÉ, DÉRIVÉES, DÉVELOPPEMENTS LIMITÉS",HAZI MOHAMMED,OPU,2018.0,ALGER,ACHAT,PRÊT EXTERNE,ENSIA
2392,"FONCTIONS RÉELLES D'UNE VARIABLE RÉELLE : DÉRIVABILITÉ, DÉRIVÉES, DÉVELOPPEMENTS LIMITÉS",HAZI MOHAMMED,OPU,2018.0,ALGER,ACHAT,PRÊT EXTERNE,ENSIA
2393,"FONCTIONS RÉELLES D'UNE VARIABLE RÉELLE : DÉRIVABILITÉ, DÉRIVÉES, DÉVELOPPEMENTS LIMITÉS",HAZI MOHAMMED,OPU,2018.0,ALGER,ACHAT,PRÊT EXTERNE,ENSIA
4228,"FONCTIONS RÉELLES D'UNE VARIABLE RÉELLE : DÉRIVABILITÉ, DÉRIVÉES, DÉVELOPPEMENTS LIMITÉS",HAZI MOHAMMED,OPU,2018.0,ALGER,ACHAT,PRÊT EXTERNE,ENSIA
4229,"FONCTIONS RÉELLES D'UNE VARIABLE RÉELLE : DÉRIVABILITÉ, DÉRIVÉES, DÉVELOPPEMENTS LIMITÉS",HAZI MOHAMMED,OPU,2018.0,ALGER,ACHAT,PRÊT EXTERNE,ENSIA
2394,"FONCTIONS RÉELLES D'UNE VARIABLE RÉELLE : DÉRIVABILITÉ, DÉRIVÉES, DÉVELOPPEMENTS LIMITÉS",HAZI MOHAMMED,OPU,2018.0,ALGER,ACHAT,PRÊT EXTERNE,ENSIA
2395,"FONCTIONS RÉELLES D'UNE VARIABLE RÉELLE : DÉRIVABILITÉ, DÉRIVÉES, DÉVELOPPEMENTS LIMITÉS",HAZI MOHAMMED,OPU,2018.0,ALGER,ACHAT,PRÊT EXTERNE,ENSIA
2351,"FONCTIONS RÉELLES D'UNE VARIABLE RÉELLE : DÉRIVABILITÉ, DÉRIVÉES, DÉVELOPPEMENTS LIMITÉS",HAZI MOHAMMED,OPU,2018.0,ALGER,ACHAT,PRÊT EXTERNE,ENSIA
2347,"FONCTIONS RÉELLES D'UNE VARIABLE RÉELLE : DÉRIVABILITÉ, DÉRIVÉES, DÉVELOPPEMENTS LIMITÉS",HAZI MOHAMMED,OPU,2018.0,ALGER,ACHAT,PRÊT EXTERNE,ENSIA
2346,"FONCTIONS RÉELLES D'UNE VARIABLE RÉELLE : DÉRIVABILITÉ, DÉRIVÉES, DÉVELOPPEMENTS LIMITÉS",HAZI MOHAMMED,OPU,2018.0,ALGER,ACHAT,PRÊT EXTERNE,ENSIA
2345,"FONCTIONS RÉELLES D'UNE VARIABLE RÉELLE : DÉRIVABILITÉ, DÉRIVÉES, DÉVELOPPEMENTS LIMITÉS",HAZI MOHAMMED,OPU,2018.0,ALGER,ACHAT,PRÊT EXTERNE,ENSIA
2344,"FONCTIONS RÉELLES D'UNE VARIABLE RÉELLE : DÉRIVABILITÉ, DÉRIVÉES, DÉVELOPPEMENTS LIMITÉS",HAZI MOHAMMED,OPU,2018.0,ALGER,ACHAT,PRÊT EXTERNE,ENSIA
2343,"FONCTIONS RÉELLES D'UNE VARIABLE RÉELLE : DÉRIVABILITÉ, DÉRIVÉES, DÉVELOPPEMENTS LIMITÉS",HAZI MOHAMMED,OPU,2018.0,ALGER,ACHAT,PRÊT EXTERNE,ENSIA
2397,"FONCTIONS RÉELLES D'UNE VARIABLE RÉELLE : DÉRIVABILITÉ, DÉRIVÉES, DÉVELOPPEMENTS LIMITÉS",HAZI MOHAMMED,OPU,2018.0,ALGER,ACHAT,PRÊT EXTERNE,ENSIA
2342,"FONCTIONS RÉELLES D'UNE VARIABLE RÉELLE : DÉRIVABILITÉ, DÉRIVÉES, DÉVELOPPEMENTS LIMITÉS",HAZI MOHAMMED,OPU,2018.0,ALGER,ACHAT,PRÊT EXTERNE,ENSIA
1569,"FONCTIONS RÉELLES D'UNE VARIABLE RÉELLE : DÉRIVABILITÉ, DÉRIVÉES, DÉVELOPPEMENTS LIMITÉS",HAZI MOHAMMED,OPU,2018.0,ALGER,ACHAT,PRÊT EXTERNE,ENSIA
2398,"FONCTIONS RÉELLES D'UNE VARIABLE RÉELLE : DÉRIVABILITÉ, DÉRIVÉES, DÉVELOPPEMENTS LIMITÉS",HAZI MOHAMMED,OPU,2018.0,ALGER,ACHAT,PRÊT EXTERNE,ENSIA
2399,"FONCTIONS RÉELLES D'UNE VARIABLE RÉELLE : DÉRIVABILITÉ, DÉRIVÉES, DÉVELOPPEMENTS LIMITÉS",HAZI MOHAMMED,OPU,2018.0,ALGER,ACHAT,PRÊT EXTERNE,ENSIA
2400,"FONCTIONS RÉELLES D'UNE VARIABLE RÉELLE : DÉRIVABILITÉ, DÉRIVÉES, DÉVELOPPEMENTS LIMITÉS",HAZI MOHAMMED,OPU,2018.0,ALGER,ACHAT,PRÊT EXTERNE,ENSIA
2401,"FONCTIONS RÉELLES D'UNE VARIABLE RÉELLE : DÉRIVABILITÉ, DÉRIVÉES, DÉVELOPPEMENTS LIMITÉS",HAZI MOHAMMED,OPU,2018.0,ALGER,ACHAT,PRÊT EXTERNE,ENSIA
2402,"FONCTIONS RÉELLES D'UNE VARIABLE RÉELLE : DÉRIVABILITÉ, DÉRIVÉES, DÉVELOPPEMENTS LIMITÉS",HAZI MOHAMMED,OPU,2018.0,ALGER,ACHAT,PRÊT EXTERNE,ENSIA
2403,"FONCTIONS RÉELLES D'UNE VARIABLE RÉELLE : DÉRIVABILITÉ, DÉRIVÉES, DÉVELOPPEMENTS LIMITÉS",HAZI MOHAMMED,OPU,2018.0,ALGER,ACHAT,PRÊT EXTERNE,ENSIA
2404,"FONCTIONS RÉELLES D'UNE VARIABLE RÉELLE : DÉRIVABILITÉ, DÉRIVÉES, DÉVELOPPEMENTS LIMITÉS",HAZI MOHAMMED,OPU,2018.0,ALGER,ACHAT,PRÊT EXTERNE,ENSIA
2406,"FONCTIONS RÉELLES D'UNE VARIABLE RÉELLE : DÉRIVABILITÉ, DÉRIVÉES, DÉVELOPPEMENTS LIMITÉS",HAZI MOHAMMED,OPU,2018.0,ALGER,ACHAT,PRÊT EXTERNE,ENSIA
2352,"FONCTIONS RÉELLES D'UNE VARIABLE RÉELLE : DÉRIVABILITÉ, DÉRIVÉES, DÉVELOPPEMENTS LIMITÉS",HAZI MOHAMMED,OPU,2018.0,ALGER,ACHAT,PRÊT EXTERNE,ENSIA
3459,"FONCTIONS RÉELLES D'UNE VARIABLE RÉELLE : DÉRIVABILITÉ, DÉRIVÉES, DÉVELOPPEMENTS LIMITÉS",HAZI MOHAMMED,OPU,2018.0,ALGER,ACHAT,PRÊT EXTERNE,ENSIA
2375,"FONCTIONS RÉELLES D'UNE VARIABLE RÉELLE : DÉRIVABILITÉ, DÉRIVÉES, DÉVELOPPEMENTS LIMITÉS",HAZI MOHAMMED,OPU,2018.0,ALGER,ACHAT,PRÊT EXTERNE,ENSIA
2363,"FONCTIONS RÉELLES D'UNE VARIABLE RÉELLE : DÉRIVABILITÉ, DÉRIVÉES, DÉVELOPPEMENTS LIMITÉS",HAZI MOHAMMED,OPU,2018.0,ALGER,ACHAT,PRÊT EXTERNE,ENSIA
2431,"FONCTIONS RÉELLES D'UNE VARIABLE RÉELLE : DÉRIVABILITÉ, DÉRIVÉES, DÉVELOPPEMENTS LIMITÉS",HAZI MOHAMMED,OPU,2018.0,ALGER,ACHAT,PRÊT EXTERNE,ENSIA
2362,"FONCTIONS RÉELLES D'UNE VARIABLE RÉELLE : DÉRIVABILITÉ, DÉRIVÉES, DÉVELOPPEMENTS LIMITÉS",HAZI MOHAMMED,OPU,2018.0,ALGER,ACHAT,PRÊT EXTERNE,ENSIA
2361,"FONCTIONS RÉELLES D'UNE VARIABLE RÉELLE : DÉRIVABILITÉ, DÉRIVÉES, DÉVELOPPEMENTS LIMITÉS",HAZI MOHAMMED,OPU,2018.0,ALGER,ACHAT,PRÊT EXTERNE,ENSIA
2377,"FONCTIONS RÉELLES D'UNE VARIABLE RÉELLE : DÉRIVABILITÉ, DÉRIVÉES, DÉVELOPPEMENTS LIMITÉS",HAZI MOHAMMED,OPU,2018.0,ALGER,ACHAT,PRÊT EXTERNE,ENSIA
2360,"FONCTIONS RÉELLES D'UNE VARIABLE RÉELLE : DÉRIVABILITÉ, DÉRIVÉES, DÉVELOPPEMENTS LIMITÉS",HAZI MOHAMMED,OPU,2018.0,ALGER,ACHAT,PRÊT EXTERNE,ENSIA
2432,"FONCTIONS RÉELLES D'UNE VARIABLE RÉELLE : DÉRIVABILITÉ, DÉRIVÉES, DÉVELOPPEMENTS LIMITÉS",HAZI MOHAMMED,OPU,2018.0,ALGER,ACHAT,PRÊT EXTERNE,ENSIA
2433,"FONCTIONS RÉELLES D'UNE VARIABLE RÉELLE : DÉRIVABILITÉ, DÉRIVÉES, DÉVELOPPEMENTS LIMITÉS",HAZI MOHAMMED,OPU,2018.0,ALGER,ACHAT,PRÊT EXTERNE,ENSIA
2434,"FONCTIONS RÉELLES D'UNE VARIABLE RÉELLE : DÉRIVABILITÉ, DÉRIVÉES, DÉVELOPPEMENTS LIMITÉS",HAZI MOHAMMED,OPU,2018.0,ALGER,ACHAT,PRÊT EXTERNE,ENSIA
2435,"FONCTIONS RÉELLES D'UNE VARIABLE RÉELLE : DÉRIVABILITÉ, DÉRIVÉES, DÉVELOPPEMENTS LIMITÉS",HAZI MOHAMMED,OPU,2018.0,ALGER,ACHAT,PRÊT EXTERNE,ENSIA
1576,"FONCTIONS RÉELLES D'UNE VARIABLE RÉELLE : DÉRIVABILITÉ, DÉRIVÉES, DÉVELOPPEMENTS LIMITÉS",HAZI MOHAMMED,OPU,2018.0,ALGER,ACHAT,PRÊT EXTERNE,ENSIA
2436,"FONCTIONS RÉELLES D'UNE VARIABLE RÉELLE : DÉRIVABILITÉ, DÉRIVÉES, DÉVELOPPEMENTS LIMITÉS",HAZI MOHAMMED,OPU,2018.0,ALGER,ACHAT,PRÊT EXTERNE,ENSIA
1575,"FONCTIONS RÉELLES D'UNE VARIABLE RÉELLE : DÉRIVABILITÉ, DÉRIVÉES, DÉVELOPPEMENTS LIMITÉS",HAZI MOHAMMED,OPU,2018.0,ALGER,ACHAT,PRÊT EXTERNE,ENSIA
1574,"FONCTIONS RÉELLES D'UNE VARIABLE RÉELLE : DÉRIVABILITÉ, DÉRIVÉES, DÉVELOPPEMENTS LIMITÉS",HAZI MOHAMMED,OPU,2018.0,ALGER,ACHAT,PRÊT EXTERNE,ENSIA
1573,"FONCTIONS RÉELLES D'UNE VARIABLE RÉELLE : DÉRIVABILITÉ, DÉRIVÉES, DÉVELOPPEMENTS LIMITÉS",HAZI MOHAMMED,OPU,2018.0,ALGER,ACHAT,PRÊT EXTERNE,ENSIA
2364,"FONCTIONS RÉELLES D'UNE VARIABLE RÉELLE : DÉRIVABILITÉ, DÉRIVÉES, DÉVELOPPEMENTS LIMITÉS",HAZI MOHAMMED,OPU,2018.0,ALGER,ACHAT,PRÊT EXTERNE,ENSIA
2365,"FONCTIONS RÉELLES D'UNE VARIABLE RÉELLE : DÉRIVABILITÉ, DÉRIVÉES, DÉVELOPPEMENTS LIMITÉS",HAZI MOHAMMED,OPU,2018.0,ALGER,ACHAT,PRÊT EXTERNE,ENSIA
2366,"FONCTIONS RÉELLES D'UNE VARIABLE RÉELLE : DÉRIVABILITÉ, DÉRIVÉES, DÉVELOPPEMENTS LIMITÉS",HAZI MOHAMMED,OPU,2018.0,ALGER,ACHAT,PRÊT EXTERNE,ENSIA
2376,"FONCTIONS RÉELLES D'UNE VARIABLE RÉELLE : DÉRIVABILITÉ, DÉRIVÉES, DÉVELOPPEMENTS LIMITÉS",HAZI MOHAMMED,OPU,2018.0,ALGER,ACHAT,PRÊT EXTERNE,ENSIA
2430,"FONCTIONS RÉELLES D'UNE VARIABLE RÉELLE : DÉRIVABILITÉ, DÉRIVÉES, DÉVELOPPEMENTS LIMITÉS",HAZI MOHAMMED,OPU,2018.0,ALGER,ACHAT,PRÊT EXTERNE,ENSIA
2429,"FONCTIONS RÉELLES D'UNE VARIABLE RÉELLE : DÉRIVABILITÉ, DÉRIVÉES, DÉVELOPPEMENTS LIMITÉS",HAZI MOHAMMED,OPU,2018.0,ALGER,ACHAT,PRÊT EXTERNE,ENSIA
2428,"FONCTIONS RÉELLES D'UNE VARIABLE RÉELLE : DÉRIVABILITÉ, DÉRIVÉES, DÉVELOPPEMENTS LIMITÉS",HAZI MOHAMMED,OPU,2018.0,ALGER,ACHAT,PRÊT EXTERNE,ENSIA
2427,"FONCTIONS RÉELLES D'UNE VARIABLE RÉELLE : DÉRIVABILITÉ, DÉRIVÉES, DÉVELOPPEMENTS LIMITÉS",HAZI MOHAMMED,OPU,2018.0,ALGER,ACHAT,PRÊT EXTERNE,ENSIA
2426,"FONCTIONS RÉELLES D'UNE VARIABLE RÉELLE : DÉRIVABILITÉ, DÉRIVÉES, DÉVELOPPEMENTS LIMITÉS",HAZI MOHAMMED,OPU,2018.0,ALGER,ACHAT,PRÊT EXTERNE,ENSIA
1577,"FONCTIONS RÉELLES D'UNE VARIABLE RÉELLE : DÉRIVABILITÉ, DÉRIVÉES, DÉVELOPPEMENTS LIMITÉS",HAZI MOHAMMED,OPU,2018.0,ALGER,ACHAT,PRÊT EXTERNE,ENSIA
1578,"FONCTIONS RÉELLES D'UNE VARIABLE RÉELLE : DÉRIVABILITÉ, DÉRIVÉES, DÉVELOPPEMENTS LIMITÉS",HAZI MOHAMMED,OPU,2018.0,ALGER,ACHAT,PRÊT EXTERNE,ENSIA
2378,"FONCTIONS RÉELLES D'UNE VARIABLE RÉELLE : DÉRIVABILITÉ, DÉRIVÉES, DÉVELOPPEMENTS LIMITÉS",HAZI MOHAMMED,OPU,2018.0,ALGER,ACHAT,PRÊT EXTERNE,ENSIA
1571,"FONCTIONS RÉELLES D'UNE VARIABLE RÉELLE : DÉRIVABILITÉ, DÉRIVÉES, DÉVELOPPEMENTS LIMITÉS",HAZI MOHAMMED,OPU,2018.0,ALGER,ACHAT,PRÊT EXTERNE,ENSIA
2373,"FONCTIONS RÉELLES D'UNE VARIABLE RÉELLE : DÉRIVABILITÉ, DÉRIVÉES, DÉVELOPPEMENTS LIMITÉS",HAZI MOHAMMED,OPU,2018.0,ALGER,ACHAT,PRÊT EXTERNE,ENSIA
2372,"FONCTIONS RÉELLES D'UNE VARIABLE RÉELLE : DÉRIVABILITÉ, DÉRIVÉES, DÉVELOPPEMENTS LIMITÉS",HAZI MOHAMMED,OPU,2018.0,ALGER,ACHAT,PRÊT EXTERNE,ENSIA
2371,"FONCTIONS RÉELLES D'UNE VARIABLE RÉELLE : DÉRIVABILITÉ, DÉRIVÉES, DÉVELOPPEMENTS LIMITÉS",HAZI MOHAMMED,OPU,2018.0,ALGER,ACHAT,PRÊT EXTERNE,ENSIA
2370,"FONCTIONS RÉELLES D'UNE VARIABLE RÉELLE : DÉRIVABILITÉ, DÉRIVÉES, DÉVELOPPEMENTS LIMITÉS",HAZI MOHAMMED,OPU,2018.0,ALGER,ACHAT,PRÊT EXTERNE,ENSIA
2369,"FONCTIONS RÉELLES D'UNE VARIABLE RÉELLE : DÉRIVABILITÉ, DÉRIVÉES, DÉVELOPPEMENTS LIMITÉS",HAZI MOHAMMED,OPU,2018.0,ALGER,ACHAT,PRÊT EXTERNE,ENSIA
2368,"FONCTIONS RÉELLES D'UNE VARIABLE RÉELLE : DÉRIVABILITÉ, DÉRIVÉES, DÉVELOPPEMENTS LIMITÉS",HAZI MOHAMMED,OPU,2018.0,ALGER,ACHAT,PRÊT EXTERNE,ENSIA
2367,"FONCTIONS RÉELLES D'UNE VARIABLE RÉELLE : DÉRIVABILITÉ, DÉRIVÉES, DÉVELOPPEMENTS LIMITÉS",HAZI MOHAMMED,OPU,2018.0,ALGER,ACHAT,PRÊT EXTERNE,ENSIA
2374,"FONCTIONS RÉELLES D'UNE VARIABLE RÉELLE : DÉRIVABILITÉ, DÉRIVÉES, DÉVELOPPEMENTS LIMITÉS",HAZI MOHAMMED,OPU,2018.0,ALGER,ACHAT,PRÊT EXTERNE,ENSIA
1572,"FONCTIONS RÉELLES D'UNE VARIABLE RÉELLE : DÉRIVABILITÉ, DÉRIVÉES, DÉVELOPPEMENTS LIMITÉS",HAZI MOHAMMED,OPU,2018.0,ALGER,ACHAT,PRÊT EXTERNE,ENSIA
254,"FONCTIONS RÉELLES D'UNE VARIABLE RÉELLE : DÉRIVABILITÉ, DÉRIVÉES, DÉVELOPPEMENTS LIMITÉS",HAZI MOHAMMED,OPU,2018.0,ALGER,ACHAT,PRÊT EXTERNE,ENSIA
2358,"FONCTIONS RÉELLES D'UNE VARIABLE RÉELLE : DÉRIVABILITÉ, DÉRIVÉES, DÉVELOPPEMENTS LIMITÉS",HAZI MOHAMMED,OPU,2018.0,ALGER,ACHAT,PRÊT EXTERNE,ENSIA
2379,"FONCTIONS RÉELLES D'UNE VARIABLE RÉELLE : DÉRIVABILITÉ, DÉRIVÉES, DÉVELOPPEMENTS LIMITÉS",HAZI MOHAMMED,OPU,2018.0,ALGER,ACHAT,PRÊT EXTERNE,ENSIA
2380,"FONCTIONS RÉELLES D'UNE VARIABLE RÉELLE : DÉRIVABILITÉ, DÉRIVÉES, DÉVELOPPEMENTS LIMITÉS",HAZI MOHAMMED,OPU,2018.0,ALGER,ACHAT,PRÊT EXTERNE,ENSIA
2381,"FONCTIONS RÉELLES D'UNE VARIABLE RÉELLE : DÉRIVABILITÉ, DÉRIVÉES, DÉVELOPPEMENTS LIMITÉS",HAZI MOHAMMED,OPU,2018.0,ALGER,ACHAT,PRÊT EXTERNE,ENSIA
2353,"FONCTIONS RÉELLES D'UNE VARIABLE RÉELLE : DÉRIVABILITÉ, DÉRIVÉES, DÉVELOPPEMENTS LIMITÉS",HAZI MOHAMMED,OPU,2018.0,ALGER,ACHAT,PRÊT EXTERNE,ENSIA
2382,"FONCTIONS RÉELLES D'UNE VARIABLE RÉELLE : DÉRIVABILITÉ, DÉRIVÉES, DÉVELOPPEMENTS LIMITÉS",HAZI MOHAMMED,OPU,2018.0,ALGER,ACHAT,PRÊT EXTERNE,ENSIA
2383,"FONCTIONS RÉELLES D'UNE VARIABLE RÉELLE : DÉRIVABILITÉ, DÉRIVÉES, DÉVELOPPEMENTS LIMITÉS",HAZI MOHAMMED,OPU,2018.0,ALGER,ACHAT,PRÊT EXTERNE,ENSIA
1579,"FONCTIONS RÉELLES D'UNE VARIABLE RÉELLE : DÉRIVABILITÉ, DÉRIVÉES, DÉVELOPPEMENTS LIMITÉS",HAZI MOHAMMED,OPU,2018.0,ALGER,ACHAT,PRÊT EXTERNE,ENSIA
2354,"FONCTIONS RÉELLES D'UNE VARIABLE RÉELLE : DÉRIVABILITÉ, DÉRIVÉES, DÉVELOPPEMENTS LIMITÉS",HAZI MOHAMMED,OPU,2018.0,ALGER,ACHAT,PRÊT EXTERNE,ENSIA
2355,"FONCTIONS RÉELLES D'UNE VARIABLE RÉELLE : DÉRIVABILITÉ, DÉRIVÉES, DÉVELOPPEMENTS LIMITÉS",HAZI MOHAMMED,OPU,2018.0,ALGER,ACHAT,PRÊT EXTERNE,ENSIA
2356,"FONCTIONS RÉELLES D'UNE VARIABLE RÉELLE : DÉRIVABILITÉ, DÉRIVÉES, DÉVELOPPEMENTS LIMITÉS",HAZI MOHAMMED,OPU,2018.0,ALGER,ACHAT,PRÊT EXTERNE,ENSIA
2384,"FONCTIONS RÉELLES D'UNE VARIABLE RÉELLE : DÉRIVABILITÉ, DÉRIVÉES, DÉVELOPPEMENTS LIMITÉS",HAZI MOHAMMED,OPU,2018.0,ALGER,ACHAT,PRÊT EXTERNE,ENSIA
1580,"FONCTIONS RÉELLES D'UNE VARIABLE RÉELLE : DÉRIVABILITÉ, DÉRIVÉES, DÉVELOPPEMENTS LIMITÉS",HAZI MOHAMMED,OPU,2018.0,ALGER,ACHAT,PRÊT EXTERNE,ENSIA
2357,"FONCTIONS RÉELLES D'UNE VARIABLE RÉELLE : DÉRIVABILITÉ, DÉRIVÉES, DÉVELOPPEMENTS LIMITÉS",HAZI MOHAMMED,OPU,2018.0,ALGER,ACHAT,PRÊT EXTERNE,ENSIA
2425,"FONCTIONS RÉELLES D'UNE VARIABLE RÉELLE : DÉRIVABILITÉ, DÉRIVÉES, DÉVELOPPEMENTS LIMITÉS",HAZI MOHAMMED,OPU,2018.0,ALGER,ACHAT,PRÊT EXTERNE,ENSIA
1582,"FONCTIONS RÉELLES D'UNE VARIABLE RÉELLE : DÉRIVABILITÉ, DÉRIVÉES, DÉVELOPPEMENTS LIMITÉS",HAZI MOHAMMED,OPU,2018.0,ALGER,ACHAT,PRÊT EXTERNE,ENSIA
2424,"FONCTIONS RÉELLES D'UNE VARIABLE RÉELLE : DÉRIVABILITÉ, DÉRIVÉES, DÉVELOPPEMENTS LIMITÉS",HAZI MOHAMMED,OPU,2018.0,ALGER,ACHAT,PRÊT EXTERNE,ENSIA
2359,"FONCTIONS RÉELLES D'UNE VARIABLE RÉELLE : DÉRIVABILITÉ, DÉRIVÉES, DÉVELOPPEMENTS LIMITÉS",HAZI MOHAMMED,OPU,2018.0,ALGER,ACHAT,PRÊT EXTERNE,ENSIA
1583,"FONCTIONS RÉELLES D'UNE VARIABLE RÉELLE : DÉRIVABILITÉ, DÉRIVÉES, DÉVELOPPEMENTS LIMITÉS",HAZI MOHAMMED,OPU,2018.0,ALGER,ACHAT,PRÊT EXTERNE,ENSIA
1584,"FONCTIONS RÉELLES D'UNE VARIABLE RÉELLE : DÉRIVABILITÉ, DÉRIVÉES, DÉVELOPPEMENTS LIMITÉS",HAZI MOHAMMED,OPU,2018.0,ALGER,ACHAT,PRÊT EXTERNE,ENSIA
1581,"FONCTIONS RÉELLES D'UNE VARIABLE RÉELLE : DÉRIVABILITÉ, DÉRIVÉES, DÉVELOPPEMENTS LIMITÉS",HAZI MOHAMMED,OPU,2018.0,ALGER,ACHAT,PRÊT EXTERNE,ENSIA
880,FONDEMENTS MATHÉMATIQUES DE L'INFORMATIQUE,"STERN, JACQUES",SCIENCE INTERNATIONAL,1994.0,PARIS,DON,CONSULTATION SUR PLACE,ENSIA
881,FONDEMENTS MATHÉMATIQUES DE L'INFORMATIQUE,"STERN, JACQUES",SCIENCE INTERNATIONAL,1994.0,PARIS,DON,PRÊT EXTERNE,ENSIA
986,"FORMULES DE TAYLOR, DÉVELOPPEMENTS LIMITÉS : L1, L2, L3, CLASSES PRÉPARATOIRES","MORVAN, JEAN-MARIE",UNKNOWN_EDITOR,2008.0,PARIS,DON,PRÊT EXTERNE,ENSIA
985,"FORMULES DE TAYLOR, DÉVELOPPEMENTS LIMITÉS : L1, L2, L3, CLASSES PRÉPARATOIRES","MORVAN, JEAN-MARIE",UNKNOWN_EDITOR,2008.0,PARIS,ACHAT,PRÊT EXTERNE,ENSIA
1104,"FORMULES DE TAYLOR, DÉVELOPPEMENTS LIMITÉS : L1, L2, L3, CLASSES PRÉPARATOIRES","MORVAN, JEAN-MARIE",UNKNOWN_EDITOR,2008.0,PARIS,ACHAT,PRÊT EXTERNE,ENSIA
988,"FORMULES DE TAYLOR, DÉVELOPPEMENTS LIMITÉS : L1, L2, L3, CLASSES PRÉPARATOIRES","MORVAN, JEAN-MARIE",UNKNOWN_EDITOR,2008.0,PARIS,PASSIF,PRÊT EXTERNE,ENSIA
1105,"FORMULES DE TAYLOR, DÉVELOPPEMENTS LIMITÉS : L1, L2, L3, CLASSES PRÉPARATOIRES","MORVAN, JEAN-MARIE",UNKNOWN_EDITOR,2008.0,PARIS,DON,PRÊT EXTERNE,ENSIA
1107,FORMULES ET TABLES DE MATHÉMATIQUES,"SPIEGEL, MURRAY R.",UNKNOWN_EDITOR,1974.0,PARIS,DON,PRÊT EXTERNE,ENSIA
1106,FORMULES ET TABLES DE MATHÉMATIQUES,"SPIEGEL, MURRAY R.",UNKNOWN_EDITOR,1974.0,PARIS,DON,PRÊT EXTERNE,ENSIA
3770,FOUNDATIONS OF MACHINE LEARNING,"MOHRI, MEHRYAR",UNKNOWN_EDITOR,2018.0,UNKNOWN_LOCATION,ACHAT,PRÊT EXTERNE,ENSIA
3769,FOUNDATIONS OF MACHINE LEARNING,"MOHRI, MEHRYAR",UNKNOWN_EDITOR,2018.0,UNKNOWN_LOCATION,ACHAT,CONSULTATION SUR PLACE,ENSIA
645,FOURMIS ARTIFICIELLES,"MONMARCHÉ, NICOLAS",UNKNOWN_EDITOR,2009.0,PARIS,ACHAT,PRÊT EXTERNE,ENSIA
643,FOURMIS ARTIFICIELLES,"MONMARCHÉ, NICOLAS",UNKNOWN_EDITOR,2009.0,PARIS,ACHAT,CONSULTATION SUR PLACE,ENSIA
644,FOURMIS ARTIFICIELLES,"MONMARCHÉ, NICOLAS",UNKNOWN_EDITOR,2009.0,PARIS,ACHAT,PRÊT EXTERNE,ENSIA
3697,FROM ENGLISH COLONIESTO AMERICAN REPUBLIC THE FORMATION OF THE NATIO,UNKNOWN_AUTHOR,UNKNOWN_EDITOR,UNKNOWN_YEAR,UNKNOWN_LOCATION,ACHAT,PRÊT EXTERNE,ENSIA
3698,FROM ENGLISH COLONIESTO AMERICAN REPUBLIC THE FORMATION OF THE NATIO,UNKNOWN_AUTHOR,UNKNOWN_EDITOR,UNKNOWN_YEAR,UNKNOWN_LOCATION,ACHAT,PRÊT EXTERNE,ENSIA
3696,FROM ENGLISH COLONIESTO AMERICAN REPUBLIC THE FORMATION OF THE NATIO,UNKNOWN_AUTHOR,UNKNOWN_EDITOR,UNKNOWN_YEAR,UNKNOWN_LOCATION,ACHAT,PRÊT EXTERNE,ENSIA
3695,FROM ENGLISH COLONIESTO AMERICAN REPUBLIC THE FORMATION OF THE NATIO,UNKNOWN_AUTHOR,UNKNOWN_EDITOR,UNKNOWN_YEAR,UNKNOWN_LOCATION,ACHAT,PRÊT EXTERNE,ENSIA
3699,FROM ENGLISH COLONIESTO AMERICAN REPUBLIC THE FORMATION OF THE NATIO,UNKNOWN_AUTHOR,UNKNOWN_EDITOR,UNKNOWN_YEAR,UNKNOWN_LOCATION,ACHAT,PRÊT EXTERNE,ENSIA
3723,FUNDAMENTALS OF DATABASE SYSTEMS,"ELMEZ ,ELMASRI",UNKNOWN_EDITOR,2017.0,UNKNOWN_LOCATION,ACHAT,PRÊT EXTERNE,ENSIA
3724,FUNDAMENTALS OF DATABASE SYSTEMS,"ELMEZ ,ELMASRI",UNKNOWN_EDITOR,2017.0,UNKNOWN_LOCATION,ACHAT,CONSULTATION SUR PLACE,ENSIA
3722,FUNDAMENTALS OF DATABASE SYSTEMS,"ELMEZ ,ELMASRI",UNKNOWN_EDITOR,2017.0,UNKNOWN_LOCATION,ACHAT,PRÊT EXTERNE,ENSIA
356,"GEOCOMPUTATION, SECOND EDITION",ABRAHART ROBERT J,CRC PRESS,2014.0,USA,ACHAT,PRÊT EXTERNE,ENSIA
3873,GETTING STARTED WITH ARDUINO : THE OPEN SOURCE ELECTRONICS PROTOTYPING PLATFORM,BANZI; MASSIMO,UNKNOWN_EDITOR,2022.0,UNKNOWN_LOCATION,ACHAT,PRÊT EXTERNE,ENSIA
3879,GIVING ACADEMIC PRESENTATIONS,"REINHART, SUSAN M",UNKNOWN_EDITOR,2013.0,UNKNOWN_LOCATION,ACHAT,PRÊT EXTERNE,ENSIA
67,GLOBALISATION ECONOMIQUE ET SECURITE INTERNATIONALE : INTRODUCTION ALA GÉOÉCONOMIE,FONTANEL JACQUES,OPU,2018.0,ALGER,ACHAT,CONSULTATION SUR PLACE,ENSIA
202,GROUPES ANNEAUX CORPS,ZIZI KHELIFA,OPU,2016.0,ALGER,ACHAT,CONSULTATION SUR PLACE,ENSIA
205,GROUPES ANNEAUX CORPS,ZIZI KHELIFA,OPU,2016.0,ALGER,ACHAT,PRÊT EXTERNE,ENSIA
204,GROUPES ANNEAUX CORPS,ZIZI KHELIFA,OPU,2016.0,ALGER,ACHAT,PRÊT EXTERNE,ENSIA
203,GROUPES ANNEAUX CORPS,ZIZI KHELIFA,OPU,2016.0,ALGER,ACHAT,PRÊT EXTERNE,ENSIA
69,GUERRES ET CONFLITS ÉCONOMIQUES,FONTANEL JACQUES,OPU,2005.0,ALGER,ACHAT,CONSULTATION SUR PLACE,ENSIA
737,"GUIDE DE MÉTHODOLOGIE DE LA RECHERCHE POST- GRADUÉE : MÉMOIRES DE LICENCE ET DE MAGISTÉRE, THÉSE DE DOCTORAT APPLICATION AU DOMAINE DES SCIENCES COMMERCIALES","ZELLAL, NACIRA",OPU,2009.0,ALGER,DON,CONSULTATION SUR PLACE,ENSIA
527,GÉNIE DES PROCÉDÉS ALIMENTAIRES : DES BASES AUX APPLICATIONS,"BIMBENET, JEAN-JACQUES",DUNOD,2021.0,FRANCE,ACHAT,PRÊT EXTERNE,ENSIA
526,GÉNIE DES PROCÉDÉS ALIMENTAIRES : DES BASES AUX APPLICATIONS,"BIMBENET, JEAN-JACQUES",DUNOD,2021.0,FRANCE,ACHAT,PRÊT EXTERNE,ENSIA
525,GÉNIE DES PROCÉDÉS ALIMENTAIRES : DES BASES AUX APPLICATIONS,"BIMBENET, JEAN-JACQUES",DUNOD,2021.0,FRANCE,ACHAT,CONSULTATION SUR PLACE,ENSIA
1225,GÉNIE LOGICIEL,"GUSTAFSON, DAVID",EDISCIENCE INTERNATIONAL,2003.0,PARIS,DON,PRÊT EXTERNE,ENSIA
771,GÉNIE LOGICIEL,"GUSTAFSON, DAVID",EDISCIENCE INTERNATIONAL,2003.0,PARIS,PASSIF,PRÊT EXTERNE,ENSIA
770,GÉNIE LOGICIEL,"GUSTAFSON, DAVID",EDISCIENCE INTERNATIONAL,2003.0,PARIS,PASSIF,PRÊT EXTERNE,ENSIA
1224,GÉNIE LOGICIEL,"GUSTAFSON, DAVID",EDISCIENCE INTERNATIONAL,2003.0,PARIS,DON,PRÊT EXTERNE,ENSIA
530,"GÉNIE MÉCANIQUE : CONCEPTION, MATÉRIAUX, FABRICATION, APPLICATIONS INDUSTRIELLES","MAUREL, JEAN-FRANÇOIS",DUNOD,2021.0,FRANCE,ACHAT,PRÊT EXTERNE,ENSIA
529,"GÉNIE MÉCANIQUE : CONCEPTION, MATÉRIAUX, FABRICATION, APPLICATIONS INDUSTRIELLES","MAUREL, JEAN-FRANÇOIS",DUNOD,2021.0,FRANCE,ACHAT,PRÊT EXTERNE,ENSIA
528,"GÉNIE MÉCANIQUE : CONCEPTION, MATÉRIAUX, FABRICATION, APPLICATIONS INDUSTRIELLES","MAUREL, JEAN-FRANÇOIS",DUNOD,2021.0,FRANCE,ACHAT,CONSULTATION SUR PLACE,ENSIA
1246,GÉOMÉTRIE DIF FÉRENTIELLE ET MÉCANIQUE ANALYTIQUE,GODBILLON; CLAUDE,UNKNOWN_EDITOR,1969.0,PARIS,DON,PRÊT EXTERNE,ENSIA
68,GÉOÉCONOMIE DE LA GLOBALISATION,FONTANEL JACQUES,OPU,2005.0,ALGER,ACHAT,CONSULTATION SUR PLACE,ENSIA
357,HAAR WAVELETS: WITH APPLICATIONS,LEPIK U¨LO,SPRINGER,2014.0,USA,ACHAT,PRÊT EXTERNE,ENSIA
3742,"HANDS ON MACHINE LEARNING WITH SCIKIT-LEARN, KERAS, AND TENSORFLOW : CONCEPTS, TOOLS, AND TECHNIQUES TO BUILD INTELLIGENT SYSTEMS","GÉRON,AURÉLIEN",UNKNOWN_EDITOR,2019.0,CHINA,ACHAT,PRÊT EXTERNE,ENSIA
3743,"HANDS ON MACHINE LEARNING WITH SCIKIT-LEARN, KERAS, AND TENSORFLOW : CONCEPTS, TOOLS, AND TECHNIQUES TO BUILD INTELLIGENT SYSTEMS","GÉRON,AURÉLIEN",UNKNOWN_EDITOR,2019.0,CHINA,ACHAT,PRÊT EXTERNE,ENSIA
3744,"HANDS ON MACHINE LEARNING WITH SCIKIT-LEARN, KERAS, AND TENSORFLOW : CONCEPTS, TOOLS, AND TECHNIQUES TO BUILD INTELLIGENT SYSTEMS","GÉRON,AURÉLIEN",UNKNOWN_EDITOR,2019.0,CHINA,ACHAT,PRÊT EXTERNE,ENSIA
359,"HARMONICS, POWER SYSTEMS, AND SMART GRIDS",DE LA ROSA RANCISCO C,CRC PRESS,2015.0,USA,ACHAT,PRÊT EXTERNE,ENSIA
360,"HARMONICS, POWER SYSTEMS, AND SMART GRIDS",DE LA ROSA RANCISCO C,CRC PRESS,2015.0,USA,ACHAT,PRÊT EXTERNE,ENSIA
361,"HARMONICS, POWER SYSTEMS, AND SMART GRIDS",DE LA ROSA RANCISCO C,CRC PRESS,2015.0,USA,ACHAT,PRÊT EXTERNE,ENSIA
358,"HARMONICS, POWER SYSTEMS, AND SMART GRIDS",DE LA ROSA RANCISCO C,CRC PRESS,2015.0,USA,ACHAT,PRÊT EXTERNE,ENSIA
224,HISTOIRE DES SCIENCES,ZELLA LAKHDAR,OPU,2016.0,ALGER,ACHAT,CONSULTATION SUR PLACE,ENSIA
109,HISTOIRE DES SCIENCES - INTRODUCTION ET DECOUVERTE,ABDELKADER KHELLADI,OPU,2005.0,UNKNOWN_LOCATION,ACHAT,PRÊT EXTERNE,ENSIA
110,HISTOIRE DES SCIENCES - INTRODUCTION ET DECOUVERTE,ABDELKADER KHELLADI,OPU,2005.0,UNKNOWN_LOCATION,ACHAT,PRÊT EXTERNE,ENSIA
107,HISTOIRE DES SCIENCES - INTRODUCTION ET DECOUVERTE,ABDELKADER KHELLADI,OPU,2005.0,UNKNOWN_LOCATION,ACHAT,CONSULTATION SUR PLACE,ENSIA
108,HISTOIRE DES SCIENCES - INTRODUCTION ET DECOUVERTE,ABDELKADER KHELLADI,OPU,2005.0,UNKNOWN_LOCATION,ACHAT,PRÊT EXTERNE,ENSIA
812,HISTOIRES DES SCIENCES : INTRODUCTION ET DECOUVERTE,"KHELLADI, ABDELKADER",OPU,2009.0,ALGER,PASSIF,PRÊT EXTERNE,ENSIA
3855,HOW COMPUTERS WORK : THE EVOLUTION OF TECHNOLOGY,"WHITE, RON",UNKNOWN_EDITOR,2015.0,UNKNOWN_LOCATION,ACHAT,CONSULTATION SUR PLACE,ENSIA
736,HOW TO DO A RESEARCH PROJECT : A GUIDE FOR UNDERGRADUATE STUDENTS,"ROBSON, COLIN",WILEY,2014.0,NEW YORK,DON,PRÊT EXTERNE,ENSIA
3791,HOW TO TEACH BUSINESS ENGLISH,"FRENDO,EVAN",UNKNOWN_EDITOR,2005.0,ENGLAND,ACHAT,PRÊT EXTERNE,ENSIA
3792,HOW TO TEACH BUSINESS ENGLISH,"FRENDO,EVAN",UNKNOWN_EDITOR,2005.0,ENGLAND,ACHAT,PRÊT EXTERNE,ENSIA
3793,HOW TO TEACH BUSINESS ENGLISH,"FRENDO,EVAN",UNKNOWN_EDITOR,2005.0,ENGLAND,ACHAT,PRÊT EXTERNE,ENSIA
362,"IMAGE ANALYSIS, CLASSIFICATION, AND CHANGE DETECTION IN REMOTE SENSING : WITH ALGORITHMS FOR ENVI/IDL",REMOTE SENSING--MATHEMATICS,CRC PRESS,2015.0,USA,ACHAT,PRÊT EXTERNE,ENSIA
363,INDOOR WAYFINDING AND NAVIGATION,A KARIMI HASSAN,CRC PRESS,2015.0,USA,ACHAT,PRÊT EXTERNE,ENSIA
446,INFORMATIQUE AVEC PYTHON : PRÉPAS SCIENTIFIQUES 1RE ANNÉE : EXERCICES INCONTOURNABLES,"BEURY, JEAN-NOEL",DUNOD,2021.0,PARIS,ACHAT,CONSULTATION SUR PLACE,ENSIA
447,INFORMATIQUE AVEC PYTHON : PRÉPAS SCIENTIFIQUES 1RE ANNÉE : EXERCICES INCONTOURNABLES,"BEURY, JEAN-NOEL",DUNOD,2021.0,PARIS,ACHAT,PRÊT EXTERNE,ENSIA
450,INFORMATIQUE AVEC PYTHON : PRÉPAS SCIENTIFIQUES 1RE ANNÉE : EXERCICES INCONTOURNABLES,"BEURY, JEAN-NOEL",DUNOD,2021.0,PARIS,ACHAT,PRÊT EXTERNE,ENSIA
449,INFORMATIQUE AVEC PYTHON : PRÉPAS SCIENTIFIQUES 1RE ANNÉE : EXERCICES INCONTOURNABLES,"BEURY, JEAN-NOEL",DUNOD,2021.0,PARIS,ACHAT,PRÊT EXTERNE,ENSIA
448,INFORMATIQUE AVEC PYTHON : PRÉPAS SCIENTIFIQUES 1RE ANNÉE : EXERCICES INCONTOURNABLES,"BEURY, JEAN-NOEL",DUNOD,2021.0,PARIS,ACHAT,PRÊT EXTERNE,ENSIA
730,INFORMATIQUE DIFFUSE : DES CONCEPTS À LA RÉALITÉ,"BANÂTRE, MICHEL",HERMES SCIENCE PUBLICATION,2007.0,PARIS,DON,CONSULTATION SUR PLACE,ENSIA
728,INFORMATIQUE ET INTELLIGENCE AMBIANTE : DES CAPTEURS AUX APPLICATIONS,"CALVARY, GAËLLE",HERMES SCIENCE PUBLICATIONS-LAVOISIER,2012.0,PARIS,DON,CONSULTATION SUR PLACE,ENSIA
726,INFORMATIQUE ET NUMÉRIQUE À L'USAGE DES SENIORS,"GERMAIN, MICHELE",ED. DU PUITS FLEURI,2012.0,H?ERICY,DON,CONSULTATION SUR PLACE,ENSIA
272,INITIATION A L'APPRETISSAGE AUTOMATIQUE,TAFFAR MOKHTAR,OPU,2018.0,ALGER,ACHAT,PRÊT EXTERNE,ENSIA
271,INITIATION A L'APPRETISSAGE AUTOMATIQUE,TAFFAR MOKHTAR,OPU,2018.0,ALGER,ACHAT,CONSULTATION SUR PLACE,ENSIA
3576,INITIATION A L'APPRETISSAGE AUTOMATIQUE,TAFFAR MOKHTAR,OPU,2018.0,ALGER,ACHAT,PRÊT EXTERNE,ENSIA
3577,INITIATION A L'APPRETISSAGE AUTOMATIQUE,TAFFAR MOKHTAR,OPU,2018.0,ALGER,ACHAT,PRÊT EXTERNE,ENSIA
3574,INITIATION A L'APPRETISSAGE AUTOMATIQUE,TAFFAR MOKHTAR,OPU,2018.0,ALGER,ACHAT,PRÊT EXTERNE,ENSIA
3575,INITIATION A L'APPRETISSAGE AUTOMATIQUE,TAFFAR MOKHTAR,OPU,2018.0,ALGER,ACHAT,PRÊT EXTERNE,ENSIA
274,INITIATION A L'APPRETISSAGE AUTOMATIQUE,TAFFAR MOKHTAR,OPU,2018.0,ALGER,ACHAT,PRÊT EXTERNE,ENSIA
3568,INITIATION A L'APPRETISSAGE AUTOMATIQUE,TAFFAR MOKHTAR,OPU,2018.0,ALGER,ACHAT,PRÊT EXTERNE,ENSIA
3569,INITIATION A L'APPRETISSAGE AUTOMATIQUE,TAFFAR MOKHTAR,OPU,2018.0,ALGER,ACHAT,PRÊT EXTERNE,ENSIA
3570,INITIATION A L'APPRETISSAGE AUTOMATIQUE,TAFFAR MOKHTAR,OPU,2018.0,ALGER,ACHAT,PRÊT EXTERNE,ENSIA
3572,INITIATION A L'APPRETISSAGE AUTOMATIQUE,TAFFAR MOKHTAR,OPU,2018.0,ALGER,ACHAT,PRÊT EXTERNE,ENSIA
3573,INITIATION A L'APPRETISSAGE AUTOMATIQUE,TAFFAR MOKHTAR,OPU,2018.0,ALGER,ACHAT,PRÊT EXTERNE,ENSIA
3571,INITIATION A L'APPRETISSAGE AUTOMATIQUE,TAFFAR MOKHTAR,OPU,2018.0,ALGER,ACHAT,PRÊT EXTERNE,ENSIA
273,INITIATION A L'APPRETISSAGE AUTOMATIQUE,TAFFAR MOKHTAR,OPU,2018.0,ALGER,ACHAT,PRÊT EXTERNE,ENSIA
1239,INITIATION AUX RÉSEAUX : COURS ET EXERCICES,"PUJOLLE, GUY",EYROLLES,2000.0,PARIS,DON,PRÊT EXTERNE,ENSIA
962,INITIATION AUX TRANSFERTS THERMIQUES,SACADURA.J.F,UNKNOWN_EDITOR,1993.0,PARIS,DON,PRÊT EXTERNE,ENSIA
92,INITIATION L'ALGORITHMIQUE,UNKNOWN_AUTHOR,OPU,2015.0,ALGER,ACHAT,PRÊT EXTERNE,ENSIA
94,INITIATION L'ALGORITHMIQUE,UNKNOWN_AUTHOR,OPU,2015.0,ALGER,ACHAT,PRÊT EXTERNE,ENSIA
93,INITIATION L'ALGORITHMIQUE,UNKNOWN_AUTHOR,OPU,2015.0,ALGER,ACHAT,PRÊT EXTERNE,ENSIA
95,INITIATION L'ALGORITHMIQUE,UNKNOWN_AUTHOR,OPU,2015.0,ALGER,ACHAT,PRÊT EXTERNE,ENSIA
90,INITIATION L'ALGORITHMIQUE,UNKNOWN_AUTHOR,OPU,2015.0,ALGER,ACHAT,CONSULTATION SUR PLACE,ENSIA
91,INITIATION L'ALGORITHMIQUE,UNKNOWN_AUTHOR,OPU,2015.0,ALGER,ACHAT,PRÊT EXTERNE,ENSIA
166,INITIATION À MATLAB,"DJEBLI, M",OPU,2016.0,ALGER,ACHAT,PRÊT EXTERNE,ENSIA
165,INITIATION À MATLAB,"DJEBLI, M",OPU,2016.0,ALGER,ACHAT,CONSULTATION SUR PLACE,ENSIA
1243,INITIATION À SQL : COURS ET EXERCICES CORRIGÉS,"CHALMOND, MARTINE",EYROLLES,2001.0,PARIS,DON,PRÊT EXTERNE,ENSIA
531,INJECTION DES MATIÈRES PLASTIQUES,"PICHON, JEAN-FRANÇOIS",DUNOD,2021.0,FRANCE,ACHAT,PRÊT EXTERNE,ENSIA
532,INJECTION DES MATIÈRES PLASTIQUES,"PICHON, JEAN-FRANÇOIS",DUNOD,2021.0,FRANCE,ACHAT,PRÊT EXTERNE,ENSIA
533,INJECTION DES MATIÈRES PLASTIQUES,"PICHON, JEAN-FRANÇOIS",DUNOD,2021.0,FRANCE,ACHAT,PRÊT EXTERNE,ENSIA
3871,"INTEGRAL TRANSFORMS AND THEIR APPLICATIONS,","DEBNATH, LOKENATH.",UNKNOWN_EDITOR,2015.0,UNKNOWN_LOCATION,ACHAT,PRÊT EXTERNE,ENSIA
1018,INTELLIGENCE ARTIFICIELLE,EDITH SCHOMBERG,UNKNOWN_EDITOR,UNKNOWN_YEAR,UNKNOWN_LOCATION,DON,PRÊT EXTERNE,ENSIA
1017,INTELLIGENCE ARTIFICIELLE,EDITH SCHOMBERG,UNKNOWN_EDITOR,UNKNOWN_YEAR,UNKNOWN_LOCATION,DON,PRÊT EXTERNE,ENSIA
1020,INTELLIGENCE ARTIFICIELLE RÉSOLUTION DES PROBLÈMES,LOUIS LAURIERE JEAN,UNKNOWN_EDITOR,UNKNOWN_YEAR,UNKNOWN_LOCATION,ACHAT,PRÊT EXTERNE,ENSIA
1019,INTELLIGENCE ARTIFICIELLE RÉSOLUTION DES PROBLÈMES,LOUIS LAURIERE JEAN,UNKNOWN_EDITOR,UNKNOWN_YEAR,UNKNOWN_LOCATION,ACHAT,PRÊT EXTERNE,ENSIA
1200,INTERNET AU QUOTIDIEN,"CROUZET, THIERRY",UNKNOWN_EDITOR,2000.0,UNKNOWN_LOCATION,DON,PRÊT EXTERNE,ENSIA
1199,INTERNET AU QUOTIDIEN,"CROUZET, THIERRY",UNKNOWN_EDITOR,2000.0,UNKNOWN_LOCATION,DON,PRÊT EXTERNE,ENSIA
2910,INTRODUCTION A L'ALGEBRE LINEAIRE,BENALI BENZAGHOU,OPU,2015.0,ALGER,ACHAT,PRÊT EXTERNE,ENSIA
3164,INTRODUCTION A L'ALGEBRE LINEAIRE,BENALI BENZAGHOU,OPU,2015.0,ALGER,ACHAT,PRÊT EXTERNE,ENSIA
3163,INTRODUCTION A L'ALGEBRE LINEAIRE,BENALI BENZAGHOU,OPU,2015.0,ALGER,ACHAT,PRÊT EXTERNE,ENSIA
3166,INTRODUCTION A L'ALGEBRE LINEAIRE,BENALI BENZAGHOU,OPU,2015.0,ALGER,ACHAT,PRÊT EXTERNE,ENSIA
3167,INTRODUCTION A L'ALGEBRE LINEAIRE,BENALI BENZAGHOU,OPU,2015.0,ALGER,ACHAT,PRÊT EXTERNE,ENSIA
3168,INTRODUCTION A L'ALGEBRE LINEAIRE,BENALI BENZAGHOU,OPU,2015.0,ALGER,ACHAT,PRÊT EXTERNE,ENSIA
3169,INTRODUCTION A L'ALGEBRE LINEAIRE,BENALI BENZAGHOU,OPU,2015.0,ALGER,ACHAT,PRÊT EXTERNE,ENSIA
3170,INTRODUCTION A L'ALGEBRE LINEAIRE,BENALI BENZAGHOU,OPU,2015.0,ALGER,ACHAT,PRÊT EXTERNE,ENSIA
3162,INTRODUCTION A L'ALGEBRE LINEAIRE,BENALI BENZAGHOU,OPU,2015.0,ALGER,ACHAT,PRÊT EXTERNE,ENSIA
3171,INTRODUCTION A L'ALGEBRE LINEAIRE,BENALI BENZAGHOU,OPU,2015.0,ALGER,ACHAT,PRÊT EXTERNE,ENSIA
3173,INTRODUCTION A L'ALGEBRE LINEAIRE,BENALI BENZAGHOU,OPU,2015.0,ALGER,ACHAT,PRÊT EXTERNE,ENSIA
3174,INTRODUCTION A L'ALGEBRE LINEAIRE,BENALI BENZAGHOU,OPU,2015.0,ALGER,ACHAT,PRÊT EXTERNE,ENSIA
3175,INTRODUCTION A L'ALGEBRE LINEAIRE,BENALI BENZAGHOU,OPU,2015.0,ALGER,ACHAT,PRÊT EXTERNE,ENSIA
3176,INTRODUCTION A L'ALGEBRE LINEAIRE,BENALI BENZAGHOU,OPU,2015.0,ALGER,ACHAT,PRÊT EXTERNE,ENSIA
3177,INTRODUCTION A L'ALGEBRE LINEAIRE,BENALI BENZAGHOU,OPU,2015.0,ALGER,ACHAT,PRÊT EXTERNE,ENSIA
3178,INTRODUCTION A L'ALGEBRE LINEAIRE,BENALI BENZAGHOU,OPU,2015.0,ALGER,ACHAT,PRÊT EXTERNE,ENSIA
3172,INTRODUCTION A L'ALGEBRE LINEAIRE,BENALI BENZAGHOU,OPU,2015.0,ALGER,ACHAT,PRÊT EXTERNE,ENSIA
3161,INTRODUCTION A L'ALGEBRE LINEAIRE,BENALI BENZAGHOU,OPU,2015.0,ALGER,ACHAT,PRÊT EXTERNE,ENSIA
3160,INTRODUCTION A L'ALGEBRE LINEAIRE,BENALI BENZAGHOU,OPU,2015.0,ALGER,ACHAT,PRÊT EXTERNE,ENSIA
3159,INTRODUCTION A L'ALGEBRE LINEAIRE,BENALI BENZAGHOU,OPU,2015.0,ALGER,ACHAT,PRÊT EXTERNE,ENSIA
2911,INTRODUCTION A L'ALGEBRE LINEAIRE,BENALI BENZAGHOU,OPU,2015.0,ALGER,ACHAT,PRÊT EXTERNE,ENSIA
2912,INTRODUCTION A L'ALGEBRE LINEAIRE,BENALI BENZAGHOU,OPU,2015.0,ALGER,ACHAT,PRÊT EXTERNE,ENSIA
2913,INTRODUCTION A L'ALGEBRE LINEAIRE,BENALI BENZAGHOU,OPU,2015.0,ALGER,ACHAT,PRÊT EXTERNE,ENSIA
2914,INTRODUCTION A L'ALGEBRE LINEAIRE,BENALI BENZAGHOU,OPU,2015.0,ALGER,ACHAT,PRÊT EXTERNE,ENSIA
2915,INTRODUCTION A L'ALGEBRE LINEAIRE,BENALI BENZAGHOU,OPU,2015.0,ALGER,ACHAT,PRÊT EXTERNE,ENSIA
2916,INTRODUCTION A L'ALGEBRE LINEAIRE,BENALI BENZAGHOU,OPU,2015.0,ALGER,ACHAT,PRÊT EXTERNE,ENSIA
2917,INTRODUCTION A L'ALGEBRE LINEAIRE,BENALI BENZAGHOU,OPU,2015.0,ALGER,ACHAT,PRÊT EXTERNE,ENSIA
2918,INTRODUCTION A L'ALGEBRE LINEAIRE,BENALI BENZAGHOU,OPU,2015.0,ALGER,ACHAT,PRÊT EXTERNE,ENSIA
2919,INTRODUCTION A L'ALGEBRE LINEAIRE,BENALI BENZAGHOU,OPU,2015.0,ALGER,ACHAT,PRÊT EXTERNE,ENSIA
4055,INTRODUCTION A L'ALGEBRE LINEAIRE,BENALI BENZAGHOU,OPU,2015.0,ALGER,ACHAT,PRÊT EXTERNE,ENSIA
4056,INTRODUCTION A L'ALGEBRE LINEAIRE,BENALI BENZAGHOU,OPU,2015.0,ALGER,ACHAT,PRÊT EXTERNE,ENSIA
4057,INTRODUCTION A L'ALGEBRE LINEAIRE,BENALI BENZAGHOU,OPU,2015.0,ALGER,ACHAT,PRÊT EXTERNE,ENSIA
4058,INTRODUCTION A L'ALGEBRE LINEAIRE,BENALI BENZAGHOU,OPU,2015.0,ALGER,ACHAT,PRÊT EXTERNE,ENSIA
59,INTRODUCTION A L'ALGEBRE LINEAIRE,BENALI BENZAGHOU,OPU,2015.0,ALGER,ACHAT,PRÊT EXTERNE,ENSIA
58,INTRODUCTION A L'ALGEBRE LINEAIRE,BENALI BENZAGHOU,OPU,2015.0,ALGER,ACHAT,PRÊT EXTERNE,ENSIA
3179,INTRODUCTION A L'ALGEBRE LINEAIRE,BENALI BENZAGHOU,OPU,2015.0,ALGER,ACHAT,PRÊT EXTERNE,ENSIA
3180,INTRODUCTION A L'ALGEBRE LINEAIRE,BENALI BENZAGHOU,OPU,2015.0,ALGER,ACHAT,PRÊT EXTERNE,ENSIA
3165,INTRODUCTION A L'ALGEBRE LINEAIRE,BENALI BENZAGHOU,OPU,2015.0,ALGER,ACHAT,PRÊT EXTERNE,ENSIA
3182,INTRODUCTION A L'ALGEBRE LINEAIRE,BENALI BENZAGHOU,OPU,2015.0,ALGER,ACHAT,PRÊT EXTERNE,ENSIA
3198,INTRODUCTION A L'ALGEBRE LINEAIRE,BENALI BENZAGHOU,OPU,2015.0,ALGER,ACHAT,PRÊT EXTERNE,ENSIA
3200,INTRODUCTION A L'ALGEBRE LINEAIRE,BENALI BENZAGHOU,OPU,2015.0,ALGER,ACHAT,PRÊT EXTERNE,ENSIA
3197,INTRODUCTION A L'ALGEBRE LINEAIRE,BENALI BENZAGHOU,OPU,2015.0,ALGER,ACHAT,PRÊT EXTERNE,ENSIA
3196,INTRODUCTION A L'ALGEBRE LINEAIRE,BENALI BENZAGHOU,OPU,2015.0,ALGER,ACHAT,PRÊT EXTERNE,ENSIA
3195,INTRODUCTION A L'ALGEBRE LINEAIRE,BENALI BENZAGHOU,OPU,2015.0,ALGER,ACHAT,PRÊT EXTERNE,ENSIA
3181,INTRODUCTION A L'ALGEBRE LINEAIRE,BENALI BENZAGHOU,OPU,2015.0,ALGER,ACHAT,PRÊT EXTERNE,ENSIA
3201,INTRODUCTION A L'ALGEBRE LINEAIRE,BENALI BENZAGHOU,OPU,2015.0,ALGER,ACHAT,PRÊT EXTERNE,ENSIA
3202,INTRODUCTION A L'ALGEBRE LINEAIRE,BENALI BENZAGHOU,OPU,2015.0,ALGER,ACHAT,PRÊT EXTERNE,ENSIA
3193,INTRODUCTION A L'ALGEBRE LINEAIRE,BENALI BENZAGHOU,OPU,2015.0,ALGER,ACHAT,PRÊT EXTERNE,ENSIA
3192,INTRODUCTION A L'ALGEBRE LINEAIRE,BENALI BENZAGHOU,OPU,2015.0,ALGER,ACHAT,PRÊT EXTERNE,ENSIA
3194,INTRODUCTION A L'ALGEBRE LINEAIRE,BENALI BENZAGHOU,OPU,2015.0,ALGER,ACHAT,PRÊT EXTERNE,ENSIA
3190,INTRODUCTION A L'ALGEBRE LINEAIRE,BENALI BENZAGHOU,OPU,2015.0,ALGER,ACHAT,PRÊT EXTERNE,ENSIA
3191,INTRODUCTION A L'ALGEBRE LINEAIRE,BENALI BENZAGHOU,OPU,2015.0,ALGER,ACHAT,PRÊT EXTERNE,ENSIA
3183,INTRODUCTION A L'ALGEBRE LINEAIRE,BENALI BENZAGHOU,OPU,2015.0,ALGER,ACHAT,PRÊT EXTERNE,ENSIA
3204,INTRODUCTION A L'ALGEBRE LINEAIRE,BENALI BENZAGHOU,OPU,2015.0,ALGER,ACHAT,PRÊT EXTERNE,ENSIA
3184,INTRODUCTION A L'ALGEBRE LINEAIRE,BENALI BENZAGHOU,OPU,2015.0,ALGER,ACHAT,PRÊT EXTERNE,ENSIA
3185,INTRODUCTION A L'ALGEBRE LINEAIRE,BENALI BENZAGHOU,OPU,2015.0,ALGER,ACHAT,PRÊT EXTERNE,ENSIA
3199,INTRODUCTION A L'ALGEBRE LINEAIRE,BENALI BENZAGHOU,OPU,2015.0,ALGER,ACHAT,PRÊT EXTERNE,ENSIA
3187,INTRODUCTION A L'ALGEBRE LINEAIRE,BENALI BENZAGHOU,OPU,2015.0,ALGER,ACHAT,PRÊT EXTERNE,ENSIA
3188,INTRODUCTION A L'ALGEBRE LINEAIRE,BENALI BENZAGHOU,OPU,2015.0,ALGER,ACHAT,PRÊT EXTERNE,ENSIA
3189,INTRODUCTION A L'ALGEBRE LINEAIRE,BENALI BENZAGHOU,OPU,2015.0,ALGER,ACHAT,PRÊT EXTERNE,ENSIA
3203,INTRODUCTION A L'ALGEBRE LINEAIRE,BENALI BENZAGHOU,OPU,2015.0,ALGER,ACHAT,PRÊT EXTERNE,ENSIA
3186,INTRODUCTION A L'ALGEBRE LINEAIRE,BENALI BENZAGHOU,OPU,2015.0,ALGER,ACHAT,PRÊT EXTERNE,ENSIA
1958,INTRODUCTION A L'ANALYSE MATHEMATIQUE CAHIER 03,KHELLADI.ABDELKADER,UNKNOWN_EDITOR,UNKNOWN_YEAR,UNKNOWN_LOCATION,ACHAT,PRÊT EXTERNE,ENSIA
1957,INTRODUCTION A L'ANALYSE MATHEMATIQUE CAHIER 03,KHELLADI.ABDELKADER,UNKNOWN_EDITOR,UNKNOWN_YEAR,UNKNOWN_LOCATION,ACHAT,PRÊT EXTERNE,ENSIA
1956,INTRODUCTION A L'ANALYSE MATHEMATIQUE CAHIER 03,KHELLADI.ABDELKADER,UNKNOWN_EDITOR,UNKNOWN_YEAR,UNKNOWN_LOCATION,ACHAT,PRÊT EXTERNE,ENSIA
1955,INTRODUCTION A L'ANALYSE MATHEMATIQUE CAHIER 03,KHELLADI.ABDELKADER,UNKNOWN_EDITOR,UNKNOWN_YEAR,UNKNOWN_LOCATION,ACHAT,PRÊT EXTERNE,ENSIA
1954,INTRODUCTION A L'ANALYSE MATHEMATIQUE CAHIER 03,KHELLADI.ABDELKADER,UNKNOWN_EDITOR,UNKNOWN_YEAR,UNKNOWN_LOCATION,ACHAT,PRÊT EXTERNE,ENSIA
1953,INTRODUCTION A L'ANALYSE MATHEMATIQUE CAHIER 03,KHELLADI.ABDELKADER,UNKNOWN_EDITOR,UNKNOWN_YEAR,UNKNOWN_LOCATION,ACHAT,PRÊT EXTERNE,ENSIA
1952,INTRODUCTION A L'ANALYSE MATHEMATIQUE CAHIER 03,KHELLADI.ABDELKADER,UNKNOWN_EDITOR,UNKNOWN_YEAR,UNKNOWN_LOCATION,ACHAT,PRÊT EXTERNE,ENSIA
1951,INTRODUCTION A L'ANALYSE MATHEMATIQUE CAHIER 03,KHELLADI.ABDELKADER,UNKNOWN_EDITOR,UNKNOWN_YEAR,UNKNOWN_LOCATION,ACHAT,PRÊT EXTERNE,ENSIA
1959,INTRODUCTION A L'ANALYSE MATHEMATIQUE CAHIER 03,KHELLADI.ABDELKADER,UNKNOWN_EDITOR,UNKNOWN_YEAR,UNKNOWN_LOCATION,ACHAT,PRÊT EXTERNE,ENSIA
1950,INTRODUCTION A L'ANALYSE MATHEMATIQUE CAHIER 03,KHELLADI.ABDELKADER,UNKNOWN_EDITOR,UNKNOWN_YEAR,UNKNOWN_LOCATION,ACHAT,PRÊT EXTERNE,ENSIA
824,"INTRODUCTION A L'ANALYSE MATHÉMATIQUE. T. 2, FONCTIONS NUMÉRIQUES, LIMITES CONTINUITÉ, DÉRIVABILITÉ","KHELLADI, ABDELKADER",OPU,2009.0,ALGER,DON,PRÊT EXTERNE,ENSIA
105,"INTRODUCTION A L'ANALYSE MATHÉMATIQUE. T. 3, INTÉGRATION, CALCULS DES PRIMITIVES, ÉQUATIONS DIFFÉRENTIELLES","KHELLADI, ABDELKADER",OPU,2009.0,ALGER,ACHAT,PRÊT EXTERNE,ENSIA
859,"INTRODUCTION A L'ANALYSE MATHÉMATIQUE. T. 3, INTÉGRATION, CALCULS DES PRIMITIVES, ÉQUATIONS DIFFÉRENTIELLES","KHELLADI, ABDELKADER",OPU,2009.0,ALGER,DON,PRÊT EXTERNE,ENSIA
860,"INTRODUCTION A L'ANALYSE MATHÉMATIQUE. T. 3, INTÉGRATION, CALCULS DES PRIMITIVES, ÉQUATIONS DIFFÉRENTIELLES","KHELLADI, ABDELKADER",OPU,2009.0,ALGER,DON,PRÊT EXTERNE,ENSIA
104,"INTRODUCTION A L'ANALYSE MATHÉMATIQUE. T. 3, INTÉGRATION, CALCULS DES PRIMITIVES, ÉQUATIONS DIFFÉRENTIELLES","KHELLADI, ABDELKADER",OPU,2009.0,ALGER,ACHAT,PRÊT EXTERNE,ENSIA
103,"INTRODUCTION A L'ANALYSE MATHÉMATIQUE. T. 3, INTÉGRATION, CALCULS DES PRIMITIVES, ÉQUATIONS DIFFÉRENTIELLES","KHELLADI, ABDELKADER",OPU,2009.0,ALGER,ACHAT,PRÊT EXTERNE,ENSIA
846,"INTRODUCTION A L'ANALYSE MATHÉMATIQUE. T. 3, INTÉGRATION, CALCULS DES PRIMITIVES, ÉQUATIONS DIFFÉRENTIELLES","KHELLADI, ABDELKADER",OPU,2009.0,ALGER,ACHAT,PRÊT EXTERNE,ENSIA
857,"INTRODUCTION A L'ANALYSE MATHÉMATIQUE. T. 3, INTÉGRATION, CALCULS DES PRIMITIVES, ÉQUATIONS DIFFÉRENTIELLES","KHELLADI, ABDELKADER",OPU,2009.0,ALGER,DON,CONSULTATION SUR PLACE,ENSIA
858,"INTRODUCTION A L'ANALYSE MATHÉMATIQUE. T. 3, INTÉGRATION, CALCULS DES PRIMITIVES, ÉQUATIONS DIFFÉRENTIELLES","KHELLADI, ABDELKADER",OPU,2009.0,ALGER,DON,PRÊT EXTERNE,ENSIA
106,"INTRODUCTION A L'ANALYSE MATHÉMATIQUE. T. 3, INTÉGRATION, CALCULS DES PRIMITIVES, ÉQUATIONS DIFFÉRENTIELLES","KHELLADI, ABDELKADER",OPU,2009.0,ALGER,ACHAT,PRÊT EXTERNE,ENSIA
1426,INTRODUCTION A L'ARCHITECTURE DES ORDINATEURS,"DRIAS-ZERKAOUI, HABIBA",OPU,2006.0,ALGER,ACHAT,PRÊT EXTERNE,ENSIA
1427,INTRODUCTION A L'ARCHITECTURE DES ORDINATEURS,"DRIAS-ZERKAOUI, HABIBA",OPU,2006.0,ALGER,ACHAT,PRÊT EXTERNE,ENSIA
26,INTRODUCTION A L'ARCHITECTURE DES ORDINATEURS,"DRIAS-ZERKAOUI, HABIBA",OPU,2006.0,ALGER,ACHAT,PRÊT EXTERNE,ENSIA
28,INTRODUCTION A L'ARCHITECTURE DES ORDINATEURS,"DRIAS-ZERKAOUI, HABIBA",OPU,2006.0,ALGER,ACHAT,PRÊT EXTERNE,ENSIA
1423,INTRODUCTION A L'ARCHITECTURE DES ORDINATEURS,"DRIAS-ZERKAOUI, HABIBA",OPU,2006.0,ALGER,ACHAT,PRÊT EXTERNE,ENSIA
1422,INTRODUCTION A L'ARCHITECTURE DES ORDINATEURS,"DRIAS-ZERKAOUI, HABIBA",OPU,2006.0,ALGER,ACHAT,PRÊT EXTERNE,ENSIA
1421,INTRODUCTION A L'ARCHITECTURE DES ORDINATEURS,"DRIAS-ZERKAOUI, HABIBA",OPU,2006.0,ALGER,ACHAT,PRÊT EXTERNE,ENSIA
1420,INTRODUCTION A L'ARCHITECTURE DES ORDINATEURS,"DRIAS-ZERKAOUI, HABIBA",OPU,2006.0,ALGER,ACHAT,PRÊT EXTERNE,ENSIA
25,INTRODUCTION A L'ARCHITECTURE DES ORDINATEURS,"DRIAS-ZERKAOUI, HABIBA",OPU,2006.0,ALGER,PASSIF,PRÊT EXTERNE,ENSIA
1378,INTRODUCTION A L'ARCHITECTURE DES ORDINATEURS,"DRIAS-ZERKAOUI, HABIBA",OPU,2006.0,ALGER,DON,PRÊT EXTERNE,ENSIA
1428,INTRODUCTION A L'ARCHITECTURE DES ORDINATEURS,"DRIAS-ZERKAOUI, HABIBA",OPU,2006.0,ALGER,ACHAT,PRÊT EXTERNE,ENSIA
1429,INTRODUCTION A L'ARCHITECTURE DES ORDINATEURS,"DRIAS-ZERKAOUI, HABIBA",OPU,2006.0,ALGER,ACHAT,PRÊT EXTERNE,ENSIA
27,INTRODUCTION A L'ARCHITECTURE DES ORDINATEURS,"DRIAS-ZERKAOUI, HABIBA",OPU,2006.0,ALGER,PASSIF,PRÊT EXTERNE,ENSIA
1424,INTRODUCTION A L'ARCHITECTURE DES ORDINATEURS,"DRIAS-ZERKAOUI, HABIBA",OPU,2006.0,ALGER,ACHAT,PRÊT EXTERNE,ENSIA
1425,INTRODUCTION A L'ARCHITECTURE DES ORDINATEURS,"DRIAS-ZERKAOUI, HABIBA",OPU,2006.0,ALGER,ACHAT,PRÊT EXTERNE,ENSIA
270,INTRODUCTION A L'OPTIMISATION MÉTA_HEURISTIQUE,SAADI SLAMI,OPU,2018.0,ALGER,ACHAT,PRÊT EXTERNE,ENSIA
268,INTRODUCTION A L'OPTIMISATION MÉTA_HEURISTIQUE,SAADI SLAMI,OPU,2018.0,ALGER,ACHAT,CONSULTATION SUR PLACE,ENSIA
269,INTRODUCTION A L'OPTIMISATION MÉTA_HEURISTIQUE,SAADI SLAMI,OPU,2018.0,ALGER,ACHAT,PRÊT EXTERNE,ENSIA
48,INTRODUCTION AU MAGNÉTISME,LAYADI ABDELHAMID,OPU,2012.0,ALGER,ACHAT,CONSULTATION SUR PLACE,ENSIA
49,INTRODUCTION AU MAGNÉTISME,LAYADI ABDELHAMID,OPU,2012.0,ALGER,ACHAT,PRÊT EXTERNE,ENSIA
782,"INTRODUCTION AU TRAITEMENT D'IMAGES : THÉORIES, ALGORITHMES, APPLICATIONS","LINGRAND, DIANE",VUIBERT,2008.0,PARIS,DON,PRÊT EXTERNE,ENSIA
781,"INTRODUCTION AU TRAITEMENT D'IMAGES : THÉORIES, ALGORITHMES, APPLICATIONS","LINGRAND, DIANE",VUIBERT,2008.0,PARIS,DON,CONSULTATION SUR PLACE,ENSIA
73,INTRODUCTION AU TRAITEMENT NUMÉRIQUE DU SIGNAL SOUS MATLAB TM,KAMEL BELLOULATA,OPU,2014.0,ALGER,ACHAT,CONSULTATION SUR PLACE,ENSIA
74,INTRODUCTION AU TRAITEMENT NUMÉRIQUE DU SIGNAL SOUS MATLAB TM,KAMEL BELLOULATA,OPU,2014.0,ALGER,ACHAT,PRÊT EXTERNE,ENSIA
759,INTRODUCTION AUX BASES DE DONNÉES,"DATE, CHRIS",VUIBERT,2004.0,PARIS,DON,CONSULTATION SUR PLACE,ENSIA
2966,INTRODUCTION AUX FONCTION SPECIALES ET A LA TRANSFORMATION DE LA PLAC,FELLAH.MOHAMED,OPU,2017.0,ALGER,ACHAT,PRÊT EXTERNE,ENSIA
2963,INTRODUCTION AUX FONCTION SPECIALES ET A LA TRANSFORMATION DE LA PLAC,FELLAH.MOHAMED,OPU,2017.0,ALGER,ACHAT,PRÊT EXTERNE,ENSIA
3356,INTRODUCTION AUX FONCTION SPECIALES ET A LA TRANSFORMATION DE LA PLAC,FELLAH.MOHAMED,OPU,2017.0,ALGER,ACHAT,PRÊT EXTERNE,ENSIA
3355,INTRODUCTION AUX FONCTION SPECIALES ET A LA TRANSFORMATION DE LA PLAC,FELLAH.MOHAMED,OPU,2017.0,ALGER,ACHAT,PRÊT EXTERNE,ENSIA
3354,INTRODUCTION AUX FONCTION SPECIALES ET A LA TRANSFORMATION DE LA PLAC,FELLAH.MOHAMED,OPU,2017.0,ALGER,ACHAT,PRÊT EXTERNE,ENSIA
3353,INTRODUCTION AUX FONCTION SPECIALES ET A LA TRANSFORMATION DE LA PLAC,FELLAH.MOHAMED,OPU,2017.0,ALGER,ACHAT,PRÊT EXTERNE,ENSIA
3352,INTRODUCTION AUX FONCTION SPECIALES ET A LA TRANSFORMATION DE LA PLAC,FELLAH.MOHAMED,OPU,2017.0,ALGER,ACHAT,PRÊT EXTERNE,ENSIA
3351,INTRODUCTION AUX FONCTION SPECIALES ET A LA TRANSFORMATION DE LA PLAC,FELLAH.MOHAMED,OPU,2017.0,ALGER,ACHAT,PRÊT EXTERNE,ENSIA
3350,INTRODUCTION AUX FONCTION SPECIALES ET A LA TRANSFORMATION DE LA PLAC,FELLAH.MOHAMED,OPU,2017.0,ALGER,ACHAT,PRÊT EXTERNE,ENSIA
3349,INTRODUCTION AUX FONCTION SPECIALES ET A LA TRANSFORMATION DE LA PLAC,FELLAH.MOHAMED,OPU,2017.0,ALGER,ACHAT,PRÊT EXTERNE,ENSIA
2969,INTRODUCTION AUX FONCTION SPECIALES ET A LA TRANSFORMATION DE LA PLAC,FELLAH.MOHAMED,OPU,2017.0,ALGER,ACHAT,PRÊT EXTERNE,ENSIA
2968,INTRODUCTION AUX FONCTION SPECIALES ET A LA TRANSFORMATION DE LA PLAC,FELLAH.MOHAMED,OPU,2017.0,ALGER,ACHAT,PRÊT EXTERNE,ENSIA
2967,INTRODUCTION AUX FONCTION SPECIALES ET A LA TRANSFORMATION DE LA PLAC,FELLAH.MOHAMED,OPU,2017.0,ALGER,ACHAT,PRÊT EXTERNE,ENSIA
2965,INTRODUCTION AUX FONCTION SPECIALES ET A LA TRANSFORMATION DE LA PLAC,FELLAH.MOHAMED,OPU,2017.0,ALGER,ACHAT,PRÊT EXTERNE,ENSIA
2964,INTRODUCTION AUX FONCTION SPECIALES ET A LA TRANSFORMATION DE LA PLAC,FELLAH.MOHAMED,OPU,2017.0,ALGER,ACHAT,PRÊT EXTERNE,ENSIA
3357,INTRODUCTION AUX FONCTION SPECIALES ET A LA TRANSFORMATION DE LA PLAC,FELLAH.MOHAMED,OPU,2017.0,ALGER,ACHAT,PRÊT EXTERNE,ENSIA
2962,INTRODUCTION AUX FONCTION SPECIALES ET A LA TRANSFORMATION DE LA PLAC,FELLAH.MOHAMED,OPU,2017.0,ALGER,ACHAT,PRÊT EXTERNE,ENSIA
3358,INTRODUCTION AUX FONCTION SPECIALES ET A LA TRANSFORMATION DE LA PLAC,FELLAH.MOHAMED,OPU,2017.0,ALGER,ACHAT,PRÊT EXTERNE,ENSIA
2960,INTRODUCTION AUX FONCTION SPECIALES ET A LA TRANSFORMATION DE LA PLAC,FELLAH.MOHAMED,OPU,2017.0,ALGER,ACHAT,PRÊT EXTERNE,ENSIA
2961,INTRODUCTION AUX FONCTION SPECIALES ET A LA TRANSFORMATION DE LA PLAC,FELLAH.MOHAMED,OPU,2017.0,ALGER,ACHAT,PRÊT EXTERNE,ENSIA
3923,INTRODUCTION AUX PROBABILITÉS AVEC PYTHON,"ALHALEL, THIERRY",UNKNOWN_EDITOR,2021.0,MALAKOFF,ACHAT,PRÊT EXTERNE,ENSIA
3921,INTRODUCTION AUX PROBABILITÉS AVEC PYTHON,"ALHALEL, THIERRY",UNKNOWN_EDITOR,2021.0,MALAKOFF,ACHAT,PRÊT EXTERNE,ENSIA
3920,INTRODUCTION AUX PROBABILITÉS AVEC PYTHON,"ALHALEL, THIERRY",UNKNOWN_EDITOR,2021.0,MALAKOFF,ACHAT,PRÊT EXTERNE,ENSIA
3919,INTRODUCTION AUX PROBABILITÉS AVEC PYTHON,"ALHALEL, THIERRY",UNKNOWN_EDITOR,2021.0,MALAKOFF,ACHAT,PRÊT EXTERNE,ENSIA
3918,INTRODUCTION AUX PROBABILITÉS AVEC PYTHON,"ALHALEL, THIERRY",UNKNOWN_EDITOR,2021.0,MALAKOFF,ACHAT,PRÊT EXTERNE,ENSIA
3922,INTRODUCTION AUX PROBABILITÉS AVEC PYTHON,"ALHALEL, THIERRY",UNKNOWN_EDITOR,2021.0,MALAKOFF,ACHAT,PRÊT EXTERNE,ENSIA
3780,INTRODUCTION TO ALGORITHMS,"H.CORMEN, THOMAS",UNKNOWN_EDITOR,2022.0,UNKNOWN_LOCATION,ACHAT,PRÊT EXTERNE,ENSIA
3950,"INTRODUCTION TO AUTOMATA THEORY, LANGUAGES, AND COMPUTATION","KANDAR,SHYAMALENDU",UNKNOWN_EDITOR,2016.0,UNKNOWN_LOCATION,ACHAT,PRÊT EXTERNE,ENSIA
3952,"INTRODUCTION TO AUTOMATA THEORY, LANGUAGES, AND COMPUTATION","KANDAR,SHYAMALENDU",UNKNOWN_EDITOR,2016.0,UNKNOWN_LOCATION,ACHAT,PRÊT EXTERNE,ENSIA
3951,"INTRODUCTION TO AUTOMATA THEORY, LANGUAGES, AND COMPUTATION","KANDAR,SHYAMALENDU",UNKNOWN_EDITOR,2016.0,UNKNOWN_LOCATION,ACHAT,PRÊT EXTERNE,ENSIA
364,INTRODUCTION TO BIOSENSORS: FROM ELECTRIC CIRCUITS TO IMMUNOSENSORS,YEOL YOON JEONG,SPRINGER,2013.0,USA,ACHAT,PRÊT EXTERNE,ENSIA
3878,INTRODUCTION TO COMPUTER SECURITY,GOODRICH;MICHAEL,UNKNOWN_EDITOR,UNKNOWN_YEAR,UNKNOWN_LOCATION,ACHAT,PRÊT EXTERNE,ENSIA
365,INTRODUCTION TO RF PROPAGATION,SEYBOLD JOHN S,WILEY,2005.0,USA,ACHAT,PRÊT EXTERNE,ENSIA
366,INTRODUCTION TO RF PROPAGATION,SEYBOLD JOHN S,WILEY,2005.0,USA,ACHAT,PRÊT EXTERNE,ENSIA
3759,INTRODUCTION TO THE DESIGN AND ANALYSIS OF ALGORITHMS,"LEVITIN, ANANY.",UNKNOWN_EDITOR,2012.0,BOSTON,ACHAT,PRÊT EXTERNE,ENSIA
3761,INTRODUCTION TO THE DESIGN AND ANALYSIS OF ALGORITHMS,"LEVITIN, ANANY.",UNKNOWN_EDITOR,2012.0,BOSTON,ACHAT,PRÊT EXTERNE,ENSIA
3760,INTRODUCTION TO THE DESIGN AND ANALYSIS OF ALGORITHMS,"LEVITIN, ANANY.",UNKNOWN_EDITOR,2012.0,BOSTON,ACHAT,PRÊT EXTERNE,ENSIA
3870,INTRODUCTION TO THE THEORY OF COMPUTATION,"SIPSER,MICHAEL",UNKNOWN_EDITOR,2022.0,UNKNOWN_LOCATION,ACHAT,CONSULTATION SUR PLACE,ENSIA
1738,INTRODUCTION À L'ALGORITHMIQUE OBJET : MODÉLISATION AVEC UML ET EXEMPLES DE CODE EN JAVA ET C++,"CARDON, ALAIN",UNKNOWN_EDITOR,2001.0,PARIS,DON,PRÊT EXTERNE,ENSIA
1737,INTRODUCTION À L'ALGORITHMIQUE OBJET : MODÉLISATION AVEC UML ET EXEMPLES DE CODE EN JAVA ET C++,"CARDON, ALAIN",UNKNOWN_EDITOR,2001.0,PARIS,DON,PRÊT EXTERNE,ENSIA
1736,INTRODUCTION À L'ALGORITHMIQUE OBJET : MODÉLISATION AVEC UML ET EXEMPLES DE CODE EN JAVA ET C++,"CARDON, ALAIN",UNKNOWN_EDITOR,2001.0,PARIS,DON,PRÊT EXTERNE,ENSIA
989,INTRODUCTION À L'ANALYSE : COURS & EXERCICES CORRIGÉS : LICENCE 1 MATHÉMATIQUES,": AEBISCHER, BRUNO",UNKNOWN_EDITOR,UNKNOWN_YEAR,UNKNOWN_LOCATION,PASSIF,PRÊT EXTERNE,ENSIA
1960,INTRODUCTION À L'ANALYSE MATHÉMATIQUE : NOMBRES ET SUITES NUMERIQUES: PREMIÉRES ANNÉES DU LMD. T. 1,ABDELKADER KHELLADI,OPU,2018.0,ALGER,ACHAT,PRÊT EXTERNE,ENSIA
99,INTRODUCTION À L'ANALYSE MATHÉMATIQUE : NOMBRES ET SUITES NUMERIQUES: PREMIÉRES ANNÉES DU LMD. T. 1,ABDELKADER KHELLADI,OPU,2018.0,ALGER,ACHAT,PRÊT EXTERNE,ENSIA
101,INTRODUCTION À L'ANALYSE MATHÉMATIQUE : NOMBRES ET SUITES NUMERIQUES: PREMIÉRES ANNÉES DU LMD. T. 1,ABDELKADER KHELLADI,OPU,2018.0,ALGER,ACHAT,PRÊT EXTERNE,ENSIA
100,INTRODUCTION À L'ANALYSE MATHÉMATIQUE : NOMBRES ET SUITES NUMERIQUES: PREMIÉRES ANNÉES DU LMD. T. 1,ABDELKADER KHELLADI,OPU,2018.0,ALGER,ACHAT,PRÊT EXTERNE,ENSIA
1964,INTRODUCTION À L'ANALYSE MATHÉMATIQUE : NOMBRES ET SUITES NUMERIQUES: PREMIÉRES ANNÉES DU LMD. T. 1,ABDELKADER KHELLADI,OPU,2018.0,ALGER,ACHAT,PRÊT EXTERNE,ENSIA
1962,INTRODUCTION À L'ANALYSE MATHÉMATIQUE : NOMBRES ET SUITES NUMERIQUES: PREMIÉRES ANNÉES DU LMD. T. 1,ABDELKADER KHELLADI,OPU,2018.0,ALGER,ACHAT,PRÊT EXTERNE,ENSIA
1965,INTRODUCTION À L'ANALYSE MATHÉMATIQUE : NOMBRES ET SUITES NUMERIQUES: PREMIÉRES ANNÉES DU LMD. T. 1,ABDELKADER KHELLADI,OPU,2018.0,ALGER,ACHAT,PRÊT EXTERNE,ENSIA
102,INTRODUCTION À L'ANALYSE MATHÉMATIQUE : NOMBRES ET SUITES NUMERIQUES: PREMIÉRES ANNÉES DU LMD. T. 1,ABDELKADER KHELLADI,OPU,2018.0,ALGER,ACHAT,PRÊT EXTERNE,ENSIA
97,INTRODUCTION À L'ANALYSE MATHÉMATIQUE : NOMBRES ET SUITES NUMERIQUES: PREMIÉRES ANNÉES DU LMD. T. 1,ABDELKADER KHELLADI,OPU,2018.0,ALGER,ACHAT,PRÊT EXTERNE,ENSIA
1963,INTRODUCTION À L'ANALYSE MATHÉMATIQUE : NOMBRES ET SUITES NUMERIQUES: PREMIÉRES ANNÉES DU LMD. T. 1,ABDELKADER KHELLADI,OPU,2018.0,ALGER,ACHAT,PRÊT EXTERNE,ENSIA
1966,INTRODUCTION À L'ANALYSE MATHÉMATIQUE : NOMBRES ET SUITES NUMERIQUES: PREMIÉRES ANNÉES DU LMD. T. 1,ABDELKADER KHELLADI,OPU,2018.0,ALGER,ACHAT,PRÊT EXTERNE,ENSIA
98,INTRODUCTION À L'ANALYSE MATHÉMATIQUE : NOMBRES ET SUITES NUMERIQUES: PREMIÉRES ANNÉES DU LMD. T. 1,ABDELKADER KHELLADI,OPU,2018.0,ALGER,ACHAT,PRÊT EXTERNE,ENSIA
96,INTRODUCTION À L'ANALYSE MATHÉMATIQUE : NOMBRES ET SUITES NUMERIQUES: PREMIÉRES ANNÉES DU LMD. T. 1,ABDELKADER KHELLADI,OPU,2018.0,ALGER,ACHAT,PRÊT EXTERNE,ENSIA
870,INTRODUCTION À L'ANALYSE MATHÉMATIQUE : NOMBRES ET SUITES NUMERIQUES: PREMIÉRES ANNÉES DU LMD. T. 1,ABDELKADER KHELLADI,OPU,2018.0,ALGER,DON,PRÊT EXTERNE,ENSIA
1969,INTRODUCTION À L'ANALYSE MATHÉMATIQUE : NOMBRES ET SUITES NUMERIQUES: PREMIÉRES ANNÉES DU LMD. T. 1,ABDELKADER KHELLADI,OPU,2018.0,ALGER,ACHAT,PRÊT EXTERNE,ENSIA
1968,INTRODUCTION À L'ANALYSE MATHÉMATIQUE : NOMBRES ET SUITES NUMERIQUES: PREMIÉRES ANNÉES DU LMD. T. 1,ABDELKADER KHELLADI,OPU,2018.0,ALGER,ACHAT,PRÊT EXTERNE,ENSIA
1967,INTRODUCTION À L'ANALYSE MATHÉMATIQUE : NOMBRES ET SUITES NUMERIQUES: PREMIÉRES ANNÉES DU LMD. T. 1,ABDELKADER KHELLADI,OPU,2018.0,ALGER,ACHAT,PRÊT EXTERNE,ENSIA
1961,INTRODUCTION À L'ANALYSE MATHÉMATIQUE : NOMBRES ET SUITES NUMERIQUES: PREMIÉRES ANNÉES DU LMD. T. 1,ABDELKADER KHELLADI,OPU,2018.0,ALGER,ACHAT,PRÊT EXTERNE,ENSIA
912,INTRODUCTION À L'INFORMATIQUE : COURS ET PROBLÈMES,"SCHEID, FRANCIS",MCGRAW-HILL,1987.0,PARIS,DON,CONSULTATION SUR PLACE,ENSIA
1185,INTRODUCTION À LA CALCULABILITÉ : COURS ET EXERCICES CORRIGÉS,"WOLPER, PIERRE",UNKNOWN_EDITOR,2001.0,PARIS,ACHAT,PRÊT EXTERNE,ENSIA
1186,INTRODUCTION À LA CALCULABILITÉ : COURS ET EXERCICES CORRIGÉS,"WOLPER, PIERRE",UNKNOWN_EDITOR,2001.0,PARIS,ACHAT,PRÊT EXTERNE,ENSIA
1188,INTRODUCTION À LA CALCULABILITÉ : COURS ET EXERCICES CORRIGÉS,"WOLPER, PIERRE",UNKNOWN_EDITOR,2001.0,PARIS,ACHAT,PRÊT EXTERNE,ENSIA
1187,INTRODUCTION À LA CALCULABILITÉ : COURS ET EXERCICES CORRIGÉS,"WOLPER, PIERRE",UNKNOWN_EDITOR,2001.0,PARIS,ACHAT,PRÊT EXTERNE,ENSIA
1184,INTRODUCTION À LA CALCULABILITÉ : COURS ET EXERCICES CORRIGÉS,"WOLPER, PIERRE",UNKNOWN_EDITOR,2001.0,PARIS,ACHAT,PRÊT EXTERNE,ENSIA
1739,INTRODUCTION À LA LOGIQUE : THÉORIE DE LA DÉMONSTRATION : COURS ET EXERCICES,"DAVID, RENÉ",UNKNOWN_EDITOR,2001.0,PARIS,DON,PRÊT EXTERNE,ENSIA
279,"INTRODUCTION À LA MÉCANIQUE : COURS, EXERCICES ET TRAVAUX PRATIQUES","CAUBARRERE, J. L.",OPU,2016.0,ALGER,ACHAT,CONSULTATION SUR PLACE,ENSIA
280,"INTRODUCTION À LA MÉCANIQUE : COURS, EXERCICES ET TRAVAUX PRATIQUES","CAUBARRERE, J. L.",OPU,2016.0,ALGER,ACHAT,PRÊT EXTERNE,ENSIA
1015,INTÉGRALE DE RIEMANN : THÉORIE ET PRATIQUE AVEC EXERCICES CORRIGÉS,EL AMRANI MOHAMMED,UNKNOWN_EDITOR,2009.0,PARIS,ACHAT,PRÊT EXTERNE,ENSIA
1016,INTÉGRALE DE RIEMANN : THÉORIE ET PRATIQUE AVEC EXERCICES CORRIGÉS,EL AMRANI MOHAMMED,UNKNOWN_EDITOR,2009.0,PARIS,ACHAT,PRÊT EXTERNE,ENSIA
179,INTÉGRALES GÉNÉRALISÉES ET SÉRIES,ZIZI KHELIFA,OPU,2016.0,ALGER,ACHAT,CONSULTATION SUR PLACE,ENSIA
180,INTÉGRALES GÉNÉRALISÉES ET SÉRIES,ZIZI KHELIFA,OPU,2016.0,ALGER,ACHAT,PRÊT EXTERNE,ENSIA
181,INTÉGRALES GÉNÉRALISÉES ET SÉRIES,ZIZI KHELIFA,OPU,2016.0,ALGER,ACHAT,PRÊT EXTERNE,ENSIA
182,INTÉGRALES GÉNÉRALISÉES ET SÉRIES,ZIZI KHELIFA,OPU,2016.0,ALGER,ACHAT,PRÊT EXTERNE,ENSIA
1130,"INTÉGRALES SIMPLES : FORMULAIRES COMMENTÉS, 300 EXERCICES ET TESTS","HIRSCH, GÉRARD",UNKNOWN_EDITOR,1982.0,PARIS,ACHAT,PRÊT EXTERNE,ENSIA
1318,INTÉGRATION POUR LA LICENCE : COURS AVEC EXERCICES CORRIGÉS,GAPAILLARD JACQUES,DUNOD,2002.0,FRANCE,ACHAT,PRÊT EXTERNE,ENSIA
1119,INTÉGRATION POUR LA LICENCE : COURS AVEC EXERCICES CORRIGÉS,GAPAILLARD JACQUES,DUNOD,2002.0,FRANCE,ACHAT,PRÊT EXTERNE,ENSIA
1120,INTÉGRATION POUR LA LICENCE : COURS AVEC EXERCICES CORRIGÉS,GAPAILLARD JACQUES,DUNOD,2002.0,FRANCE,ACHAT,PRÊT EXTERNE,ENSIA
1121,INTÉGRATION POUR LA LICENCE : COURS AVEC EXERCICES CORRIGÉS,GAPAILLARD JACQUES,DUNOD,2002.0,FRANCE,ACHAT,PRÊT EXTERNE,ENSIA
1118,INTÉGRATION POUR LA LICENCE : COURS AVEC EXERCICES CORRIGÉS,GAPAILLARD JACQUES,DUNOD,2002.0,FRANCE,ACHAT,PRÊT EXTERNE,ENSIA
1245,JAVA-XML,"FLEURY, RENAUD",UNKNOWN_EDITOR,2004.0,PARIS,DON,PRÊT EXTERNE,ENSIA
3867,JAVASCRIPT : THE DEFINITIVE GUIDE: MASTER THE WORLD'S MOST-USED PROGRAMMING LANGUAGE,"FLANAGAN, DAVID",UNKNOWN_EDITOR,2020.0,CHINA,ACHAT,PRÊT EXTERNE,ENSIA
646,KVM : MISE EN OEUVRE D'UNE SOLUTION DE VIRTUALISATION DES SERVEURS,"JOURDAIN, ERIK",EDITIONS ENI,2016.0,FRANCE,ACHAT,PRÊT EXTERNE,ENSIA
647,KVM : MISE EN OEUVRE D'UNE SOLUTION DE VIRTUALISATION DES SERVEURS,"JOURDAIN, ERIK",EDITIONS ENI,2016.0,FRANCE,ACHAT,PRÊT EXTERNE,ENSIA
648,KVM : MISE EN OEUVRE D'UNE SOLUTION DE VIRTUALISATION DES SERVEURS,"JOURDAIN, ERIK",EDITIONS ENI,2016.0,FRANCE,ACHAT,PRÊT EXTERNE,ENSIA
500,L'AGROÉCOLOGIE EN GRANDES CULTURES : VERS DES SYSTÈMES À HAUTES PERFORMANCES ÉCONOMIQUES ET ENVIRONNEMENTALES,VIAUX PHILIPPE,EDITIONS FRANCE AGRICOLE,2020.0,FRANCE,ACHAT,PRÊT EXTERNE,ENSIA
499,L'AGROÉCOLOGIE EN GRANDES CULTURES : VERS DES SYSTÈMES À HAUTES PERFORMANCES ÉCONOMIQUES ET ENVIRONNEMENTALES,VIAUX PHILIPPE,EDITIONS FRANCE AGRICOLE,2020.0,FRANCE,ACHAT,PRÊT EXTERNE,ENSIA
498,L'AGROÉCOLOGIE EN GRANDES CULTURES : VERS DES SYSTÈMES À HAUTES PERFORMANCES ÉCONOMIQUES ET ENVIRONNEMENTALES,VIAUX PHILIPPE,EDITIONS FRANCE AGRICOLE,2020.0,FRANCE,ACHAT,CONSULTATION SUR PLACE,ENSIA
1720,L'ALGEBRE DES STRUCTURES,HENICHE .H,UNKNOWN_EDITOR,1993.0,ALGER,ACHAT,PRÊT EXTERNE,ENSIA
1721,L'ALGEBRE DES STRUCTURES,HENICHE .H,UNKNOWN_EDITOR,1993.0,ALGER,ACHAT,PRÊT EXTERNE,ENSIA
1344,L'ALGEBRE DES STRUCTURES .TOME1,H.HENICHE,UNKNOWN_EDITOR,UNKNOWN_YEAR,ALGER,DON,PRÊT EXTERNE,ENSIA
72,L'ANALYSE DES COÛTS DANS L'ENTREPRISE,ABDELKRIM TOUDJINE,OPU,2005.0,ALGER,ACHAT,PRÊT EXTERNE,ENSIA
71,L'ANALYSE DES COÛTS DANS L'ENTREPRISE,ABDELKRIM TOUDJINE,OPU,2005.0,ALGER,ACHAT,CONSULTATION SUR PLACE,ENSIA
685,L'ART DE LA CONFIANCE EN SOI : CE QUE LES FEMMES DEVRAIMENT SAVOIR,KAY KATTY,NOUVEAUX HORIZONS,2014.0,FRANCE,DON,PRÊT EXTERNE,ENSIA
684,L'ART DE LA CONFIANCE EN SOI : CE QUE LES FEMMES DEVRAIMENT SAVOIR,KAY KATTY,NOUVEAUX HORIZONS,2014.0,FRANCE,DON,PRÊT EXTERNE,ENSIA
683,L'ART DE LA CONFIANCE EN SOI : CE QUE LES FEMMES DEVRAIMENT SAVOIR,KAY KATTY,NOUVEAUX HORIZONS,2014.0,FRANCE,DON,PRÊT EXTERNE,ENSIA
686,L'ART DE LA CONFIANCE EN SOI : CE QUE LES FEMMES DEVRAIMENT SAVOIR,KAY KATTY,NOUVEAUX HORIZONS,2014.0,FRANCE,DON,PRÊT EXTERNE,ENSIA
779,L'ART DU DÉVELOPPEMENT ANDROID,"ALLEN, GRANT",PEARSON,2012.0,PARIS,DON,PRÊT EXTERNE,ENSIA
228,L'ECONOMIE ALGÉRIENNE A L'HEURE DE LA MONDIALISATION : POUR LES ÉTUDIANTS EN SCIENCES ÉCONOMIQUES,BAGHDAD CHAIB,OPU,2016.0,ALGER,ACHAT,CONSULTATION SUR PLACE,ENSIA
567,"L'ESSENTIEL D'ÉLECTRICITÉ : LICENCE, IUT","GRANJON, YVES",UNKNOWN_EDITOR,2021.0,UNKNOWN_LOCATION,ACHAT,CONSULTATION SUR PLACE,ENSIA
568,"L'ESSENTIEL D'ÉLECTRICITÉ : LICENCE, IUT","GRANJON, YVES",UNKNOWN_EDITOR,2021.0,UNKNOWN_LOCATION,ACHAT,PRÊT EXTERNE,ENSIA
569,"L'ESSENTIEL D'ÉLECTRICITÉ : LICENCE, IUT","GRANJON, YVES",UNKNOWN_EDITOR,2021.0,UNKNOWN_LOCATION,ACHAT,PRÊT EXTERNE,ENSIA
939,L'HORIZON OU LE REFUS DE L'INFINI : DES BORNES DU VISIBLE AUX LIMITES DU POSSIBLE,"PERDIJON, JEAN",VUIBERT,2011.0,PARIS,DON,PRÊT EXTERNE,ENSIA
808,L'INTELLIGENCE ARTIFICIELLE : À TRAVERS TURBO PROLOG,"HUDAULT, BÉNÉDICTE",ELLIPSES,1991.0,PARIS,DON,PRÊT EXTERNE,ENSIA
1023,L'INTELLIGENCE ARTIFICIELLE : À TRAVERS TURBO PROLOG,"HUDAULT, BÉNÉDICTE",ELLIPSES,1991.0,PARIS,ACHAT,PRÊT EXTERNE,ENSIA
3900,L'INTELLIGENCE ARTIFICIELLE PAR LA PRATIQUE/ 2ÉME ÉDITION,"FALTINGS, BOI",UNKNOWN_EDITOR,2017.0,LAUSANNE : PRESSES POLYTECHNIQUES ET UNIVERSITAIRES ROMANDES,ACHAT,PRÊT EXTERNE,ENSIA
3899,L'INTELLIGENCE ARTIFICIELLE PAR LA PRATIQUE/ 2ÉME ÉDITION,"FALTINGS, BOI",UNKNOWN_EDITOR,2017.0,LAUSANNE : PRESSES POLYTECHNIQUES ET UNIVERSITAIRES ROMANDES,ACHAT,PRÊT EXTERNE,ENSIA
3898,L'INTELLIGENCE ARTIFICIELLE PAR LA PRATIQUE/ 2ÉME ÉDITION,"FALTINGS, BOI",UNKNOWN_EDITOR,2017.0,LAUSANNE : PRESSES POLYTECHNIQUES ET UNIVERSITAIRES ROMANDES,ACHAT,PRÊT EXTERNE,ENSIA
3902,L'INTELLIGENCE ARTIFICIELLE PAR LA PRATIQUE/ 2ÉME ÉDITION,"FALTINGS, BOI",UNKNOWN_EDITOR,2017.0,LAUSANNE : PRESSES POLYTECHNIQUES ET UNIVERSITAIRES ROMANDES,ACHAT,PRÊT EXTERNE,ENSIA
3901,L'INTELLIGENCE ARTIFICIELLE PAR LA PRATIQUE/ 2ÉME ÉDITION,"FALTINGS, BOI",UNKNOWN_EDITOR,2017.0,LAUSANNE : PRESSES POLYTECHNIQUES ET UNIVERSITAIRES ROMANDES,ACHAT,PRÊT EXTERNE,ENSIA
3897,L'INTELLIGENCE ARTIFICIELLE PAR LA PRATIQUE/ 2ÉME ÉDITION,"FALTINGS, BOI",UNKNOWN_EDITOR,2017.0,LAUSANNE : PRESSES POLYTECHNIQUES ET UNIVERSITAIRES ROMANDES,ACHAT,PRÊT EXTERNE,ENSIA
1125,"L'ORAL MATHÉMATIQUES : NIVEAU CCP, E3A, E4A, ESIM : MP","MONIER, JEAN-MARIE",UNKNOWN_EDITOR,2002.0,PARIS,DON,PRÊT EXTERNE,ENSIA
1124,"L'ORAL MATHÉMATIQUES : NIVEAU CCP, E3A, E4A, ESIM : MP","MONIER, JEAN-MARIE",UNKNOWN_EDITOR,2002.0,PARIS,DON,PRÊT EXTERNE,ENSIA
143,LA COMPTABILITÉ DES RESSOURCES HUMAINES,AMOKRANE ABDELLAZIZ,OPU,2012.0,ALGER,ACHAT,CONSULTATION SUR PLACE,ENSIA
125,LA COMPTABILITÉ GÉNÉRALE AUX NORMES DU NOUVEAU SYSTÈME COMPTABLE FINANCIER (S.C.F.),"BENAIBOUCHE, MOHAND CID",OPU,2012.0,ALGER,ACHAT,CONSULTATION SUR PLACE,ENSIA
112,LA METHODOLOGIE DE TRAVAIL,LAHOUEL MESBAH,OPU,2013.0,ALGER,ACHAT,PRÊT EXTERNE,ENSIA
111,LA METHODOLOGIE DE TRAVAIL,LAHOUEL MESBAH,OPU,2013.0,ALGER,ACHAT,CONSULTATION SUR PLACE,ENSIA
810,LA PROGRAMMATION SOUS UNIX,"RIFFLET, JEAN-MARIE",DUNOD,2002.0,PARIS,DON,PRÊT EXTERNE,ENSIA
809,LA PROGRAMMATION SOUS UNIX,"RIFFLET, JEAN-MARIE",DUNOD,2002.0,PARIS,DON,CONSULTATION SUR PLACE,ENSIA
910,LA PROGRAMMATION SOUS UNIX,"RIFFLET, JEAN-MARIE",DUNOD,2002.0,PARIS,DON,PRÊT EXTERNE,ENSIA
124,LA SEGMENTATION MARKETING : DE L'ÉTUDE DE MARCHÉ À LA STRATÉGIE MARKETING,"BERNOUSSI, NEDJMA",OPU,2010.0,ALGER,ACHAT,PRÊT EXTERNE,ENSIA
123,LA SEGMENTATION MARKETING : DE L'ÉTUDE DE MARCHÉ À LA STRATÉGIE MARKETING,"BERNOUSSI, NEDJMA",OPU,2010.0,ALGER,ACHAT,CONSULTATION SUR PLACE,ENSIA
433,LA THÉORIE DE LA RELATIVITÉ RESTREINTE ET GÉNÉRALE,"EINSTEIN, ALBERT",DUNOD,2021.0,PARIS,ACHAT,PRÊT EXTERNE,ENSIA
431,LA THÉORIE DE LA RELATIVITÉ RESTREINTE ET GÉNÉRALE,"EINSTEIN, ALBERT",DUNOD,2021.0,PARIS,ACHAT,CONSULTATION SUR PLACE,ENSIA
432,LA THÉORIE DE LA RELATIVITÉ RESTREINTE ET GÉNÉRALE,"EINSTEIN, ALBERT",DUNOD,2021.0,PARIS,ACHAT,PRÊT EXTERNE,ENSIA
1021,"LANGAGES FORMELS : CALCULABILITÉ ET COMPLEXITÉ : COURS ET EXERCICES CORRIGÉS : LICENCE 3 & MASTER, MATHÉMATIQUES & INFORMATIQUE, AGRÉGATION MATHÉMATIQUES","CARTON, OLIVIER",UNKNOWN_EDITOR,2014.0,PARIS,ACHAT,PRÊT EXTERNE,ENSIA
1022,"LANGAGES FORMELS : CALCULABILITÉ ET COMPLEXITÉ : COURS ET EXERCICES CORRIGÉS : LICENCE 3 & MASTER, MATHÉMATIQUES & INFORMATIQUE, AGRÉGATION MATHÉMATIQUES","CARTON, OLIVIER",UNKNOWN_EDITOR,2014.0,PARIS,ACHAT,PRÊT EXTERNE,ENSIA
712,"LE CASINO CLIMATIQUE : RISQUE,INCERTITUDES ET SOLUTIONS ÉCONOMIQUE FACE À UN MONDE EN RECHAUFFEMENT",WILLIAM NORDHAUS,NOUVEAUX HORIZONS,2019.0,FRANCE,DON,PRÊT EXTERNE,ENSIA
714,"LE CASINO CLIMATIQUE : RISQUE,INCERTITUDES ET SOLUTIONS ÉCONOMIQUE FACE À UN MONDE EN RECHAUFFEMENT",WILLIAM NORDHAUS,NOUVEAUX HORIZONS,2019.0,FRANCE,DON,PRÊT EXTERNE,ENSIA
713,"LE CASINO CLIMATIQUE : RISQUE,INCERTITUDES ET SOLUTIONS ÉCONOMIQUE FACE À UN MONDE EN RECHAUFFEMENT",WILLIAM NORDHAUS,NOUVEAUX HORIZONS,2019.0,FRANCE,DON,PRÊT EXTERNE,ENSIA
711,"LE CASINO CLIMATIQUE : RISQUE,INCERTITUDES ET SOLUTIONS ÉCONOMIQUE FACE À UN MONDE EN RECHAUFFEMENT",WILLIAM NORDHAUS,NOUVEAUX HORIZONS,2019.0,FRANCE,DON,CONSULTATION SUR PLACE,ENSIA
240,LE DEVELOPPEMENT DURABLE ET LE MECANISME DE LA BONNE GOUVERNANCE,"KADRI M,TE",OPU,2018.0,ALGER,ACHAT,CONSULTATION SUR PLACE,ENSIA
1348,LE DÉFI ALGÉBRIQUE TOME 1,"MUTAFIAN, CLAUDE",UNKNOWN_EDITOR,1975.0,PARIS,DON,PRÊT EXTERNE,ENSIA
1724,LE DÉFI ALGÉBRIQUE TOME 1,"MUTAFIAN, CLAUDE",UNKNOWN_EDITOR,1975.0,PARIS,DON,PRÊT EXTERNE,ENSIA
1343,LE DÉFI ALGÉBRIQUE TOME 1,"MUTAFIAN, CLAUDE",UNKNOWN_EDITOR,1975.0,PARIS,DON,PRÊT EXTERNE,ENSIA
1726,LE DÉFI ALGÉBRIQUE.TOME 2,"MUTAFIAN , CLAUD",UNKNOWN_EDITOR,1976.0,PARIS,DON,PRÊT EXTERNE,ENSIA
1725,LE DÉFI ALGÉBRIQUE.TOME 2,"MUTAFIAN , CLAUD",UNKNOWN_EDITOR,1976.0,PARIS,DON,PRÊT EXTERNE,ENSIA
775,LE GUIDE DE L'UTILISATEUR (UML),"BOOCH, GRADY",EYROLLES,2001.0,PARIS,DON,PRÊT EXTERNE,ENSIA
903,LE GUIDE DE L'UTILISATEUR (UML),"BOOCH, GRADY",EYROLLES,2001.0,PARIS,DON,PRÊT EXTERNE,ENSIA
904,LE LANGAGE C,"AITKEN, PETER G.",PEARSON,2008.0,PARIS,DON,PRÊT EXTERNE,ENSIA
649,LE LIVRE DE JAVA : PREMIER LANGAGE : AVEC 99 EXERCICES CORRIGÉS,"TASSO, ANNE",UNKNOWN_EDITOR,2013.0,PARIS,DON,PRÊT EXTERNE,ENSIA
562,LE LIVRE DES TECHNIQUES DU SON. NOTIONS FONDAMENTALES,"DENIZART, JEAN-MICHEL",UNKNOWN_EDITOR,2021.0,UNKNOWN_LOCATION,ACHAT,PRÊT EXTERNE,ENSIA
561,LE LIVRE DES TECHNIQUES DU SON. NOTIONS FONDAMENTALES,"DENIZART, JEAN-MICHEL",UNKNOWN_EDITOR,2021.0,UNKNOWN_LOCATION,ACHAT,CONSULTATION SUR PLACE,ENSIA
563,LE LIVRE DES TECHNIQUES DU SON. NOTIONS FONDAMENTALES,"DENIZART, JEAN-MICHEL",UNKNOWN_EDITOR,2021.0,UNKNOWN_LOCATION,ACHAT,PRÊT EXTERNE,ENSIA
201,LE MANAGEMENT CONSEIL UNE OPTION POUR LA REUSSITE DES ENTREPRISES,GHEDJGHOUDJ EL HADI,OPU,2014.0,ALGER,ACHAT,CONSULTATION SUR PLACE,ENSIA
142,LE MANAGEMENT THÉORIE ET PRATIQUE,EL HADI GHEDJGHOUDJ,OPU,2015.0,ALGER,ACHAT,PRÊT EXTERNE,ENSIA
141,LE MANAGEMENT THÉORIE ET PRATIQUE,EL HADI GHEDJGHOUDJ,OPU,2015.0,ALGER,ACHAT,CONSULTATION SUR PLACE,ENSIA
3450,LE MARKETING DES SERVICES LES CONNAISSANCES DE BASE,LARABI BAHIA ALLIOUCHE,OPU,2017.0,ALGER,ACHAT,PRÊT EXTERNE,ENSIA
233,LE MARKETING DES SERVICES LES CONNAISSANCES DE BASE,LARABI BAHIA ALLIOUCHE,OPU,2017.0,ALGER,ACHAT,CONSULTATION SUR PLACE,ENSIA
3458,LE MARKETING DES SERVICES LES CONNAISSANCES DE BASE,LARABI BAHIA ALLIOUCHE,OPU,2017.0,ALGER,ACHAT,PRÊT EXTERNE,ENSIA
3449,LE MARKETING DES SERVICES LES CONNAISSANCES DE BASE,LARABI BAHIA ALLIOUCHE,OPU,2017.0,ALGER,ACHAT,PRÊT EXTERNE,ENSIA
3457,LE MARKETING DES SERVICES LES CONNAISSANCES DE BASE,LARABI BAHIA ALLIOUCHE,OPU,2017.0,ALGER,ACHAT,PRÊT EXTERNE,ENSIA
3451,LE MARKETING DES SERVICES LES CONNAISSANCES DE BASE,LARABI BAHIA ALLIOUCHE,OPU,2017.0,ALGER,ACHAT,PRÊT EXTERNE,ENSIA
3452,LE MARKETING DES SERVICES LES CONNAISSANCES DE BASE,LARABI BAHIA ALLIOUCHE,OPU,2017.0,ALGER,ACHAT,PRÊT EXTERNE,ENSIA
3453,LE MARKETING DES SERVICES LES CONNAISSANCES DE BASE,LARABI BAHIA ALLIOUCHE,OPU,2017.0,ALGER,ACHAT,PRÊT EXTERNE,ENSIA
3454,LE MARKETING DES SERVICES LES CONNAISSANCES DE BASE,LARABI BAHIA ALLIOUCHE,OPU,2017.0,ALGER,ACHAT,PRÊT EXTERNE,ENSIA
3455,LE MARKETING DES SERVICES LES CONNAISSANCES DE BASE,LARABI BAHIA ALLIOUCHE,OPU,2017.0,ALGER,ACHAT,PRÊT EXTERNE,ENSIA
3456,LE MARKETING DES SERVICES LES CONNAISSANCES DE BASE,LARABI BAHIA ALLIOUCHE,OPU,2017.0,ALGER,ACHAT,PRÊT EXTERNE,ENSIA
702,LE MBA VISUEL : DEUX ANNÉES DE MBA EN UN UN SEUL LIVRE DANS LEQUEL UN DESSIN VAUT MIEUX QUE 1000 MOT,BARRON JASON,NOUVEAUX HORIZONS,2019.0,FRANCE,DON,PRÊT EXTERNE,ENSIA
701,LE MBA VISUEL : DEUX ANNÉES DE MBA EN UN UN SEUL LIVRE DANS LEQUEL UN DESSIN VAUT MIEUX QUE 1000 MOT,BARRON JASON,NOUVEAUX HORIZONS,2019.0,FRANCE,DON,PRÊT EXTERNE,ENSIA
700,LE MBA VISUEL : DEUX ANNÉES DE MBA EN UN UN SEUL LIVRE DANS LEQUEL UN DESSIN VAUT MIEUX QUE 1000 MOT,BARRON JASON,NOUVEAUX HORIZONS,2019.0,FRANCE,DON,PRÊT EXTERNE,ENSIA
699,LE MBA VISUEL : DEUX ANNÉES DE MBA EN UN UN SEUL LIVRE DANS LEQUEL UN DESSIN VAUT MIEUX QUE 1000 MOT,BARRON JASON,NOUVEAUX HORIZONS,2019.0,FRANCE,DON,CONSULTATION SUR PLACE,ENSIA
694,LE MYTHE DE LA GENTILLE FILLE,HAUSER FRAN,NOUVEAUX HORIZONS,2019.0,USA,DON,PRÊT EXTERNE,ENSIA
693,LE MYTHE DE LA GENTILLE FILLE,HAUSER FRAN,NOUVEAUX HORIZONS,2019.0,USA,DON,PRÊT EXTERNE,ENSIA
691,LE MYTHE DE LA GENTILLE FILLE,HAUSER FRAN,NOUVEAUX HORIZONS,2019.0,USA,ACHAT,CONSULTATION SUR PLACE,ENSIA
692,LE MYTHE DE LA GENTILLE FILLE,HAUSER FRAN,NOUVEAUX HORIZONS,2019.0,USA,DON,PRÊT EXTERNE,ENSIA
744,"LE NOUVEAU GUIDE DU PC : COMPRENDRE, ACHETER, ENTRETENIR, AMÉLIORER","STEINER, JACK",OEM,2002.0,PARIS,DON,PRÊT EXTERNE,ENSIA
1197,"LE PC : ARCHITECTURE, MAINTENANCE ET MISE À NIVEAU","MUELLER, SCOTT",UNKNOWN_EDITOR,2002.0,PARIS,DON,PRÊT EXTERNE,ENSIA
1198,"LE PC : ARCHITECTURE, MAINTENANCE ET MISE À NIVEAU","MUELLER, SCOTT",UNKNOWN_EDITOR,2002.0,PARIS,DON,PRÊT EXTERNE,ENSIA
802,LE PC : COMMENT FAIRE QUAND ON N'Y CONNAIT RIEN ET QU'ON VEUT Y ARRIVER TOUT SEUL,"KRAYNAK, JOE",SIMON,1998.0,PARIS,PASSIF,PRÊT EXTERNE,ENSIA
758,LE PROJET INFORMATIQUE DE A À Z : APPROCHE PRAGMATIQUE DE LA GESTION DE PROJET,"FRÉMAUX, VALÉRY GUILHEM",ELLIPSES,2006.0,PARIS,DON,PRÊT EXTERNE,ENSIA
368,LEAN SIX SIGMA AND STATISTICAL TOOLS FOR ENGINEERS AND ENGINEERING MANAGERS,ZHAN WEI,MOMENTUM PRESS,2016.0,USA,ACHAT,PRÊT EXTERNE,ENSIA
367,LEAN SIX SIGMA AND STATISTICAL TOOLS FOR ENGINEERS AND ENGINEERING MANAGERS,ZHAN WEI,MOMENTUM PRESS,2016.0,USA,ACHAT,PRÊT EXTERNE,ENSIA
3700,LECTURE NOTES IN ENGLISH FOR COMPUTING,BELABDELOUAHAB-FERNINI LINDA,OPU,2017.0,ALGER,ACHAT,PRÊT EXTERNE,ENSIA
3019,LECTURE NOTES IN ENGLISH FOR COMPUTING,BELABDELOUAHAB-FERNINI LINDA,OPU,2017.0,ALGER,ACHAT,PRÊT EXTERNE,ENSIA
3018,LECTURE NOTES IN ENGLISH FOR COMPUTING,BELABDELOUAHAB-FERNINI LINDA,OPU,2017.0,ALGER,ACHAT,PRÊT EXTERNE,ENSIA
3017,LECTURE NOTES IN ENGLISH FOR COMPUTING,BELABDELOUAHAB-FERNINI LINDA,OPU,2017.0,ALGER,ACHAT,PRÊT EXTERNE,ENSIA
3016,LECTURE NOTES IN ENGLISH FOR COMPUTING,BELABDELOUAHAB-FERNINI LINDA,OPU,2017.0,ALGER,ACHAT,PRÊT EXTERNE,ENSIA
3015,LECTURE NOTES IN ENGLISH FOR COMPUTING,BELABDELOUAHAB-FERNINI LINDA,OPU,2017.0,ALGER,ACHAT,PRÊT EXTERNE,ENSIA
3014,LECTURE NOTES IN ENGLISH FOR COMPUTING,BELABDELOUAHAB-FERNINI LINDA,OPU,2017.0,ALGER,ACHAT,PRÊT EXTERNE,ENSIA
3013,LECTURE NOTES IN ENGLISH FOR COMPUTING,BELABDELOUAHAB-FERNINI LINDA,OPU,2017.0,ALGER,ACHAT,PRÊT EXTERNE,ENSIA
3012,LECTURE NOTES IN ENGLISH FOR COMPUTING,BELABDELOUAHAB-FERNINI LINDA,OPU,2017.0,ALGER,ACHAT,PRÊT EXTERNE,ENSIA
3011,LECTURE NOTES IN ENGLISH FOR COMPUTING,BELABDELOUAHAB-FERNINI LINDA,OPU,2017.0,ALGER,ACHAT,PRÊT EXTERNE,ENSIA
3010,LECTURE NOTES IN ENGLISH FOR COMPUTING,BELABDELOUAHAB-FERNINI LINDA,OPU,2017.0,ALGER,ACHAT,PRÊT EXTERNE,ENSIA
3702,LECTURE NOTES IN ENGLISH FOR COMPUTING,BELABDELOUAHAB-FERNINI LINDA,OPU,2017.0,ALGER,ACHAT,PRÊT EXTERNE,ENSIA
3701,LECTURE NOTES IN ENGLISH FOR COMPUTING,BELABDELOUAHAB-FERNINI LINDA,OPU,2017.0,ALGER,ACHAT,PRÊT EXTERNE,ENSIA
3703,LECTURE NOTES IN ENGLISH FOR COMPUTING,BELABDELOUAHAB-FERNINI LINDA,OPU,2017.0,ALGER,ACHAT,PRÊT EXTERNE,ENSIA
3704,LECTURE NOTES IN ENGLISH FOR COMPUTING,BELABDELOUAHAB-FERNINI LINDA,OPU,2017.0,ALGER,ACHAT,PRÊT EXTERNE,ENSIA
3705,LECTURE NOTES IN ENGLISH FOR COMPUTING,BELABDELOUAHAB-FERNINI LINDA,OPU,2017.0,ALGER,ACHAT,PRÊT EXTERNE,ENSIA
3706,LECTURE NOTES IN ENGLISH FOR COMPUTING,BELABDELOUAHAB-FERNINI LINDA,OPU,2017.0,ALGER,ACHAT,PRÊT EXTERNE,ENSIA
3707,LECTURE NOTES IN ENGLISH FOR COMPUTING,BELABDELOUAHAB-FERNINI LINDA,OPU,2017.0,ALGER,ACHAT,PRÊT EXTERNE,ENSIA
3708,LECTURE NOTES IN ENGLISH FOR COMPUTING,BELABDELOUAHAB-FERNINI LINDA,OPU,2017.0,ALGER,ACHAT,PRÊT EXTERNE,ENSIA
3709,LECTURE NOTES IN ENGLISH FOR COMPUTING,BELABDELOUAHAB-FERNINI LINDA,OPU,2017.0,ALGER,ACHAT,PRÊT EXTERNE,ENSIA
1362,LECTURES ON BOOLEN ALGEBRAS,R.HALMOS.PAUL,VAN NOSTRAND MATHEMATICAL STUDIES,1967.0,LONDON,ACHAT,PRÊT EXTERNE,ENSIA
1361,LECTURES ON BOOLEN ALGEBRAS,R.HALMOS.PAUL,VAN NOSTRAND MATHEMATICAL STUDIES,1967.0,LONDON,ACHAT,PRÊT EXTERNE,ENSIA
503,LES ABEILLES : L'OEIL ET LE GESTE EN APICULTURE,MARÉCHAL PIERRE,EDITIONS FRANCE AGRICOLE,2020.0,FRANCE,ACHAT,PRÊT EXTERNE,ENSIA
502,LES ABEILLES : L'OEIL ET LE GESTE EN APICULTURE,MARÉCHAL PIERRE,EDITIONS FRANCE AGRICOLE,2020.0,FRANCE,ACHAT,PRÊT EXTERNE,ENSIA
501,LES ABEILLES : L'OEIL ET LE GESTE EN APICULTURE,MARÉCHAL PIERRE,EDITIONS FRANCE AGRICOLE,2020.0,FRANCE,ACHAT,CONSULTATION SUR PLACE,ENSIA
731,LES CARTES À PUCE : THÉORIE ET MISE EN OEUVRE,"TAVERNIER, CHRISTIAN",DUNOD,2011.0,PARIS,DON,CONSULTATION SUR PLACE,ENSIA
762,LES DOCUMENTS ÉCRITS : DE LA NUMÉRISATION À L'INDEXATION PAR LE CONTENU,"MULLOT, RÉMY",HERMES SCIENCE PUBL.,2006.0,PARIS,DON,CONSULTATION SUR PLACE,ENSIA
75,LES DÉSORDRES DE LA FINANCE,DOMINIQUE PLIHON,UNIVERSALIS,2004.0,FRANCE,ACHAT,CONSULTATION SUR PLACE,ENSIA
897,LES EQUATIONS ALGÉBRIQUES : ABORDER LES INCONNUES,"LEHNING, HERVÉ",POLE,2012.0,PARIS,DON,PRÊT EXTERNE,ENSIA
987,LES EQUATIONS ALGÉBRIQUES : ABORDER LES INCONNUES,"LEHNING, HERVÉ",POLE,2012.0,PARIS,PASSIF,PRÊT EXTERNE,ENSIA
841,"LES MATHÉMATIQUES EN LICENCE : COURS ET EXERCICES RÉSOLUS, 2E ANNÉE. TOME1","AZOULAY, ELIE",EDISCIENCE INTERNATIONAL,2003.0,PARIS,DON,PRÊT EXTERNE,ENSIA
840,"LES MATHÉMATIQUES EN LICENCE : COURS ET EXERCICES RÉSOLUS, 2E ANNÉE. TOME1","AZOULAY, ELIE",EDISCIENCE INTERNATIONAL,2003.0,PARIS,DON,PRÊT EXTERNE,ENSIA
843,"LES MATHÉMATIQUES EN LICENCE, 2E ANNÉE : COURS ET EXERCICES RÉSOLUS. TOME 2","AZOULAY, ELIE",UNKNOWN_EDITOR,2003.0,PARIS,ACHAT,PRÊT EXTERNE,ENSIA
842,"LES MATHÉMATIQUES EN LICENCE, 2E ANNÉE : COURS ET EXERCICES RÉSOLUS. TOME 2","AZOULAY, ELIE",UNKNOWN_EDITOR,2003.0,PARIS,ACHAT,PRÊT EXTERNE,ENSIA
924,LES MILLE ET UNE QUESTIONS DE LA PHYSIQUE EN PRÉPA : 2ÈME ANNÉE MP/MP*-PT/PT*,"GARING, CHRISTIAN",ELLIPSES,2006.0,PARIS,ACHAT,PRÊT EXTERNE,ENSIA
925,LES MILLE ET UNE QUESTIONS DE LA PHYSIQUE EN PRÉPA : 2ÈME ANNÉE MP/MP*-PT/PT*,"GARING, CHRISTIAN",ELLIPSES,2006.0,PARIS,ACHAT,PRÊT EXTERNE,ENSIA
932,LES MILLE ET UNE QUESTIONS DE LA PHYSIQUE EN PRÉPA : 2ÈME ANNÉE PSI/PSI*,"GARING, CHRISTIAN",ELLIPSES,2006.0,PARIS,DON,CONSULTATION SUR PLACE,ENSIA
163,LES NANOSCIENCES ET NANOTECHNOLOGIES : LEURS APPLICATIONS DANS LES DOMAINES INDUSTRIELS ET ECONOMIQUES,"BENYAHIA, FARID",OPU,2015.0,ALGER,ACHAT,CONSULTATION SUR PLACE,ENSIA
456,LES SCIENCES DU NUMÉRIQUE ET LE CALCUL HAUTE PERFORMANCE,COMMISSARIAT À L'ÉNERGIE ATOMIQUE ET AUX ÉNERGIES ALTERNATIVES,LE MONITEUR,2018.0,PARIS,ACHAT,PRÊT EXTERNE,ENSIA
454,LES SCIENCES DU NUMÉRIQUE ET LE CALCUL HAUTE PERFORMANCE,COMMISSARIAT À L'ÉNERGIE ATOMIQUE ET AUX ÉNERGIES ALTERNATIVES,LE MONITEUR,2018.0,PARIS,ACHAT,PRÊT EXTERNE,ENSIA
453,LES SCIENCES DU NUMÉRIQUE ET LE CALCUL HAUTE PERFORMANCE,COMMISSARIAT À L'ÉNERGIE ATOMIQUE ET AUX ÉNERGIES ALTERNATIVES,LE MONITEUR,2018.0,PARIS,ACHAT,PRÊT EXTERNE,ENSIA
455,LES SCIENCES DU NUMÉRIQUE ET LE CALCUL HAUTE PERFORMANCE,COMMISSARIAT À L'ÉNERGIE ATOMIQUE ET AUX ÉNERGIES ALTERNATIVES,LE MONITEUR,2018.0,PARIS,ACHAT,PRÊT EXTERNE,ENSIA
452,LES SCIENCES DU NUMÉRIQUE ET LE CALCUL HAUTE PERFORMANCE,COMMISSARIAT À L'ÉNERGIE ATOMIQUE ET AUX ÉNERGIES ALTERNATIVES,LE MONITEUR,2018.0,PARIS,ACHAT,PRÊT EXTERNE,ENSIA
451,LES SCIENCES DU NUMÉRIQUE ET LE CALCUL HAUTE PERFORMANCE,COMMISSARIAT À L'ÉNERGIE ATOMIQUE ET AUX ÉNERGIES ALTERNATIVES,LE MONITEUR,2018.0,PARIS,ACHAT,CONSULTATION SUR PLACE,ENSIA
734,"LES VPN : FONCTIONNEMENT, MISE EN OEUVRE ET MAINTENANCE DES RÉSEAUX PRIVÉS VIRTUELS","ARCHIER, JEAN-PAUL",ED. ENI,2013.0,SAINT-HERBLAIN,DON,CONSULTATION SUR PLACE,ENSIA
1285,LEXIQUE DE MATHEMATIQUES,MOUHOUCHE ALI,UNKNOWN_EDITOR,1994.0,ALGER,ACHAT,PRÊT EXTERNE,ENSIA
1506,LEXIQUE MATHEMATIQUE,SADALLAH BOUBAKER KHELED,UNKNOWN_EDITOR,2017.0,ALGER,ACHAT,CONSULTATION SUR PLACE,ENSIA
1508,LEXIQUE MATHEMATIQUE,SADALLAH BOUBAKER KHELED,UNKNOWN_EDITOR,2017.0,ALGER,ACHAT,PRÊT EXTERNE,ENSIA
1514,LEXIQUE MATHEMATIQUE,SADALLAH BOUBAKER KHELED,UNKNOWN_EDITOR,2017.0,ALGER,ACHAT,PRÊT EXTERNE,ENSIA
1513,LEXIQUE MATHEMATIQUE,SADALLAH BOUBAKER KHELED,UNKNOWN_EDITOR,2017.0,ALGER,ACHAT,PRÊT EXTERNE,ENSIA
1515,LEXIQUE MATHEMATIQUE,SADALLAH BOUBAKER KHELED,UNKNOWN_EDITOR,2017.0,ALGER,ACHAT,PRÊT EXTERNE,ENSIA
1510,LEXIQUE MATHEMATIQUE,SADALLAH BOUBAKER KHELED,UNKNOWN_EDITOR,2017.0,ALGER,ACHAT,PRÊT EXTERNE,ENSIA
1509,LEXIQUE MATHEMATIQUE,SADALLAH BOUBAKER KHELED,UNKNOWN_EDITOR,2017.0,ALGER,ACHAT,PRÊT EXTERNE,ENSIA
1511,LEXIQUE MATHEMATIQUE,SADALLAH BOUBAKER KHELED,UNKNOWN_EDITOR,2017.0,ALGER,ACHAT,PRÊT EXTERNE,ENSIA
1512,LEXIQUE MATHEMATIQUE,SADALLAH BOUBAKER KHELED,UNKNOWN_EDITOR,2017.0,ALGER,ACHAT,PRÊT EXTERNE,ENSIA
1507,LEXIQUE MATHEMATIQUE,SADALLAH BOUBAKER KHELED,UNKNOWN_EDITOR,2017.0,ALGER,ACHAT,PRÊT EXTERNE,ENSIA
3768,LINEAR ALGEBRA AND LEARNING FROM DATA,"STRANG,GILBERT",UNKNOWN_EDITOR,2017.0,UNKNOWN_LOCATION,ACHAT,PRÊT EXTERNE,ENSIA
804,LINUX : LA BOITE À OUTILS DU DÉVELOPPEUR WEB,"JONES, CHRISTOPHER A.",OEM,2000.0,PARIS,PASSIF,PRÊT EXTERNE,ENSIA
732,LINUX : LE GUIDE DU DÉVELOPPEUR,"GOERZEN, JOHN",OEM,2000.0,PARIS,DON,PRÊT EXTERNE,ENSIA
745,LINUX ADMINISTRATION. T. 1 : LES BASES DE L'ADMINISTRATION SYSTÈME,"BOUCHAUDY, JEAN-FRANÇOIS",TSOFT ÉD.,2009.0,PARIS,DON,PRÊT EXTERNE,ENSIA
1135,LOGIQUE MATHÉMATIQUE,"PABION, JEAN-FRANÇOIS",UNKNOWN_EDITOR,1976.0,PARIS,ACHAT,PRÊT EXTERNE,ENSIA
1136,LOGIQUE MATHÉMATIQUE,"PABION, JEAN-FRANÇOIS",UNKNOWN_EDITOR,1976.0,PARIS,ACHAT,PRÊT EXTERNE,ENSIA
404,LOGIQUE MATHÉMATIQUE : COURS ET EXERCICES CORRIGÉS,RENÉ CORI,DUNOD,2003.0,PARIS,ACHAT,PRÊT EXTERNE,ENSIA
406,LOGIQUE MATHÉMATIQUE : COURS ET EXERCICES CORRIGÉS,RENÉ CORI,DUNOD,2003.0,PARIS,ACHAT,PRÊT EXTERNE,ENSIA
1126,LOGIQUE MATHÉMATIQUE : COURS ET EXERCICES CORRIGÉS,"LASCAR, DANIEL",UNKNOWN_EDITOR,2003.0,PARIS,DON,PRÊT EXTERNE,ENSIA
1127,LOGIQUE MATHÉMATIQUE : COURS ET EXERCICES CORRIGÉS,"LASCAR, DANIEL",UNKNOWN_EDITOR,2003.0,PARIS,DON,PRÊT EXTERNE,ENSIA
405,LOGIQUE MATHÉMATIQUE : COURS ET EXERCICES CORRIGÉS,RENÉ CORI,DUNOD,2003.0,PARIS,ACHAT,PRÊT EXTERNE,ENSIA
407,LOGIQUE MATHÉMATIQUE : COURS ET EXERCICES CORRIGÉS,RENÉ CORI,DUNOD,2003.0,PARIS,ACHAT,PRÊT EXTERNE,ENSIA
408,LOGIQUE MATHÉMATIQUE : COURS ET EXERCICES CORRIGÉS,RENÉ CORI,DUNOD,2003.0,PARIS,ACHAT,PRÊT EXTERNE,ENSIA
3710,"LONGMAN ACADEMIC WRITING SERIES,LEVEL 5 : ESSAYS TO RESEARCH PAPERS","MEYERS ,ALAN",PEARSON EDUCATION,2014.0,CONGRESS,ACHAT,PRÊT EXTERNE,ENSIA
3711,"LONGMAN ACADEMIC WRITING SERIES,LEVEL 5 : ESSAYS TO RESEARCH PAPERS","MEYERS ,ALAN",PEARSON EDUCATION,2014.0,CONGRESS,ACHAT,PRÊT EXTERNE,ENSIA
3712,"LONGMAN ACADEMIC WRITING SERIES,LEVEL 5 : ESSAYS TO RESEARCH PAPERS","MEYERS ,ALAN",PEARSON EDUCATION,2014.0,CONGRESS,ACHAT,PRÊT EXTERNE,ENSIA
3766,MACHINE LEARNING AVEC SCIKIT-LEARN,"GÉRON, AURÉLIEN",UNKNOWN_EDITOR,UNKNOWN_YEAR,UNKNOWN_LOCATION,ACHAT,PRÊT EXTERNE,ENSIA
3765,MACHINE LEARNING AVEC SCIKIT-LEARN,"GÉRON, AURÉLIEN",UNKNOWN_EDITOR,UNKNOWN_YEAR,UNKNOWN_LOCATION,ACHAT,PRÊT EXTERNE,ENSIA
3767,MACHINE LEARNING AVEC SCIKIT-LEARN,"GÉRON, AURÉLIEN",UNKNOWN_EDITOR,UNKNOWN_YEAR,UNKNOWN_LOCATION,ACHAT,PRÊT EXTERNE,ENSIA
3784,MACHINE LEARNING: : A PROBABILISTIC PERSPECTIVE,"MURPHY, KEVIN",UNKNOWN_EDITOR,2012.0,UNKNOWN_LOCATION,ACHAT,PRÊT EXTERNE,ENSIA
707,MACROÉCONOMIE,MANKIW GREGORY N,NOUVEAUX HORIZONS,2019.0,FRANCE,DON,CONSULTATION SUR PLACE,ENSIA
708,MACROÉCONOMIE,MANKIW GREGORY N,NOUVEAUX HORIZONS,2019.0,FRANCE,DON,PRÊT EXTERNE,ENSIA
709,MACROÉCONOMIE,MANKIW GREGORY N,NOUVEAUX HORIZONS,2019.0,FRANCE,DON,PRÊT EXTERNE,ENSIA
710,MACROÉCONOMIE,MANKIW GREGORY N,NOUVEAUX HORIZONS,2019.0,FRANCE,DON,PRÊT EXTERNE,ENSIA
506,MALADIES DES ABEILLES,BOUCHER SAMUEL,EDITIONS FRANCE AGRICOLE,2021.0,FRANCE,ACHAT,PRÊT EXTERNE,ENSIA
505,MALADIES DES ABEILLES,BOUCHER SAMUEL,EDITIONS FRANCE AGRICOLE,2021.0,FRANCE,ACHAT,PRÊT EXTERNE,ENSIA
504,MALADIES DES ABEILLES,BOUCHER SAMUEL,EDITIONS FRANCE AGRICOLE,2021.0,FRANCE,ACHAT,CONSULTATION SUR PLACE,ENSIA
508,"MALADIES PARASITAIRES DU MOUTON : PRÉVENTION, DIAGNOSTIC ET TRAITEMENT","MAGE, CHRISTIAN",EDITIONS FRANCE AGRICOLE,2021.0,FRANCE,ACHAT,PRÊT EXTERNE,ENSIA
509,"MALADIES PARASITAIRES DU MOUTON : PRÉVENTION, DIAGNOSTIC ET TRAITEMENT","MAGE, CHRISTIAN",EDITIONS FRANCE AGRICOLE,2021.0,FRANCE,ACHAT,PRÊT EXTERNE,ENSIA
507,"MALADIES PARASITAIRES DU MOUTON : PRÉVENTION, DIAGNOSTIC ET TRAITEMENT","MAGE, CHRISTIAN",EDITIONS FRANCE AGRICOLE,2021.0,FRANCE,ACHAT,CONSULTATION SUR PLACE,ENSIA
42,MANAGEMENT DE L' INFORMATION REDRESSEMENT ET MISE A NIVEAU DES ENTREPRISES,LAMIRI ABDELHAK,OPU,2012.0,ALGER,ACHAT,CONSULTATION SUR PLACE,ENSIA
47,MANAGEMENT DE LA QUALITÉ : DE L'INSPECTION À L'ESPRIT KAIZEN,SEDDIKI ABDALLAH,OPU,2017.0,ALGER,ACHAT,CONSULTATION SUR PLACE,ENSIA
3363,MANAGEMENT STRATÉGIQUE : LES DIFFERENTES APPROCHES,EL HADI GHEDGHOUDJ,OPU,2013.0,ALGER,ACHAT,PRÊT EXTERNE,ENSIA
3362,MANAGEMENT STRATÉGIQUE : LES DIFFERENTES APPROCHES,EL HADI GHEDGHOUDJ,OPU,2013.0,ALGER,ACHAT,PRÊT EXTERNE,ENSIA
191,MANAGEMENT STRATÉGIQUE : LES DIFFERENTES APPROCHES,EL HADI GHEDGHOUDJ,OPU,2013.0,ALGER,ACHAT,CONSULTATION SUR PLACE,ENSIA
4116,MANAGEMENT STRATÉGIQUE : LES DIFFERENTES APPROCHES,EL HADI GHEDGHOUDJ,OPU,2013.0,ALGER,ACHAT,PRÊT EXTERNE,ENSIA
3361,MANAGEMENT STRATÉGIQUE : LES DIFFERENTES APPROCHES,EL HADI GHEDGHOUDJ,OPU,2013.0,ALGER,ACHAT,PRÊT EXTERNE,ENSIA
4117,MANAGEMENT STRATÉGIQUE : LES DIFFERENTES APPROCHES,EL HADI GHEDGHOUDJ,OPU,2013.0,ALGER,ACHAT,PRÊT EXTERNE,ENSIA
3359,MANAGEMENT STRATÉGIQUE : LES DIFFERENTES APPROCHES,EL HADI GHEDGHOUDJ,OPU,2013.0,ALGER,ACHAT,PRÊT EXTERNE,ENSIA
3364,MANAGEMENT STRATÉGIQUE : LES DIFFERENTES APPROCHES,EL HADI GHEDGHOUDJ,OPU,2013.0,ALGER,ACHAT,PRÊT EXTERNE,ENSIA
3365,MANAGEMENT STRATÉGIQUE : LES DIFFERENTES APPROCHES,EL HADI GHEDGHOUDJ,OPU,2013.0,ALGER,ACHAT,PRÊT EXTERNE,ENSIA
3360,MANAGEMENT STRATÉGIQUE : LES DIFFERENTES APPROCHES,EL HADI GHEDGHOUDJ,OPU,2013.0,ALGER,ACHAT,PRÊT EXTERNE,ENSIA
192,MANAGEMENT STRATÉGIQUE : LES DIFFERENTES APPROCHES,EL HADI GHEDGHOUDJ,OPU,2013.0,ALGER,ACHAT,PRÊT EXTERNE,ENSIA
3366,MANAGEMENT STRATÉGIQUE : LES DIFFERENTES APPROCHES,EL HADI GHEDGHOUDJ,OPU,2013.0,ALGER,ACHAT,PRÊT EXTERNE,ENSIA
457,MANUEL DE DATAVISUALISATION,"LAGNEL, JEAN-MARIE",DUNOD,2021.0,PARIS,ACHAT,CONSULTATION SUR PLACE,ENSIA
458,MANUEL DE DATAVISUALISATION,"LAGNEL, JEAN-MARIE",DUNOD,2021.0,PARIS,ACHAT,PRÊT EXTERNE,ENSIA
459,MANUEL DE DATAVISUALISATION,"LAGNEL, JEAN-MARIE",DUNOD,2021.0,PARIS,ACHAT,PRÊT EXTERNE,ENSIA
460,MANUEL DE DATAVISUALISATION,"LAGNEL, JEAN-MARIE",DUNOD,2021.0,PARIS,ACHAT,PRÊT EXTERNE,ENSIA
650,MARIADB : ADMINISTRATION ET OPTIMISATION,"COMBAUDON, STÉPHANE",EDITIONS ENI,2017.0,FRANCE,ACHAT,CONSULTATION SUR PLACE,ENSIA
652,MARIADB : ADMINISTRATION ET OPTIMISATION,"COMBAUDON, STÉPHANE",EDITIONS ENI,2017.0,FRANCE,ACHAT,PRÊT EXTERNE,ENSIA
651,MARIADB : ADMINISTRATION ET OPTIMISATION,"COMBAUDON, STÉPHANE",EDITIONS ENI,2017.0,FRANCE,ACHAT,PRÊT EXTERNE,ENSIA
3788,MARKET LEADER. INTERMEDIATE,"COTTON,DAVID",UNKNOWN_EDITOR,UNKNOWN_YEAR,UNKNOWN_LOCATION,ACHAT,PRÊT EXTERNE,ENSIA
3790,MARKET LEADER. INTERMEDIATE,"COTTON,DAVID",UNKNOWN_EDITOR,UNKNOWN_YEAR,UNKNOWN_LOCATION,ACHAT,PRÊT EXTERNE,ENSIA
3789,MARKET LEADER. INTERMEDIATE,"COTTON,DAVID",UNKNOWN_EDITOR,UNKNOWN_YEAR,UNKNOWN_LOCATION,ACHAT,PRÊT EXTERNE,ENSIA
690,MARKETING MANAGEMENT,KELLER KOTLER,NOUVEAUX HORIZONS,2019.0,FRANCE,DON,PRÊT EXTERNE,ENSIA
689,MARKETING MANAGEMENT,KELLER KOTLER,NOUVEAUX HORIZONS,2019.0,FRANCE,DON,PRÊT EXTERNE,ENSIA
688,MARKETING MANAGEMENT,KELLER KOTLER,NOUVEAUX HORIZONS,2019.0,FRANCE,DON,PRÊT EXTERNE,ENSIA
687,MARKETING MANAGEMENT,KELLER KOTLER,NOUVEAUX HORIZONS,2019.0,FRANCE,DON,CONSULTATION SUR PLACE,ENSIA
882,MATHEMATICA THÉORIE ET PRATIQUE : APPLICATIONS EN ARITHMÉTIQUE,"XÉMARD, JEAN-PIERRE",ELLIPSES,2006.0,PARIS,DON,CONSULTATION SUR PLACE,ENSIA
3719,MATHEMATICAL LOGIC,OXFORD LOGIC,UNKNOWN_EDITOR,2007.0,OXFORD,ACHAT,PRÊT EXTERNE,ENSIA
3716,MATHEMATICAL LOGIC,OXFORD LOGIC,UNKNOWN_EDITOR,2007.0,OXFORD,ACHAT,PRÊT EXTERNE,ENSIA
3717,MATHEMATICAL LOGIC,OXFORD LOGIC,UNKNOWN_EDITOR,2007.0,OXFORD,ACHAT,CONSULTATION SUR PLACE,ENSIA
3718,MATHEMATICAL LOGIC,OXFORD LOGIC,UNKNOWN_EDITOR,2007.0,OXFORD,ACHAT,PRÊT EXTERNE,ENSIA
3721,MATHEMATICAL LOGIC,OXFORD LOGIC,UNKNOWN_EDITOR,2007.0,OXFORD,ACHAT,PRÊT EXTERNE,ENSIA
3720,MATHEMATICAL LOGIC,OXFORD LOGIC,UNKNOWN_EDITOR,2007.0,OXFORD,ACHAT,PRÊT EXTERNE,ENSIA
369,"MATHEMATICAL MODELING: MODELS, ANALYSIS AND APPLICATIONS",BANERJEE SANDIP,CRC PRESS,2014.0,USA,ACHAT,PRÊT EXTERNE,ENSIA
370,"MATHEMATICAL MODELING: MODELS, ANALYSIS AND APPLICATIONS",BANERJEE SANDIP,CRC PRESS,2014.0,USA,ACHAT,PRÊT EXTERNE,ENSIA
371,"MATHEMATICAL MODELING: MODELS, ANALYSIS AND APPLICATIONS",BANERJEE SANDIP,CRC PRESS,2014.0,USA,ACHAT,PRÊT EXTERNE,ENSIA
3751,MATHEMATICS FOR MACHINE LEARNING,"DEISENROTH, MARC",UNKNOWN_EDITOR,2020.0,UNKNOWN_LOCATION,ACHAT,PRÊT EXTERNE,ENSIA
3750,MATHEMATICS FOR MACHINE LEARNING,"DEISENROTH, MARC",UNKNOWN_EDITOR,2020.0,UNKNOWN_LOCATION,ACHAT,PRÊT EXTERNE,ENSIA
3749,MATHEMATICS FOR MACHINE LEARNING,"DEISENROTH, MARC",UNKNOWN_EDITOR,2020.0,UNKNOWN_LOCATION,ACHAT,PRÊT EXTERNE,ENSIA
3752,MATHEMATICS FOR MACHINE LEARNING,"DEISENROTH, MARC",UNKNOWN_EDITOR,2020.0,UNKNOWN_LOCATION,ACHAT,PRÊT EXTERNE,ENSIA
3748,MATHEMATICS FOR MACHINE LEARNING,"DEISENROTH, MARC",UNKNOWN_EDITOR,2020.0,UNKNOWN_LOCATION,ACHAT,PRÊT EXTERNE,ENSIA
3747,MATHEMATICS FOR MACHINE LEARNING,"DEISENROTH, MARC",UNKNOWN_EDITOR,2020.0,UNKNOWN_LOCATION,ACHAT,PRÊT EXTERNE,ENSIA
879,"MATHEMATIQUE : RAPPELS DE COURS ET EXERCICES RESOLUS. 2, ALGÈBRE ET GÉOMETRIE IUT BTS",E.AZOULAY,UNKNOWN_EDITOR,1993.0,UNKNOWN_LOCATION,DON,PRÊT EXTERNE,ENSIA
161,"MATHEMATIQUE LES SÉRIES : RAPPEL DE COURS, EXERCIES CORRIGÉS","OSMANOV, HAMID",OPU,2013.0,ALGER,ACHAT,PRÊT EXTERNE,ENSIA
160,"MATHEMATIQUE LES SÉRIES : RAPPEL DE COURS, EXERCIES CORRIGÉS","OSMANOV, HAMID",OPU,2013.0,ALGER,ACHAT,PRÊT EXTERNE,ENSIA
159,"MATHEMATIQUE LES SÉRIES : RAPPEL DE COURS, EXERCIES CORRIGÉS","OSMANOV, HAMID",OPU,2013.0,ALGER,ACHAT,PRÊT EXTERNE,ENSIA
162,"MATHEMATIQUE LES SÉRIES : RAPPEL DE COURS, EXERCIES CORRIGÉS","OSMANOV, HAMID",OPU,2013.0,ALGER,ACHAT,PRÊT EXTERNE,ENSIA
3956,MATHEMATIQUE POUR L'INFORMATIQUE,"BELHAJ,SKANDER",UNKNOWN_EDITOR,2013.0,PARIS,ACHAT,PRÊT EXTERNE,ENSIA
1056,"MATHS : PREMIÈRE ANNÉE : MPSI, PCSI, PTSI, BCPST",UNKNOWN_AUTHOR,UNKNOWN_EDITOR,2010.0,PARIS,ACHAT,PRÊT EXTERNE,ENSIA
1055,"MATHS : PREMIÈRE ANNÉE : MPSI, PCSI, PTSI, BCPST",UNKNOWN_AUTHOR,UNKNOWN_EDITOR,2010.0,PARIS,ACHAT,PRÊT EXTERNE,ENSIA
1057,"MATHS AVEC MAPLE. TOME 1, PRÉSENTATION GÉNÉRALE : UTILISANT LES EXERCICES 1990-1995 DU CONCOURS GÉNÉRAL","DOUILLET, PIERRE",UNKNOWN_EDITOR,1995.0,PARIS,ACHAT,PRÊT EXTERNE,ENSIA
1058,"MATHS AVEC MAPLE. TOME 1, PRÉSENTATION GÉNÉRALE : UTILISANT LES EXERCICES 1990-1995 DU CONCOURS GÉNÉRAL","DOUILLET, PIERRE",UNKNOWN_EDITOR,1995.0,PARIS,ACHAT,PRÊT EXTERNE,ENSIA
1060,MATHS AVEC MAPLE. TOME 2,"DOUILLET, PIERRE",UNKNOWN_EDITOR,1996.0,PARIS,ACHAT,PRÊT EXTERNE,ENSIA
1059,MATHS AVEC MAPLE. TOME 2,"DOUILLET, PIERRE",UNKNOWN_EDITOR,1996.0,PARIS,ACHAT,PRÊT EXTERNE,ENSIA
1064,MATHS PCSI-PTSI,OUDOT XAVIER,UNKNOWN_EDITOR,2013.0,PARIS,PASSIF,PRÊT EXTERNE,ENSIA
1063,MATHS PCSI-PTSI,OUDOT XAVIER,UNKNOWN_EDITOR,2013.0,PARIS,PASSIF,PRÊT EXTERNE,ENSIA
1066,MATHS PCSI-PTSI : 1RE ANNÉE,"ALLANO-CHEVALIER, MARIE",UNKNOWN_EDITOR,2008.0,PARIS,DON,PRÊT EXTERNE,ENSIA
1065,MATHS PCSI-PTSI : 1RE ANNÉE,"ALLANO-CHEVALIER, MARIE",UNKNOWN_EDITOR,2008.0,PARIS,DON,PRÊT EXTERNE,ENSIA
834,MATHS PHYSIQUE : 40 THÈMES D'ÉTUDES,"MIGEON, JEAN-PIERRE",TEC ET DOC,1996.0,PARIS,DON,CONSULTATION SUR PLACE,ENSIA
1062,"MATHS, MPSI","MANSUY, ROGER",UNKNOWN_EDITOR,2013.0,PARIS,ACHAT,PRÊT EXTERNE,ENSIA
1067,"MATHS, MPSI","MANSUY, ROGER",UNKNOWN_EDITOR,2013.0,PARIS,ACHAT,PRÊT EXTERNE,ENSIA
1061,"MATHS, MPSI","MANSUY, ROGER",UNKNOWN_EDITOR,2013.0,PARIS,ACHAT,PRÊT EXTERNE,ENSIA
1068,"MATHS, MPSI","MANSUY, ROGER",UNKNOWN_EDITOR,2013.0,PARIS,ACHAT,PRÊT EXTERNE,ENSIA
876,"MATHÉMATIQUE : RAPPELS DE COURS ET EXERCICES RESOLUS. 1, ANALYSE","AZOLAY, E.",EDSCIENCE INTERNATIONAL,1993.0,PARIS,PASSIF,PRÊT EXTERNE,ENSIA
1340,"MATHÉMATIQUE : RAPPELS DE COURS ET EXERCICES RESOLUS. 1, ANALYSE","AZOLAY, E.",EDSCIENCE INTERNATIONAL,1993.0,PARIS,DON,PRÊT EXTERNE,TRANSFÉRÉ L'ENSIA
1376,MATHÉMATIQUE DISCRÈTE : OUTIL POUR L'INFORMATICIEN,"MARCHAND, MICHEL",UNKNOWN_EDITOR,1989.0,BRUXELLES,DON,PRÊT EXTERNE,ENSIA
845,MATHÉMATIQUE ET GESTION FINANCIÈRE : APPLICATIONS AVEC EXERCICES CORRIGÉS,"JOKUNG-NGUÉNA, OCTAVE",DE BOECK,2004.0,BRUXELLES,ACHAT,PRÊT EXTERNE,ENSIA
873,MATHÉMATIQUE POUR ÉCONOMISTES ET GESTIONNAIRES,"ESCH, LOUIS",DE BOECK,2010.0,BRUXELLES,DON,PRÊT EXTERNE,ENSIA
1479,"MATHÉMATIQUES 1 : FONCTION D'UNE VARIABLE RÉELLE: RÉSUMÉ DE COURS, EXERCICES CORRIGÉS",MEHBALI MOHAMED,OPU,2013.0,ALGER,ACHAT,PRÊT EXTERNE,ENSIA
1472,"MATHÉMATIQUES 1 : FONCTION D'UNE VARIABLE RÉELLE: RÉSUMÉ DE COURS, EXERCICES CORRIGÉS",MEHBALI MOHAMED,OPU,2013.0,ALGER,ACHAT,PRÊT EXTERNE,ENSIA
1471,"MATHÉMATIQUES 1 : FONCTION D'UNE VARIABLE RÉELLE: RÉSUMÉ DE COURS, EXERCICES CORRIGÉS",MEHBALI MOHAMED,OPU,2013.0,ALGER,ACHAT,PRÊT EXTERNE,ENSIA
1474,"MATHÉMATIQUES 1 : FONCTION D'UNE VARIABLE RÉELLE: RÉSUMÉ DE COURS, EXERCICES CORRIGÉS",MEHBALI MOHAMED,OPU,2013.0,ALGER,ACHAT,PRÊT EXTERNE,ENSIA
116,"MATHÉMATIQUES 1 : FONCTION D'UNE VARIABLE RÉELLE: RÉSUMÉ DE COURS, EXERCICES CORRIGÉS",MEHBALI MOHAMED,OPU,2013.0,ALGER,ACHAT,PRÊT EXTERNE,ENSIA
115,"MATHÉMATIQUES 1 : FONCTION D'UNE VARIABLE RÉELLE: RÉSUMÉ DE COURS, EXERCICES CORRIGÉS",MEHBALI MOHAMED,OPU,2013.0,ALGER,ACHAT,PRÊT EXTERNE,ENSIA
1473,"MATHÉMATIQUES 1 : FONCTION D'UNE VARIABLE RÉELLE: RÉSUMÉ DE COURS, EXERCICES CORRIGÉS",MEHBALI MOHAMED,OPU,2013.0,ALGER,ACHAT,PRÊT EXTERNE,ENSIA
1470,"MATHÉMATIQUES 1 : FONCTION D'UNE VARIABLE RÉELLE: RÉSUMÉ DE COURS, EXERCICES CORRIGÉS",MEHBALI MOHAMED,OPU,2013.0,ALGER,ACHAT,PRÊT EXTERNE,ENSIA
113,"MATHÉMATIQUES 1 : FONCTION D'UNE VARIABLE RÉELLE: RÉSUMÉ DE COURS, EXERCICES CORRIGÉS",MEHBALI MOHAMED,OPU,2013.0,ALGER,ACHAT,PRÊT EXTERNE,ENSIA
1478,"MATHÉMATIQUES 1 : FONCTION D'UNE VARIABLE RÉELLE: RÉSUMÉ DE COURS, EXERCICES CORRIGÉS",MEHBALI MOHAMED,OPU,2013.0,ALGER,ACHAT,PRÊT EXTERNE,ENSIA
1476,"MATHÉMATIQUES 1 : FONCTION D'UNE VARIABLE RÉELLE: RÉSUMÉ DE COURS, EXERCICES CORRIGÉS",MEHBALI MOHAMED,OPU,2013.0,ALGER,ACHAT,PRÊT EXTERNE,ENSIA
1477,"MATHÉMATIQUES 1 : FONCTION D'UNE VARIABLE RÉELLE: RÉSUMÉ DE COURS, EXERCICES CORRIGÉS",MEHBALI MOHAMED,OPU,2013.0,ALGER,ACHAT,CONSULTATION SUR PLACE,ENSIA
114,"MATHÉMATIQUES 1 : FONCTION D'UNE VARIABLE RÉELLE: RÉSUMÉ DE COURS, EXERCICES CORRIGÉS",MEHBALI MOHAMED,OPU,2013.0,ALGER,ACHAT,PRÊT EXTERNE,ENSIA
1475,"MATHÉMATIQUES 1 : FONCTION D'UNE VARIABLE RÉELLE: RÉSUMÉ DE COURS, EXERCICES CORRIGÉS",MEHBALI MOHAMED,OPU,2013.0,ALGER,ACHAT,PRÊT EXTERNE,ENSIA
1053,MATHÉMATIQUES : BTS INDUSTRIELS GROUPEMENTS B ET C COURS EXERCICES CORRIGES ET BONUS WEB,"LUBRANO,LAURENT",UNKNOWN_EDITOR,2011.0,PARIS,ACHAT,PRÊT EXTERNE,ENSIA
1054,MATHÉMATIQUES : BTS INDUSTRIELS GROUPEMENTS B ET C COURS EXERCICES CORRIGES ET BONUS WEB,"LUBRANO,LAURENT",UNKNOWN_EDITOR,2011.0,PARIS,ACHAT,PRÊT EXTERNE,ENSIA
844,"MATHÉMATIQUES : COURS ET EXERCICES RÉSOLUS. 1, 1ÈRE ANNÉE","AZOULAY, ELIE",EDISCIENCE INTERNATIONAL,2002.0,PARIS,DON,PRÊT EXTERNE,ENSIA
899,"MATHÉMATIQUES : COURS ET EXERCICES RÉSOLUS. 1, 1ÈRE ANNÉE","AZOULAY, ELIE",EDISCIENCE INTERNATIONAL,2002.0,PARIS,DON,PRÊT EXTERNE,ENSIA
900,"MATHÉMATIQUES : COURS ET EXERCICES RÉSOLUS. 1, 1ÈRE ANNÉE","AZOULAY, ELIE",EDISCIENCE INTERNATIONAL,2002.0,PARIS,DON,PRÊT EXTERNE,ENSIA
1025,"MATHÉMATIQUES : COURS-PROBLÈMES-EXERCICES-INFORMATIQUE, MATLAB, MAPLE : BCPST-V?TO 2E ANNÉE","DAMIN, GILBERT",UNKNOWN_EDITOR,2011.0,PARIS,ACHAT,PRÊT EXTERNE,ENSIA
1026,"MATHÉMATIQUES : COURS-PROBLÈMES-EXERCICES-INFORMATIQUE, MATLAB, MAPLE : BCPST-V?TO 2E ANNÉE","DAMIN, GILBERT",UNKNOWN_EDITOR,2011.0,PARIS,ACHAT,PRÊT EXTERNE,ENSIA
415,MATHÉMATIQUES : IUT 1RE ANNÉE,THIERRY ALHALEL,DUNOD,2003.0,PARIS,ACHAT,CONSULTATION SUR PLACE,ENSIA
419,MATHÉMATIQUES : IUT 1RE ANNÉE,THIERRY ALHALEL,DUNOD,2003.0,PARIS,ACHAT,PRÊT EXTERNE,ENSIA
418,MATHÉMATIQUES : IUT 1RE ANNÉE,THIERRY ALHALEL,DUNOD,2003.0,PARIS,ACHAT,PRÊT EXTERNE,ENSIA
417,MATHÉMATIQUES : IUT 1RE ANNÉE,THIERRY ALHALEL,DUNOD,2003.0,PARIS,ACHAT,PRÊT EXTERNE,ENSIA
416,MATHÉMATIQUES : IUT 1RE ANNÉE,THIERRY ALHALEL,DUNOD,2003.0,PARIS,ACHAT,PRÊT EXTERNE,ENSIA
1040,MATHÉMATIQUES : LES 120 EXERCICES CORRIGÉS À L'ORAL DU CONCOURS COMMUN POLYTECHNIQUES : FILIÈRE MP,"SMITH, WILLIAM",UNKNOWN_EDITOR,2012.0,PARIS,ACHAT,PRÊT EXTERNE,ENSIA
1039,MATHÉMATIQUES : LES 120 EXERCICES CORRIGÉS À L'ORAL DU CONCOURS COMMUN POLYTECHNIQUES : FILIÈRE MP,"SMITH, WILLIAM",UNKNOWN_EDITOR,2012.0,PARIS,ACHAT,PRÊT EXTERNE,ENSIA
1027,MATHÉMATIQUES : MÉTHODES ET EXERCICES : PCSI-PTSI,"MARIE MONIER, JEAN",UNKNOWN_EDITOR,20011.0,PARIS,PASSIF,PRÊT EXTERNE,ENSIA
1028,MATHÉMATIQUES : MÉTHODES ET EXERCICES : PCSI-PTSI,"MARIE MONIER, JEAN",UNKNOWN_EDITOR,20011.0,PARIS,PASSIF,PRÊT EXTERNE,ENSIA
1030,MATHÉMATIQUES : MÉTHODES ET EXERCICES MP,"MONIER, JEAN-MARIE",UNKNOWN_EDITOR,2009.0,PARIS,ACHAT,PRÊT EXTERNE,ENSIA
1029,MATHÉMATIQUES : MÉTHODES ET EXERCICES MP,"MONIER, JEAN-MARIE",UNKNOWN_EDITOR,2009.0,PARIS,ACHAT,PRÊT EXTERNE,ENSIA
1051,"MATHÉMATIQUES : TOUT-EN-UN, POUR LA LICENCE, NIVEAU L2 : COURS COMPLET AVEC APPLICATIONS ET 760 EXERCICES CORRIGÉS","WARUSFEL, ANDRÉ",UNKNOWN_EDITOR,2007.0,PARIS,ACHAT,PRÊT EXTERNE,ENSIA
1052,"MATHÉMATIQUES : TOUT-EN-UN, POUR LA LICENCE, NIVEAU L2 : COURS COMPLET AVEC APPLICATIONS ET 760 EXERCICES CORRIGÉS","WARUSFEL, ANDRÉ",UNKNOWN_EDITOR,2007.0,PARIS,ACHAT,PRÊT EXTERNE,ENSIA
1727,MATHÉMATIQUES ALGÈBRE ET GÉOMÉTRIE : COURS MÉTHODES EXERCICES RÉSOLUS,"GUININ, DANIEL",UNKNOWN_EDITOR,2000.0,PARIS,DON,PRÊT EXTERNE,ENSIA
1031,MATHÉMATIQUES APPLIQUÉES L3 : COURS COMPLET AVEC 500 TESTS ET EXERCICES CORRIGÉS,"WEIL, JACQUES-ARTHUR",UNKNOWN_EDITOR,2009.0,PARIS,ACHAT,PRÊT EXTERNE,ENSIA
1032,MATHÉMATIQUES APPLIQUÉES L3 : COURS COMPLET AVEC 500 TESTS ET EXERCICES CORRIGÉS,"WEIL, JACQUES-ARTHUR",UNKNOWN_EDITOR,2009.0,PARIS,ACHAT,PRÊT EXTERNE,ENSIA
820,MATHÉMATIQUES CONFORME À LA RÉFORME BTS CG,"POUILLE, ELISE",DUNOD,2015.0,PARIS,DON,CONSULTATION SUR PLACE,ENSIA
819,MATHÉMATIQUES CONFORME À LA RÉFORME BTS CG,"POUILLE, ELISE",DUNOD,2015.0,PARIS,PASSIF,PRÊT EXTERNE,ENSIA
1034,"MATHÉMATIQUES DANS LE CONTEXTE : PRÉPAS SCIENTIFIQUES, MATHS SUP, PCSI","CASAMAYOU-BOUCAU, ALEXANDRE",UNKNOWN_EDITOR,2008.0,PARIS,ACHAT,PRÊT EXTERNE,ENSIA
1033,"MATHÉMATIQUES DANS LE CONTEXTE : PRÉPAS SCIENTIFIQUES, MATHS SUP, PCSI","CASAMAYOU-BOUCAU, ALEXANDRE",UNKNOWN_EDITOR,2008.0,PARIS,ACHAT,PRÊT EXTERNE,ENSIA
869,MATHÉMATIQUES DE L'INGÉNIEUR : AIDE -MÉMOIRE,"CHOSSAT, MAURICE",DUNOD,2012.0,PARIS,DON,PRÊT EXTERNE,ENSIA
829,"MATHÉMATIQUES DEUG SCIENCES : COURS ET EXERCICES RÉSOLUS 2, 1RE ANNÉE","AZOULAY, ELIE",EDISCIENCE INTERNATIONAL,2002.0,CACHAN (VAL-DE-MARNE),DON,PRÊT EXTERNE,ENSIA
828,"MATHÉMATIQUES DEUG SCIENCES : COURS ET EXERCICES RÉSOLUS 2, 1RE ANNÉE","AZOULAY, ELIE",EDISCIENCE INTERNATIONAL,2002.0,CACHAN (VAL-DE-MARNE),DON,CONSULTATION SUR PLACE,ENSIA
839,"MATHÉMATIQUES DEUG SCIENCES : COURS ET EXERCICES RÉSOLUS 4, 2E ANNÉE","AZOULAY, ELIE",EDISCIENCE INTERNATIONAL,2002.0,CACHAN (VAL-DE-MARNE),DON,PRÊT EXTERNE,ENSIA
838,"MATHÉMATIQUES DEUG SCIENCES : COURS ET EXERCICES RÉSOLUS 4, 2E ANNÉE","AZOULAY, ELIE",EDISCIENCE INTERNATIONAL,2002.0,CACHAN (VAL-DE-MARNE),DON,CONSULTATION SUR PLACE,ENSIA
864,"MATHÉMATIQUES DEUG SCIENCES : COURS ET EXERCICES RÉSOLUS. 3, 2E ANNÉE","AZOULAY, ELIE",EDISCIENCE INTERNATIONAL,2002.0,CACHAN (VAL-DE-MARNE),DON,PRÊT EXTERNE,ENSIA
832,"MATHÉMATIQUES DEUG SCIENCES : COURS ET EXERCICES RÉSOLUS. 3, 2E ANNÉE","AZOULAY, ELIE",EDISCIENCE INTERNATIONAL,2002.0,CACHAN (VAL-DE-MARNE),DON,CONSULTATION SUR PLACE,ENSIA
837,MATHÉMATIQUES FINANCIERES : OUTIL DE GESTION,"MAKHLOUF, F.",PAGES BLEUES,2009.0,ALGER,DON,CONSULTATION SUR PLACE,ENSIA
1036,MATHÉMATIQUES L1 : COURS COMPLET AVEC 1000 TESTS ET EXERCICES CORRIGÉS,"MARCO, JEAN-PIERRE",UNKNOWN_EDITOR,2010.0,PARIS,ACHAT,PRÊT EXTERNE,ENSIA
1037,MATHÉMATIQUES L2 : COURS COMPLET AVEC 700 TESTS ET EXERCICES CORRIGÉS,"PIERRE MARCO, JEAN",UNKNOWN_EDITOR,2007.0,PARIS,ACHAT,PRÊT EXTERNE,ENSIA
1038,MATHÉMATIQUES L2 : COURS COMPLET AVEC 700 TESTS ET EXERCICES CORRIGÉS,"PIERRE MARCO, JEAN",UNKNOWN_EDITOR,2007.0,PARIS,ACHAT,PRÊT EXTERNE,ENSIA
835,MATHÉMATIQUES LES EXERCICES INCONTOURNABLES,"FRESLON, JULIEN",DUNOD,2014.0,PARIS,DON,PRÊT EXTERNE,ENSIA
836,MATHÉMATIQUES LES EXERCICES INCONTOURNABLES,"FRESLON, JULIEN",DUNOD,2014.0,PARIS,DON,PRÊT EXTERNE,ENSIA
893,MATHÉMATIQUES LES EXERCICES INCONTOURNABLES,"FRESLON, JULIEN",DUNOD,2014.0,PARIS,ACHAT,PRÊT EXTERNE,ENSIA
894,MATHÉMATIQUES LES EXERCICES INCONTOURNABLES,"FRESLON, JULIEN",DUNOD,2014.0,PARIS,ACHAT,PRÊT EXTERNE,ENSIA
1041,"MATHÉMATIQUES MP-MP : COURS COMPLET AVEC TESTS, EXERCICES ET PROBLÈMES CORRIGÉS","HOCHART, MAX",UNKNOWN_EDITOR,2010.0,PARIS,ACHAT,PRÊT EXTERNE,ENSIA
1042,"MATHÉMATIQUES MP-MP : COURS COMPLET AVEC TESTS, EXERCICES ET PROBLÈMES CORRIGÉS","HOCHART, MAX",UNKNOWN_EDITOR,2010.0,PARIS,ACHAT,PRÊT EXTERNE,ENSIA
1072,MATHÉMATIQUES MPSI,"NGUYEN, NICOLAS",UNKNOWN_EDITOR,2009.0,PARIS,ACHAT,PRÊT EXTERNE,ENSIA
1073,MATHÉMATIQUES MPSI,"NGUYEN, NICOLAS",UNKNOWN_EDITOR,2009.0,PARIS,ACHAT,PRÊT EXTERNE,ENSIA
1044,"MATHÉMATIQUES PC-PC* : COURS COMPLETS AVEC TESTS, EXERCICES ET PROBLÈMES CORRIGÉS","HÉROULT, FRANÇOIS",UNKNOWN_EDITOR,2010.0,PARIS,ACHAT,PRÊT EXTERNE,ENSIA
1043,"MATHÉMATIQUES PC-PC* : COURS COMPLETS AVEC TESTS, EXERCICES ET PROBLÈMES CORRIGÉS","HÉROULT, FRANÇOIS",UNKNOWN_EDITOR,2010.0,PARIS,ACHAT,PRÊT EXTERNE,ENSIA
1046,MATHÉMATIQUES PCSI,"NGUYEN, NICOLAS",UNKNOWN_EDITOR,2009.0,PARIS,ACHAT,PRÊT EXTERNE,ENSIA
1045,MATHÉMATIQUES PCSI,"NGUYEN, NICOLAS",UNKNOWN_EDITOR,2009.0,PARIS,ACHAT,PRÊT EXTERNE,ENSIA
830,MATHÉMATIQUES POUR L'ÉCONOMIE. 1 : MATHÉMATIQUES ÉCONOMIQUES LINÉAIRES,"BANCE, PHILIPPE",EDISCIENCE INTERNATIONAL,1997.0,CACHAN (VAL-DE-MARNE),DON,CONSULTATION SUR PLACE,ENSIA
831,MATHÉMATIQUES POUR L'ÉCONOMIE. 1 : MATHÉMATIQUES ÉCONOMIQUES LINÉAIRES,"BANCE, PHILIPPE",EDISCIENCE INTERNATIONAL,1997.0,CACHAN (VAL-DE-MARNE),DON,PRÊT EXTERNE,ENSIA
891,MATHÉMATIQUES POUR LE PHYSICIEN. TOME 2,"BAURMY, ANDRÉ",EDISCIENCE INTERNATIONAL,1997.0,CACHAN (VAL-DE-MARNE),DON,CONSULTATION SUR PLACE,ENSIA
892,MATHÉMATIQUES POUR LE PHYSICIEN. TOME 2,"BAURMY, ANDRÉ",EDISCIENCE INTERNATIONAL,1997.0,CACHAN (VAL-DE-MARNE),DON,PRÊT EXTERNE,ENSIA
874,MATHÉMATIQUES POUR LES SCIENCES DE L'INGÉNIEUR,"FERRIGNO, SANDIE",DUNOD,2013.0,PARIS,DON,PRÊT EXTERNE,ENSIA
875,MATHÉMATIQUES POUR LES SCIENCES DE L'INGÉNIEUR,"FERRIGNO, SANDIE",DUNOD,2013.0,PARIS,DON,PRÊT EXTERNE,ENSIA
3104,MATHÉMATIQUES RAPPELS ET COURS EXERCICES RÉSOLUS,A.BENAYAD,UNKNOWN_EDITOR,2004.0,UNKNOWN_LOCATION,ACHAT,PRÊT EXTERNE,ENSIA
1939,MATHÉMATIQUES RAPPELS ET COURS EXERCICES RÉSOLUS,A.BENAYAD,UNKNOWN_EDITOR,2004.0,UNKNOWN_LOCATION,ACHAT,PRÊT EXTERNE,ENSIA
1938,MATHÉMATIQUES RAPPELS ET COURS EXERCICES RÉSOLUS,A.BENAYAD,UNKNOWN_EDITOR,2004.0,UNKNOWN_LOCATION,ACHAT,PRÊT EXTERNE,ENSIA
3993,MATHÉMATIQUES RAPPELS ET COURS EXERCICES RÉSOLUS,A.BENAYAD,UNKNOWN_EDITOR,2004.0,UNKNOWN_LOCATION,ACHAT,PRÊT EXTERNE,ENSIA
3091,MATHÉMATIQUES RAPPELS ET COURS EXERCICES RÉSOLUS,A.BENAYAD,UNKNOWN_EDITOR,2004.0,UNKNOWN_LOCATION,ACHAT,PRÊT EXTERNE,ENSIA
3089,MATHÉMATIQUES RAPPELS ET COURS EXERCICES RÉSOLUS,A.BENAYAD,UNKNOWN_EDITOR,2004.0,UNKNOWN_LOCATION,ACHAT,PRÊT EXTERNE,ENSIA
3092,MATHÉMATIQUES RAPPELS ET COURS EXERCICES RÉSOLUS,A.BENAYAD,UNKNOWN_EDITOR,2004.0,UNKNOWN_LOCATION,ACHAT,PRÊT EXTERNE,ENSIA
1937,MATHÉMATIQUES RAPPELS ET COURS EXERCICES RÉSOLUS,A.BENAYAD,UNKNOWN_EDITOR,2004.0,UNKNOWN_LOCATION,ACHAT,PRÊT EXTERNE,ENSIA
1936,MATHÉMATIQUES RAPPELS ET COURS EXERCICES RÉSOLUS,A.BENAYAD,UNKNOWN_EDITOR,2004.0,UNKNOWN_LOCATION,ACHAT,PRÊT EXTERNE,ENSIA
1935,MATHÉMATIQUES RAPPELS ET COURS EXERCICES RÉSOLUS,A.BENAYAD,UNKNOWN_EDITOR,2004.0,UNKNOWN_LOCATION,ACHAT,PRÊT EXTERNE,ENSIA
3093,MATHÉMATIQUES RAPPELS ET COURS EXERCICES RÉSOLUS,A.BENAYAD,UNKNOWN_EDITOR,2004.0,UNKNOWN_LOCATION,ACHAT,PRÊT EXTERNE,ENSIA
1432,MATHÉMATIQUES RAPPELS ET COURS EXERCICES RÉSOLUS,A.BENAYAD,UNKNOWN_EDITOR,2004.0,UNKNOWN_LOCATION,ACHAT,PRÊT EXTERNE,ENSIA
1933,MATHÉMATIQUES RAPPELS ET COURS EXERCICES RÉSOLUS,A.BENAYAD,UNKNOWN_EDITOR,2004.0,UNKNOWN_LOCATION,ACHAT,PRÊT EXTERNE,ENSIA
1932,MATHÉMATIQUES RAPPELS ET COURS EXERCICES RÉSOLUS,A.BENAYAD,UNKNOWN_EDITOR,2004.0,UNKNOWN_LOCATION,ACHAT,PRÊT EXTERNE,ENSIA
1439,MATHÉMATIQUES RAPPELS ET COURS EXERCICES RÉSOLUS,A.BENAYAD,UNKNOWN_EDITOR,2004.0,UNKNOWN_LOCATION,ACHAT,PRÊT EXTERNE,ENSIA
1931,MATHÉMATIQUES RAPPELS ET COURS EXERCICES RÉSOLUS,A.BENAYAD,UNKNOWN_EDITOR,2004.0,UNKNOWN_LOCATION,ACHAT,PRÊT EXTERNE,ENSIA
1438,MATHÉMATIQUES RAPPELS ET COURS EXERCICES RÉSOLUS,A.BENAYAD,UNKNOWN_EDITOR,2004.0,UNKNOWN_LOCATION,ACHAT,PRÊT EXTERNE,ENSIA
878,MATHÉMATIQUES RAPPELS ET COURS EXERCICES RÉSOLUS,A.BENAYAD,UNKNOWN_EDITOR,2004.0,UNKNOWN_LOCATION,PASSIF,PRÊT EXTERNE,ENSIA
1431,MATHÉMATIQUES RAPPELS ET COURS EXERCICES RÉSOLUS,A.BENAYAD,UNKNOWN_EDITOR,2004.0,UNKNOWN_LOCATION,ACHAT,PRÊT EXTERNE,ENSIA
3997,MATHÉMATIQUES RAPPELS ET COURS EXERCICES RÉSOLUS,A.BENAYAD,UNKNOWN_EDITOR,2004.0,UNKNOWN_LOCATION,ACHAT,PRÊT EXTERNE,ENSIA
1433,MATHÉMATIQUES RAPPELS ET COURS EXERCICES RÉSOLUS,A.BENAYAD,UNKNOWN_EDITOR,2004.0,UNKNOWN_LOCATION,ACHAT,PRÊT EXTERNE,ENSIA
1434,MATHÉMATIQUES RAPPELS ET COURS EXERCICES RÉSOLUS,A.BENAYAD,UNKNOWN_EDITOR,2004.0,UNKNOWN_LOCATION,ACHAT,PRÊT EXTERNE,ENSIA
1435,MATHÉMATIQUES RAPPELS ET COURS EXERCICES RÉSOLUS,A.BENAYAD,UNKNOWN_EDITOR,2004.0,UNKNOWN_LOCATION,ACHAT,PRÊT EXTERNE,ENSIA
3996,MATHÉMATIQUES RAPPELS ET COURS EXERCICES RÉSOLUS,A.BENAYAD,UNKNOWN_EDITOR,2004.0,UNKNOWN_LOCATION,ACHAT,PRÊT EXTERNE,ENSIA
1430,MATHÉMATIQUES RAPPELS ET COURS EXERCICES RÉSOLUS,A.BENAYAD,UNKNOWN_EDITOR,2004.0,UNKNOWN_LOCATION,ACHAT,PRÊT EXTERNE,ENSIA
3998,MATHÉMATIQUES RAPPELS ET COURS EXERCICES RÉSOLUS,A.BENAYAD,UNKNOWN_EDITOR,2004.0,UNKNOWN_LOCATION,ACHAT,PRÊT EXTERNE,ENSIA
3999,MATHÉMATIQUES RAPPELS ET COURS EXERCICES RÉSOLUS,A.BENAYAD,UNKNOWN_EDITOR,2004.0,UNKNOWN_LOCATION,ACHAT,PRÊT EXTERNE,ENSIA
1436,MATHÉMATIQUES RAPPELS ET COURS EXERCICES RÉSOLUS,A.BENAYAD,UNKNOWN_EDITOR,2004.0,UNKNOWN_LOCATION,ACHAT,PRÊT EXTERNE,ENSIA
3083,MATHÉMATIQUES RAPPELS ET COURS EXERCICES RÉSOLUS,A.BENAYAD,UNKNOWN_EDITOR,2004.0,UNKNOWN_LOCATION,ACHAT,PRÊT EXTERNE,ENSIA
3995,MATHÉMATIQUES RAPPELS ET COURS EXERCICES RÉSOLUS,A.BENAYAD,UNKNOWN_EDITOR,2004.0,UNKNOWN_LOCATION,ACHAT,PRÊT EXTERNE,ENSIA
1437,MATHÉMATIQUES RAPPELS ET COURS EXERCICES RÉSOLUS,A.BENAYAD,UNKNOWN_EDITOR,2004.0,UNKNOWN_LOCATION,ACHAT,PRÊT EXTERNE,ENSIA
3090,MATHÉMATIQUES RAPPELS ET COURS EXERCICES RÉSOLUS,A.BENAYAD,UNKNOWN_EDITOR,2004.0,UNKNOWN_LOCATION,ACHAT,PRÊT EXTERNE,ENSIA
3994,MATHÉMATIQUES RAPPELS ET COURS EXERCICES RÉSOLUS,A.BENAYAD,UNKNOWN_EDITOR,2004.0,UNKNOWN_LOCATION,ACHAT,PRÊT EXTERNE,ENSIA
3105,MATHÉMATIQUES RAPPELS ET COURS EXERCICES RÉSOLUS,A.BENAYAD,UNKNOWN_EDITOR,2004.0,UNKNOWN_LOCATION,ACHAT,PRÊT EXTERNE,ENSIA
3085,MATHÉMATIQUES RAPPELS ET COURS EXERCICES RÉSOLUS,A.BENAYAD,UNKNOWN_EDITOR,2004.0,UNKNOWN_LOCATION,ACHAT,PRÊT EXTERNE,ENSIA
1934,MATHÉMATIQUES RAPPELS ET COURS EXERCICES RÉSOLUS,A.BENAYAD,UNKNOWN_EDITOR,2004.0,UNKNOWN_LOCATION,ACHAT,PRÊT EXTERNE,ENSIA
3094,MATHÉMATIQUES RAPPELS ET COURS EXERCICES RÉSOLUS,A.BENAYAD,UNKNOWN_EDITOR,2004.0,UNKNOWN_LOCATION,ACHAT,PRÊT EXTERNE,ENSIA
4007,MATHÉMATIQUES RAPPELS ET COURS EXERCICES RÉSOLUS,A.BENAYAD,UNKNOWN_EDITOR,2004.0,UNKNOWN_LOCATION,ACHAT,PRÊT EXTERNE,ENSIA
3097,MATHÉMATIQUES RAPPELS ET COURS EXERCICES RÉSOLUS,A.BENAYAD,UNKNOWN_EDITOR,2004.0,UNKNOWN_LOCATION,ACHAT,PRÊT EXTERNE,ENSIA
4006,MATHÉMATIQUES RAPPELS ET COURS EXERCICES RÉSOLUS,A.BENAYAD,UNKNOWN_EDITOR,2004.0,UNKNOWN_LOCATION,ACHAT,PRÊT EXTERNE,ENSIA
3088,MATHÉMATIQUES RAPPELS ET COURS EXERCICES RÉSOLUS,A.BENAYAD,UNKNOWN_EDITOR,2004.0,UNKNOWN_LOCATION,ACHAT,PRÊT EXTERNE,ENSIA
3098,MATHÉMATIQUES RAPPELS ET COURS EXERCICES RÉSOLUS,A.BENAYAD,UNKNOWN_EDITOR,2004.0,UNKNOWN_LOCATION,ACHAT,PRÊT EXTERNE,ENSIA
3099,MATHÉMATIQUES RAPPELS ET COURS EXERCICES RÉSOLUS,A.BENAYAD,UNKNOWN_EDITOR,2004.0,UNKNOWN_LOCATION,ACHAT,PRÊT EXTERNE,ENSIA
4005,MATHÉMATIQUES RAPPELS ET COURS EXERCICES RÉSOLUS,A.BENAYAD,UNKNOWN_EDITOR,2004.0,UNKNOWN_LOCATION,ACHAT,PRÊT EXTERNE,ENSIA
3992,MATHÉMATIQUES RAPPELS ET COURS EXERCICES RÉSOLUS,A.BENAYAD,UNKNOWN_EDITOR,2004.0,UNKNOWN_LOCATION,ACHAT,PRÊT EXTERNE,ENSIA
3100,MATHÉMATIQUES RAPPELS ET COURS EXERCICES RÉSOLUS,A.BENAYAD,UNKNOWN_EDITOR,2004.0,UNKNOWN_LOCATION,ACHAT,PRÊT EXTERNE,ENSIA
3087,MATHÉMATIQUES RAPPELS ET COURS EXERCICES RÉSOLUS,A.BENAYAD,UNKNOWN_EDITOR,2004.0,UNKNOWN_LOCATION,ACHAT,PRÊT EXTERNE,ENSIA
1930,MATHÉMATIQUES RAPPELS ET COURS EXERCICES RÉSOLUS,A.BENAYAD,UNKNOWN_EDITOR,2004.0,UNKNOWN_LOCATION,ACHAT,PRÊT EXTERNE,ENSIA
3101,MATHÉMATIQUES RAPPELS ET COURS EXERCICES RÉSOLUS,A.BENAYAD,UNKNOWN_EDITOR,2004.0,UNKNOWN_LOCATION,ACHAT,PRÊT EXTERNE,ENSIA
3102,MATHÉMATIQUES RAPPELS ET COURS EXERCICES RÉSOLUS,A.BENAYAD,UNKNOWN_EDITOR,2004.0,UNKNOWN_LOCATION,ACHAT,PRÊT EXTERNE,ENSIA
4004,MATHÉMATIQUES RAPPELS ET COURS EXERCICES RÉSOLUS,A.BENAYAD,UNKNOWN_EDITOR,2004.0,UNKNOWN_LOCATION,ACHAT,PRÊT EXTERNE,ENSIA
3084,MATHÉMATIQUES RAPPELS ET COURS EXERCICES RÉSOLUS,A.BENAYAD,UNKNOWN_EDITOR,2004.0,UNKNOWN_LOCATION,ACHAT,PRÊT EXTERNE,ENSIA
4002,MATHÉMATIQUES RAPPELS ET COURS EXERCICES RÉSOLUS,A.BENAYAD,UNKNOWN_EDITOR,2004.0,UNKNOWN_LOCATION,ACHAT,PRÊT EXTERNE,ENSIA
3086,MATHÉMATIQUES RAPPELS ET COURS EXERCICES RÉSOLUS,A.BENAYAD,UNKNOWN_EDITOR,2004.0,UNKNOWN_LOCATION,ACHAT,PRÊT EXTERNE,ENSIA
3991,MATHÉMATIQUES RAPPELS ET COURS EXERCICES RÉSOLUS,A.BENAYAD,UNKNOWN_EDITOR,2004.0,UNKNOWN_LOCATION,ACHAT,PRÊT EXTERNE,ENSIA
3103,MATHÉMATIQUES RAPPELS ET COURS EXERCICES RÉSOLUS,A.BENAYAD,UNKNOWN_EDITOR,2004.0,UNKNOWN_LOCATION,ACHAT,PRÊT EXTERNE,ENSIA
4001,MATHÉMATIQUES RAPPELS ET COURS EXERCICES RÉSOLUS,A.BENAYAD,UNKNOWN_EDITOR,2004.0,UNKNOWN_LOCATION,ACHAT,PRÊT EXTERNE,ENSIA
3096,MATHÉMATIQUES RAPPELS ET COURS EXERCICES RÉSOLUS,A.BENAYAD,UNKNOWN_EDITOR,2004.0,UNKNOWN_LOCATION,ACHAT,PRÊT EXTERNE,ENSIA
4000,MATHÉMATIQUES RAPPELS ET COURS EXERCICES RÉSOLUS,A.BENAYAD,UNKNOWN_EDITOR,2004.0,UNKNOWN_LOCATION,ACHAT,PRÊT EXTERNE,ENSIA
4003,MATHÉMATIQUES RAPPELS ET COURS EXERCICES RÉSOLUS,A.BENAYAD,UNKNOWN_EDITOR,2004.0,UNKNOWN_LOCATION,ACHAT,PRÊT EXTERNE,ENSIA
3095,MATHÉMATIQUES RAPPELS ET COURS EXERCICES RÉSOLUS,A.BENAYAD,UNKNOWN_EDITOR,2004.0,UNKNOWN_LOCATION,ACHAT,PRÊT EXTERNE,ENSIA
155,MATHÉMATIQUES T.2 : FONCTIONS DE PLUSIEURS VARIABLES RÉELLES,"MEHBALI, MOHAMED",OPU,2015.0,ALGER,ACHAT,PRÊT EXTERNE,ENSIA
154,MATHÉMATIQUES T.2 : FONCTIONS DE PLUSIEURS VARIABLES RÉELLES,"MEHBALI, MOHAMED",OPU,2015.0,ALGER,ACHAT,PRÊT EXTERNE,ENSIA
152,MATHÉMATIQUES T.2 : FONCTIONS DE PLUSIEURS VARIABLES RÉELLES,"MEHBALI, MOHAMED",OPU,2015.0,ALGER,ACHAT,PRÊT EXTERNE,ENSIA
153,MATHÉMATIQUES T.2 : FONCTIONS DE PLUSIEURS VARIABLES RÉELLES,"MEHBALI, MOHAMED",OPU,2015.0,ALGER,ACHAT,PRÊT EXTERNE,ENSIA
1050,MATHÉMATIQUES TOUT-EN-UN : MPSI-PCSI,DESCHAMPS CLAUDE,UNKNOWN_EDITOR,2009.0,PARIS,PASSIF,PRÊT EXTERNE,ENSIA
1049,MATHÉMATIQUES TOUT-EN-UN : MPSI-PCSI,DESCHAMPS CLAUDE,UNKNOWN_EDITOR,2009.0,PARIS,PASSIF,PRÊT EXTERNE,ENSIA
1048,"MATHÉMATIQUES, EC 1RE ANNÉE : TOUT-EN-UN : COURS ET EXERCICES","WARUSFEL, ANDRÉ",UNKNOWN_EDITOR,2004.0,PARIS,PASSIF,PRÊT EXTERNE,ENSIA
1047,"MATHÉMATIQUES, EC 1RE ANNÉE : TOUT-EN-UN : COURS ET EXERCICES","WARUSFEL, ANDRÉ",UNKNOWN_EDITOR,2004.0,PARIS,PASSIF,CONSULTATION SUR PLACE,ENSIA
1035,"MATHÉMATIQUES, ECS, 2E ANNÉE","RONDY, SYLVAIN",UNKNOWN_EDITOR,2011.0,PARIS,ACHAT,PRÊT EXTERNE,ENSIA
1220,"MATLAB, SIMULINK, STATEFLOW : AVEC DES EXERCICES D'AUTOMATIQUE RÉSOLUS","FERRIER, JEAN-LOUIS",UNKNOWN_EDITOR,2000.0,PARIS,DON,PRÊT EXTERNE,ENSIA
1221,"MATLAB, SIMULINK, STATEFLOW : AVEC DES EXERCICES D'AUTOMATIQUE RÉSOLUS","FERRIER, JEAN-LOUIS",UNKNOWN_EDITOR,2000.0,PARIS,DON,PRÊT EXTERNE,ENSIA
1222,"MATLAB, SIMULINK, STATEFLOW : AVEC DES EXERCICES D'AUTOMATIQUE RÉSOLUS","FERRIER, JEAN-LOUIS",UNKNOWN_EDITOR,2000.0,PARIS,DON,PRÊT EXTERNE,ENSIA
1223,"MATLAB, SIMULINK, STATEFLOW : AVEC DES EXERCICES D'AUTOMATIQUE RÉSOLUS","FERRIER, JEAN-LOUIS",UNKNOWN_EDITOR,2000.0,PARIS,DON,PRÊT EXTERNE,ENSIA
785,MAXIMISER LES PERFORMANCES DU PC,"PABST, THOMAS",SIMON & SCHUSTER MACMILLAN FRANCE,1998.0,PARIS,DON,CONSULTATION SUR PLACE,ENSIA
935,"MESURE PHYSIQUE ET INSTRUMENTATION : ANALYSE STATISTIQUE ET SPECTRALE DES MESURES, CAPTEURS","BARCHIESI, DOMINIQUE",ELLIPSES,2003.0,PARIS,DON,CONSULTATION SUR PLACE,ENSIA
1742,"MESURE PHYSIQUE ET INSTRUMENTATION : ANALYSE STATISTIQUE ET SPECTRALE DES MESURES, CAPTEURS","BARCHIESI, DOMINIQUE",ELLIPSES,2003.0,PARIS,DON,PRÊT EXTERNE,ENSIA
599,METACOGNITION IN LANGUAGE LEARNING AND TEACHING,"HAUKAS, ASTA",ROUTLEDGE,2018.0,USA,ACHAT,PRÊT EXTERNE,ENSIA
598,METACOGNITION IN LANGUAGE LEARNING AND TEACHING,"HAUKAS, ASTA",ROUTLEDGE,2018.0,USA,ACHAT,PRÊT EXTERNE,ENSIA
793,MICROPROCESSEURS : DU CISC AU RISC,"LILEN, HENRI",DUNOD,1995.0,PARIS,DON,PRÊT EXTERNE,ENSIA
739,MICROSOFT ACCESS 2007,"FRIEDRICHSEN, LISA",REYNALD GOULET,2008.0,UNKNOWN_LOCATION,DON,CONSULTATION SUR PLACE,ENSIA
811,MICROSOFT SQL SERVER 2008 : ÉTAPE PAR ÉTAPE,"HOTEK, MIKE",MICROSOFT PRESS-DUNOD,2009.0,[PARIS],DON,CONSULTATION SUR PLACE,ENSIA
791,MICROSOFT WINDOWS 2000 SERVER,"BOSWELL, WILLIAM",CAMPUS PRESS,2002.0,PARIS,PASSIF,CONSULTATION SUR PLACE,ENSIA
818,MICROÉCONOMIE : TRAITEMENT MATHEMATIQUE + EXERCICES AVEC CORRIGES DETAILLES,"BENDIB, RACHID",DAR EL- OULOUM,2011.0,ALGER,DON,PRÊT EXTERNE,ENSIA
817,MICROÉCONOMIE : TRAITEMENT MATHEMATIQUE + EXERCICES AVEC CORRIGES DETAILLES,"BENDIB, RACHID",DAR EL- OULOUM,2011.0,ALGER,DON,CONSULTATION SUR PLACE,ENSIA
884,MODÉLISATION MATHÉMATIQUE EN ÉCOLOGIE : COURS ET EXERCICES CORRIGÉS,"AUGER, PIERRE",DUNOD,2010.0,PARIS,DON,PRÊT EXTERNE,ENSIA
883,MODÉLISATION MATHÉMATIQUE EN ÉCOLOGIE : COURS ET EXERCICES CORRIGÉS,"AUGER, PIERRE",DUNOD,2010.0,PARIS,DON,CONSULTATION SUR PLACE,ENSIA
1201,MODÉLISATION OBJET AVEC UML,"MULLER, PIERRE-ALAIN",UNKNOWN_EDITOR,2000.0,PARIS,DON,PRÊT EXTERNE,ENSIA
1202,MODÉLISATION OBJET AVEC UML,"MULLER, PIERRE-ALAIN",UNKNOWN_EDITOR,2000.0,PARIS,DON,PRÊT EXTERNE,ENSIA
462,MON COURS VISUEL DE PROGRAMMATION : SCRATCH ET PYTHON PAS À PAS,"MCMANUS, SEAN",DUNOD,2021.0,PARIS,ACHAT,PRÊT EXTERNE,ENSIA
461,MON COURS VISUEL DE PROGRAMMATION : SCRATCH ET PYTHON PAS À PAS,"MCMANUS, SEAN",DUNOD,2021.0,PARIS,ACHAT,CONSULTATION SUR PLACE,ENSIA
463,MON COURS VISUEL DE PROGRAMMATION : SCRATCH ET PYTHON PAS À PAS,"MCMANUS, SEAN",DUNOD,2021.0,PARIS,ACHAT,PRÊT EXTERNE,ENSIA
3883,MORAL MACHINES,"WALLACH, WENDELL",UNKNOWN_EDITOR,UNKNOWN_YEAR,UNKNOWN_LOCATION,ACHAT,PRÊT EXTERNE,ENSIA
560,MOTEURS ÉLECTRIQUES INDUSTRIELS,"MAYÉ, PIERRE",UNKNOWN_EDITOR,2021.0,UNKNOWN_LOCATION,ACHAT,PRÊT EXTERNE,ENSIA
558,MOTEURS ÉLECTRIQUES INDUSTRIELS,"MAYÉ, PIERRE",UNKNOWN_EDITOR,2021.0,UNKNOWN_LOCATION,ACHAT,CONSULTATION SUR PLACE,ENSIA
559,MOTEURS ÉLECTRIQUES INDUSTRIELS,"MAYÉ, PIERRE",UNKNOWN_EDITOR,2021.0,UNKNOWN_LOCATION,ACHAT,PRÊT EXTERNE,ENSIA
372,MULTI-SENSOR DATA FUSION WITH MATLAB,JITENDRA R. RAOL,CRC PRESS,2010.0,USA,ACHAT,PRÊT EXTERNE,ENSIA
655,MYSQL 8 : ADMINISTRATION ET OPTIMISATION,STÉPHANE COMBAUDON,EDITIONS ENI,2019.0,FRANCE,ACHAT,PRÊT EXTERNE,ENSIA
654,MYSQL 8 : ADMINISTRATION ET OPTIMISATION,STÉPHANE COMBAUDON,EDITIONS ENI,2019.0,FRANCE,ACHAT,PRÊT EXTERNE,ENSIA
653,MYSQL 8 : ADMINISTRATION ET OPTIMISATION,STÉPHANE COMBAUDON,EDITIONS ENI,2019.0,FRANCE,ACHAT,PRÊT EXTERNE,ENSIA
534,MÉCANIQUE DES FLUIDES : BTS,"BIGOT, PASCAL",DUNOD,2021.0,FRANCE,ACHAT,CONSULTATION SUR PLACE,ENSIA
535,MÉCANIQUE DES FLUIDES : BTS,"BIGOT, PASCAL",DUNOD,2021.0,FRANCE,ACHAT,PRÊT EXTERNE,ENSIA
536,MÉCANIQUE DES FLUIDES : BTS,"BIGOT, PASCAL",DUNOD,2021.0,FRANCE,ACHAT,PRÊT EXTERNE,ENSIA
541,"MÉCANIQUE POUR L'INGÉNIEUR : MILIEUX CONTINUS SOLIDES ET FLUIDES, SYSTE`MES MULTICORPS, STRUCTURES","PUEL, GUILLAUME",DUNOD,2021.0,FRANCE,ACHAT,PRÊT EXTERNE,ENSIA
542,"MÉCANIQUE POUR L'INGÉNIEUR : MILIEUX CONTINUS SOLIDES ET FLUIDES, SYSTE`MES MULTICORPS, STRUCTURES","PUEL, GUILLAUME",DUNOD,2021.0,FRANCE,DON,PRÊT EXTERNE,ENSIA
540,"MÉCANIQUE POUR L'INGÉNIEUR : MILIEUX CONTINUS SOLIDES ET FLUIDES, SYSTE`MES MULTICORPS, STRUCTURES","PUEL, GUILLAUME",DUNOD,2021.0,FRANCE,DON,PRÊT EXTERNE,ENSIA
545,MÉMENTO DE SPÉCIFICATION GÉOMÉTRIQUE DES PRODUITS : LES NORMES ISO-GPS,"CHARPENTIER, FRÉDÉRIC",UNKNOWN_EDITOR,2021.0,UNKNOWN_LOCATION,ACHAT,PRÊT EXTERNE,ENSIA
544,MÉMENTO DE SPÉCIFICATION GÉOMÉTRIQUE DES PRODUITS : LES NORMES ISO-GPS,"CHARPENTIER, FRÉDÉRIC",UNKNOWN_EDITOR,2021.0,UNKNOWN_LOCATION,ACHAT,PRÊT EXTERNE,ENSIA
543,MÉMENTO DE SPÉCIFICATION GÉOMÉTRIQUE DES PRODUITS : LES NORMES ISO-GPS,"CHARPENTIER, FRÉDÉRIC",UNKNOWN_EDITOR,2021.0,UNKNOWN_LOCATION,ACHAT,PRÊT EXTERNE,ENSIA
1070,MÉMO FORMULAIRE : CALCULS SCIENTIFIQUES FONDAMENTAUX,"DÉPLANCHE, YVES",UNKNOWN_EDITOR,2015.0,PARIS,ACHAT,PRÊT EXTERNE,ENSIA
1071,MÉMO FORMULAIRE : CALCULS SCIENTIFIQUES FONDAMENTAUX,"DÉPLANCHE, YVES",UNKNOWN_EDITOR,2015.0,PARIS,ACHAT,PRÊT EXTERNE,ENSIA
1069,MÉMO FORMULAIRE : CALCULS SCIENTIFIQUES FONDAMENTAUX,"DÉPLANCHE, YVES",UNKNOWN_EDITOR,2015.0,PARIS,ACHAT,PRÊT EXTERNE,ENSIA
1166,MÉTHODES ET MODÈLES EN STATISTIQUE NON PARAMÉTRIQUE : EXPOSÉ FONDAMENTAL,"CAPÉRAÀ, PHILIPPE",UNKNOWN_EDITOR,1988.0,PARIS,DON,PRÊT EXTERNE,ENSIA
1334,MÉTHODES MATHÉMATIQUES APPLIQUÉES À L'ÉCONOMIE ET LA GESTION : COURS ET EXERCICES CORRIGÉS,"AVENEL, JEAN-DAVID",EDISCIENCE INTERNATIONAL,1999.0,CACHAN (VAL-DE-MARNE),PASSIF,PRÊT EXTERNE,ENSIA
1334/1,MÉTHODES MATHÉMATIQUES APPLIQUÉES À L'ÉCONOMIE ET LA GESTION : COURS ET EXERCICES CORRIGÉS,"AVENEL, JEAN-DAVID",EDISCIENCE INTERNATIONAL,1999.0,CACHAN (VAL-DE-MARNE),PASSIF,PRÊT EXTERNE,TRANSFÉRÉ L'ENSIA
913,"MÉTHODES NUMÉRIQUES POUR L'INGÉNIEUR : UTILISATION DE L'OUTIL MATLAB : COURS, EXERCICES ET PROBLÈMES DE SYNTHÈSE CORRIGÉS","RADI, BOUCHAÏD",ELLIPSES,2010.0,PARIS,DON,PRÊT EXTERNE,ENSIA
865,"MÉTHODES NUMÉRIQUES POUR L'INGÉNIEUR : UTILISATION DE L'OUTIL MATLAB : COURS, EXERCICES ET PROBLÈMES DE SYNTHÈSE CORRIGÉS","RADI, BOUCHAÏD",ELLIPSES,2010.0,PARIS,DON,PRÊT EXTERNE,ENSIA
914,"MÉTHODES NUMÉRIQUES POUR L'INGÉNIEUR : UTILISATION DE L'OUTIL MATLAB : COURS, EXERCICES ET PROBLÈMES DE SYNTHÈSE CORRIGÉS","RADI, BOUCHAÏD",ELLIPSES,2010.0,PARIS,DON,PRÊT EXTERNE,ENSIA
868,"MÉTHODES NUMÉRIQUES POUR L'INGÉNIEUR : UTILISATION DE L'OUTIL MATLAB : COURS, EXERCICES ET PROBLÈMES DE SYNTHÈSE CORRIGÉS","RADI, BOUCHAÏD",ELLIPSES,2010.0,PARIS,DON,PRÊT EXTERNE,ENSIA
866,"MÉTHODES NUMÉRIQUES POUR L'INGÉNIEUR : UTILISATION DE L'OUTIL MATLAB : COURS, EXERCICES ET PROBLÈMES DE SYNTHÈSE CORRIGÉS","RADI, BOUCHAÏD",ELLIPSES,2010.0,PARIS,DON,PRÊT EXTERNE,ENSIA
867,"MÉTHODES NUMÉRIQUES POUR L'INGÉNIEUR : UTILISATION DE L'OUTIL MATLAB : COURS, EXERCICES ET PROBLÈMES DE SYNTHÈSE CORRIGÉS","RADI, BOUCHAÏD",ELLIPSES,2010.0,PARIS,DON,PRÊT EXTERNE,ENSIA
1330,MÉTHODES NUMÉRIQUES POUR LE CALCUL SCIENTIFIQUE : PROGRAMMES EN MATLAB,"QUARTERONI, ALFIO",UNKNOWN_EDITOR,2000.0,PARIS,DON,PRÊT EXTERNE,ENSIA
776,MÉTHODES ORIENTÉES OBJET,"GRAHAM, IAN",INTERNATIONAL THOMSON PUBLISHING FRANCE,1997.0,PARIS,DON,PRÊT EXTERNE,ENSIA
1695,MÉTHODES STATISTIQUES : RAPPELS DE COURS ET EXERCICES CORRIGÉS,KHALED KHALDI,OPU,2017.0,ALGER,ACHAT,CONSULTATION SUR PLACE,ENSIA
295,MÉTHODES STATISTIQUES : RAPPELS DE COURS ET EXERCICES CORRIGÉS,KHALED KHALDI,OPU,2017.0,ALGER,ACHAT,PRÊT EXTERNE,ENSIA
1693,MÉTHODES STATISTIQUES : RAPPELS DE COURS ET EXERCICES CORRIGÉS,KHALED KHALDI,OPU,2017.0,ALGER,ACHAT,PRÊT EXTERNE,ENSIA
1692,MÉTHODES STATISTIQUES : RAPPELS DE COURS ET EXERCICES CORRIGÉS,KHALED KHALDI,OPU,2017.0,ALGER,ACHAT,PRÊT EXTERNE,ENSIA
294,MÉTHODES STATISTIQUES : RAPPELS DE COURS ET EXERCICES CORRIGÉS,KHALED KHALDI,OPU,2017.0,ALGER,ACHAT,PRÊT EXTERNE,ENSIA
296,MÉTHODES STATISTIQUES : RAPPELS DE COURS ET EXERCICES CORRIGÉS,KHALED KHALDI,OPU,2017.0,ALGER,ACHAT,PRÊT EXTERNE,ENSIA
1691,MÉTHODES STATISTIQUES : RAPPELS DE COURS ET EXERCICES CORRIGÉS,KHALED KHALDI,OPU,2017.0,ALGER,ACHAT,PRÊT EXTERNE,ENSIA
1690,MÉTHODES STATISTIQUES : RAPPELS DE COURS ET EXERCICES CORRIGÉS,KHALED KHALDI,OPU,2017.0,ALGER,ACHAT,PRÊT EXTERNE,ENSIA
1689,MÉTHODES STATISTIQUES : RAPPELS DE COURS ET EXERCICES CORRIGÉS,KHALED KHALDI,OPU,2017.0,ALGER,ACHAT,PRÊT EXTERNE,ENSIA
1688,MÉTHODES STATISTIQUES : RAPPELS DE COURS ET EXERCICES CORRIGÉS,KHALED KHALDI,OPU,2017.0,ALGER,ACHAT,PRÊT EXTERNE,ENSIA
1687,MÉTHODES STATISTIQUES : RAPPELS DE COURS ET EXERCICES CORRIGÉS,KHALED KHALDI,OPU,2017.0,ALGER,ACHAT,PRÊT EXTERNE,ENSIA
1686,MÉTHODES STATISTIQUES : RAPPELS DE COURS ET EXERCICES CORRIGÉS,KHALED KHALDI,OPU,2017.0,ALGER,ACHAT,PRÊT EXTERNE,ENSIA
300,MÉTHODES STATISTIQUES : RAPPELS DE COURS ET EXERCICES CORRIGÉS,KHALED KHALDI,OPU,2017.0,ALGER,ACHAT,PRÊT EXTERNE,ENSIA
299,MÉTHODES STATISTIQUES : RAPPELS DE COURS ET EXERCICES CORRIGÉS,KHALED KHALDI,OPU,2017.0,ALGER,ACHAT,PRÊT EXTERNE,ENSIA
1694,MÉTHODES STATISTIQUES : RAPPELS DE COURS ET EXERCICES CORRIGÉS,KHALED KHALDI,OPU,2017.0,ALGER,ACHAT,PRÊT EXTERNE,ENSIA
293,MÉTHODES STATISTIQUES : RAPPELS DE COURS ET EXERCICES CORRIGÉS,KHALED KHALDI,OPU,2017.0,ALGER,ACHAT,PRÊT EXTERNE,ENSIA
298,MÉTHODES STATISTIQUES : RAPPELS DE COURS ET EXERCICES CORRIGÉS,KHALED KHALDI,OPU,2017.0,ALGER,ACHAT,PRÊT EXTERNE,ENSIA
297,MÉTHODES STATISTIQUES : RAPPELS DE COURS ET EXERCICES CORRIGÉS,KHALED KHALDI,OPU,2017.0,ALGER,ACHAT,PRÊT EXTERNE,ENSIA
765,MÉTHODOLOGIES DE LA RECHERCHE SCIENTIFIQUE,"ZIDI, ANÉS",CENTRE DE PUBLICATION UNIVERSITAIRE,2010.0,TUNISIE,DON,CONSULTATION SUR PLACE,ENSIA
374,NETWORKED FILTERING AND FUSION IN WIRELESS SENSOR NETWORKS,"MAHMOUD, MAGDI S",CRC PRESS,2015.0,USA,ACHAT,PRÊT EXTERNE,ENSIA
373,NETWORKED FILTERING AND FUSION IN WIRELESS SENSOR NETWORKS,"MAHMOUD, MAGDI S",CRC PRESS,2015.0,USA,ACHAT,PRÊT EXTERNE,ENSIA
3786,NEURAL NETWORKS AND DEEP LEARNING,"C.AGGARWAL,CHARU",UNKNOWN_EDITOR,2023.0,UNKNOWN_LOCATION,ACHAT,PRÊT EXTERNE,ENSIA
3787,NEURAL NETWORKS AND DEEP LEARNING,"C.AGGARWAL,CHARU",UNKNOWN_EDITOR,2023.0,UNKNOWN_LOCATION,ACHAT,PRÊT EXTERNE,ENSIA
3785,NEURAL NETWORKS AND DEEP LEARNING,"C.AGGARWAL,CHARU",UNKNOWN_EDITOR,2023.0,UNKNOWN_LOCATION,ACHAT,PRÊT EXTERNE,ENSIA
815,"NOTIONS SUR LE CALCUL DES PROBABILITÉS,C CORRIGÉS","CHIBAT, AHMED",UNKNOWN_EDITOR,1955.0,ALGER,DON,CONSULTATION SUR PLACE,ENSIA
816,"NOTIONS SUR LE CALCUL DES PROBABILITÉS,C CORRIGÉS","CHIBAT, AHMED",UNKNOWN_EDITOR,1955.0,ALGER,DON,PRÊT EXTERNE,ENSIA
1232,NTRODUCTION À LA PROGRAMMATION OBJET EN JAVA : COURS ET EXERCICES,"BRONDEAU, JEAN",UNKNOWN_EDITOR,1999.0,PARIS,DON,PRÊT EXTERNE,ENSIA
1233,NTRODUCTION À LA PROGRAMMATION OBJET EN JAVA : COURS ET EXERCICES,"BRONDEAU, JEAN",UNKNOWN_EDITOR,1999.0,PARIS,DON,PRÊT EXTERNE,ENSIA
512,NÉO-PAYSANS : LE GUIDE TRÈS PRATIQUE : TOUTES LES ÉTAPES DE L'INSTALLATION EN AGROÉCOLOGIE ET PERMACULTURE,"MACIAS, BRUNO",EDITIONS FRANCE AGRICOLE,2020.0,FRANCE,ACHAT,PRÊT EXTERNE,ENSIA
511,NÉO-PAYSANS : LE GUIDE TRÈS PRATIQUE : TOUTES LES ÉTAPES DE L'INSTALLATION EN AGROÉCOLOGIE ET PERMACULTURE,"MACIAS, BRUNO",EDITIONS FRANCE AGRICOLE,2020.0,FRANCE,ACHAT,PRÊT EXTERNE,ENSIA
510,NÉO-PAYSANS : LE GUIDE TRÈS PRATIQUE : TOUTES LES ÉTAPES DE L'INSTALLATION EN AGROÉCOLOGIE ET PERMACULTURE,"MACIAS, BRUNO",EDITIONS FRANCE AGRICOLE,2020.0,FRANCE,ACHAT,CONSULTATION SUR PLACE,ENSIA
658,"OFFICE 365 : DÉPLOIEMENT, ADMINISTRATION ET CONFIGURATION","GILARDEAU, MICKAËL",EDITIONS ENI,2017.0,FRANCE,ACHAT,PRÊT EXTERNE,ENSIA
656,"OFFICE 365 : DÉPLOIEMENT, ADMINISTRATION ET CONFIGURATION","GILARDEAU, MICKAËL",EDITIONS ENI,2017.0,FRANCE,ACHAT,PRÊT EXTERNE,ENSIA
657,"OFFICE 365 : DÉPLOIEMENT, ADMINISTRATION ET CONFIGURATION","GILARDEAU, MICKAËL",EDITIONS ENI,2017.0,FRANCE,ACHAT,PRÊT EXTERNE,ENSIA
3755,OPERATING SYSTEM CONCEPTS 8TH EDITION,"SILBERSCHATZ, ABRAHAM.",UNKNOWN_EDITOR,2009.0,UNKNOWN_LOCATION,ACHAT,PRÊT EXTERNE,ENSIA
3754,OPERATING SYSTEM CONCEPTS 8TH EDITION,"SILBERSCHATZ, ABRAHAM.",UNKNOWN_EDITOR,2009.0,UNKNOWN_LOCATION,ACHAT,PRÊT EXTERNE,ENSIA
3753,OPERATING SYSTEM CONCEPTS 8TH EDITION,"SILBERSCHATZ, ABRAHAM.",UNKNOWN_EDITOR,2009.0,UNKNOWN_LOCATION,ACHAT,PRÊT EXTERNE,ENSIA
1182,OPTIMISATION ET CONTRÔLE DES SYSTÈMES LINÉAIRES : COURS ET EXERCICES AVEC SOLUTIONS,"BERGOUNIOUX, MAÏTINE",UNKNOWN_EDITOR,2001.0,PARIS,DON,PRÊT EXTERNE,ENSIA
1181,OPTIMISATION ET CONTRÔLE DES SYSTÈMES LINÉAIRES : COURS ET EXERCICES AVEC SOLUTIONS,"BERGOUNIOUX, MAÏTINE",UNKNOWN_EDITOR,2001.0,PARIS,DON,PRÊT EXTERNE,ENSIA
1180,OPTIMISATION ET CONTRÔLE DES SYSTÈMES LINÉAIRES : COURS ET EXERCICES AVEC SOLUTIONS,"BERGOUNIOUX, MAÏTINE",UNKNOWN_EDITOR,2001.0,PARIS,DON,PRÊT EXTERNE,ENSIA
1183,OPTIMISATION ET CONTRÔLE DES SYSTÈMES LINÉAIRES : COURS ET EXERCICES AVEC SOLUTIONS,"BERGOUNIOUX, MAÏTINE",UNKNOWN_EDITOR,2001.0,PARIS,DON,PRÊT EXTERNE,ENSIA
1179,OPTIMISATION ET CONTRÔLE DES SYSTÈMES LINÉAIRES : COURS ET EXERCICES AVEC SOLUTIONS,"BERGOUNIOUX, MAÏTINE",UNKNOWN_EDITOR,2001.0,PARIS,DON,PRÊT EXTERNE,ENSIA
1204,OPTIMISATION ET CONTRÔLE DES SYSTÈMES LINÉAIRES : COURS ET EXERCICES AVEC SOLUTIONS,"BERGOUNIOUX, MAÏTINE",UNKNOWN_EDITOR,2001.0,PARIS,ACHAT,PRÊT EXTERNE,ENSIA
1205,OPTIMISATION ET CONTRÔLE DES SYSTÈMES LINÉAIRES : COURS ET EXERCICES AVEC SOLUTIONS,"BERGOUNIOUX, MAÏTINE",UNKNOWN_EDITOR,2001.0,PARIS,ACHAT,PRÊT EXTERNE,ENSIA
727,ORACLE 11G : ENTRAÎNEZ-VOUS SUR SQL ET PL/SQL,"GABILLAUD, JÉRÔME",D. ENI,2009.0,SAINT-HERBLAIN,DON,PRÊT EXTERNE,ENSIA
885,OUTILS MATHÉMATIQUES POUR L'ÉTUDIANT L'INGENIEUR ET LE CHERCHEUR AVEC MATLAB,"LAPRESTÉ, JEAN-THIERRY",ELLIPSES,2008.0,PARIS,DON,CONSULTATION SUR PLACE,ENSIA
659,PARLER ET FAIRE UNE PRÉSENTATION EN PUBLIC EN TOUTE CONFIANCE : APPRENDRE,"ISRAEL, MARC",ENI,2019.0,SAINT-HERBLAIN,ACHAT,CONSULTATION SUR PLACE,ENSIA
660,PARLER ET FAIRE UNE PRÉSENTATION EN PUBLIC EN TOUTE CONFIANCE : APPRENDRE,"ISRAEL, MARC",ENI,2019.0,SAINT-HERBLAIN,ACHAT,PRÊT EXTERNE,ENSIA
661,PARLER ET FAIRE UNE PRÉSENTATION EN PUBLIC EN TOUTE CONFIANCE : APPRENDRE,"ISRAEL, MARC",ENI,2019.0,SAINT-HERBLAIN,ACHAT,PRÊT EXTERNE,ENSIA
662,PARLER ET FAIRE UNE PRÉSENTATION EN PUBLIC EN TOUTE CONFIANCE : APPRENDRE,"ISRAEL, MARC",ENI,2019.0,SAINT-HERBLAIN,ACHAT,PRÊT EXTERNE,ENSIA
1235,PASCAL FOR STUDENT : INCLUDING TURBO PASCAL,D.HAHN;BRIAN,UNKNOWN_EDITOR,1989.0,PARIS,DON,PRÊT EXTERNE,ENSIA
814,PASCAL FOR STUDENT : INCLUDING TURBO PASCAL,D.HAHN;BRIAN,UNKNOWN_EDITOR,1989.0,PARIS,DON,PRÊT EXTERNE,ENSIA
1234,PASCAL FOR STUDENT : INCLUDING TURBO PASCAL,D.HAHN;BRIAN,UNKNOWN_EDITOR,1989.0,PARIS,DON,PRÊT EXTERNE,ENSIA
473,PASS BIOCHIMIE : PARCOURS SANTÉ & LAS,"BEAUMONT, SIMON",DUNOD,2021.0,PARIS,ACHAT,CONSULTATION SUR PLACE,ENSIA
475,PASS BIOCHIMIE : PARCOURS SANTÉ & LAS,"BEAUMONT, SIMON",DUNOD,2021.0,PARIS,ACHAT,PRÊT EXTERNE,ENSIA
474,PASS BIOCHIMIE : PARCOURS SANTÉ & LAS,"BEAUMONT, SIMON",DUNOD,2021.0,PARIS,ACHAT,PRÊT EXTERNE,ENSIA
482,PASS BIOLOGIE MOLÉCULAIRE ET GÉNÉTIQUE : PARCOURS SANTÉ & L.AS,"BEAUMONT, SIMON",DUNOD,2021.0,PARIS,ACHAT,CONSULTATION SUR PLACE,ENSIA
484,PASS BIOLOGIE MOLÉCULAIRE ET GÉNÉTIQUE : PARCOURS SANTÉ & L.AS,"BEAUMONT, SIMON",DUNOD,2021.0,PARIS,ACHAT,PRÊT EXTERNE,ENSIA
483,PASS BIOLOGIE MOLÉCULAIRE ET GÉNÉTIQUE : PARCOURS SANTÉ & L.AS,"BEAUMONT, SIMON",DUNOD,2021.0,PARIS,ACHAT,PRÊT EXTERNE,ENSIA
491,"PASS BIOSTATISTIQUES, PROBABILITÉS, MATHÉMATIQUES : PARCOURS SANTÉ & L.AS","BELAZREG, SALAH",EDISCIENCE,2021.0,PARIS,ACHAT,PRÊT EXTERNE,ENSIA
490,"PASS BIOSTATISTIQUES, PROBABILITÉS, MATHÉMATIQUES : PARCOURS SANTÉ & L.AS","BELAZREG, SALAH",EDISCIENCE,2021.0,PARIS,ACHAT,PRÊT EXTERNE,ENSIA
489,"PASS BIOSTATISTIQUES, PROBABILITÉS, MATHÉMATIQUES : PARCOURS SANTÉ & L.AS","BELAZREG, SALAH",EDISCIENCE,2021.0,PARIS,ACHAT,PRÊT EXTERNE,ENSIA
438,PASS CHIMIE GÉNÉRALE : PARCOURS SANTÉ & L.AS,"RAVOMANANA, FRÉDÉRIC",UNKNOWN_EDITOR,2021.0,UNKNOWN_LOCATION,ACHAT,CONSULTATION SUR PLACE,ENSIA
437,PASS CHIMIE GÉNÉRALE : PARCOURS SANTÉ & L.AS,"RAVOMANANA, FRÉDÉRIC",UNKNOWN_EDITOR,2021.0,UNKNOWN_LOCATION,ACHAT,CONSULTATION SUR PLACE,ENSIA
439,PASS CHIMIE GÉNÉRALE : PARCOURS SANTÉ & L.AS,"RAVOMANANA, FRÉDÉRIC",UNKNOWN_EDITOR,2021.0,UNKNOWN_LOCATION,ACHAT,CONSULTATION SUR PLACE,ENSIA
3739,PATTERN RECOGNITION AND MACHINE LEARNING,"M.BISHOP ,CHRISTOPHER",UNKNOWN_EDITOR,2006.0,UNKNOWN_LOCATION,ACHAT,PRÊT EXTERNE,ENSIA
3741,PATTERN RECOGNITION AND MACHINE LEARNING,"M.BISHOP ,CHRISTOPHER",UNKNOWN_EDITOR,2006.0,UNKNOWN_LOCATION,ACHAT,PRÊT EXTERNE,ENSIA
3740,PATTERN RECOGNITION AND MACHINE LEARNING,"M.BISHOP ,CHRISTOPHER",UNKNOWN_EDITOR,2006.0,UNKNOWN_LOCATION,ACHAT,PRÊT EXTERNE,ENSIA
3738,PATTERN RECOGNITION AND MACHINE LEARNING,"M.BISHOP ,CHRISTOPHER",UNKNOWN_EDITOR,2006.0,UNKNOWN_LOCATION,ACHAT,PRÊT EXTERNE,ENSIA
3737,PATTERN RECOGNITION AND MACHINE LEARNING,"M.BISHOP ,CHRISTOPHER",UNKNOWN_EDITOR,2006.0,UNKNOWN_LOCATION,ACHAT,PRÊT EXTERNE,ENSIA
3736,PATTERN RECOGNITION AND MACHINE LEARNING,"M.BISHOP ,CHRISTOPHER",UNKNOWN_EDITOR,2006.0,UNKNOWN_LOCATION,ACHAT,PRÊT EXTERNE,ENSIA
3953,PATTERN RECOGNITION AND NEURAL NETWORKS,"RIPLEY,BRIAN D.",UNKNOWN_EDITOR,1952.0,UNKNOWN_LOCATION,ACHAT,PRÊT EXTERNE,ENSIA
3955,PATTERN RECOGNITION AND NEURAL NETWORKS,"RIPLEY,BRIAN D.",UNKNOWN_EDITOR,1952.0,UNKNOWN_LOCATION,ACHAT,PRÊT EXTERNE,ENSIA
3954,PATTERN RECOGNITION AND NEURAL NETWORKS,"RIPLEY,BRIAN D.",UNKNOWN_EDITOR,1952.0,UNKNOWN_LOCATION,ACHAT,PRÊT EXTERNE,ENSIA
3888,PATTERNS OF ENTERPRISE APPLICATION ARCHITECTURE 1ST EDITION,"FOWLER, MARTIN",UNKNOWN_EDITOR,2003.0,UNKNOWN_LOCATION,ACHAT,PRÊT EXTERNE,ENSIA
703,PENSER COMME UN MILLIONAIRE :CHANGER SES HABITUDES POUR RÉUSSIR ET ÉTRE HEUREUX,GRAZIOSI DEAN,NOUVEAUX HORIZONS,2019.0,FRANCE,DON,PRÊT EXTERNE,ENSIA
704,PENSER COMME UN MILLIONAIRE :CHANGER SES HABITUDES POUR RÉUSSIR ET ÉTRE HEUREUX,GRAZIOSI DEAN,NOUVEAUX HORIZONS,2019.0,FRANCE,DON,PRÊT EXTERNE,ENSIA
705,PENSER COMME UN MILLIONAIRE :CHANGER SES HABITUDES POUR RÉUSSIR ET ÉTRE HEUREUX,GRAZIOSI DEAN,NOUVEAUX HORIZONS,2019.0,FRANCE,DON,PRÊT EXTERNE,ENSIA
706,PENSER COMME UN MILLIONAIRE :CHANGER SES HABITUDES POUR RÉUSSIR ET ÉTRE HEUREUX,GRAZIOSI DEAN,NOUVEAUX HORIZONS,2019.0,FRANCE,DON,PRÊT EXTERNE,ENSIA
514,PETIT PRÉCIS D'AGRONOMIE,"NÉRON, FRANÇOISE",EDITIONS FRANCE AGRICOLE,2021.0,FRANCE,ACHAT,PRÊT EXTERNE,ENSIA
513,PETIT PRÉCIS D'AGRONOMIE,"NÉRON, FRANÇOISE",EDITIONS FRANCE AGRICOLE,2021.0,FRANCE,ACHAT,CONSULTATION SUR PLACE,ENSIA
515,PETIT PRÉCIS D'AGRONOMIE,"NÉRON, FRANÇOISE",EDITIONS FRANCE AGRICOLE,2021.0,FRANCE,ACHAT,PRÊT EXTERNE,ENSIA
795,PHP 5 : TOTALEMENT MIS À JOUR AVEC LA VERSION 5,"ATKINSON, LEON",CAMPUSPRESS,2003.0,PARIS,PASSIF,PRÊT EXTERNE,ENSIA
663,"PHP 7 : LIVRE, DÉVELOPPEZ UN SITE WEB DYNAMIQUE ET INTERACTIF : VIDÉO, CRÉEZ UN MINI BLOG","HEURTEL, OLIVIER",EDITIONS ENI,2017.0,FRANCE,ACHAT,PRÊT EXTERNE,ENSIA
664,"PHP 7 : LIVRE, DÉVELOPPEZ UN SITE WEB DYNAMIQUE ET INTERACTIF : VIDÉO, CRÉEZ UN MINI BLOG","HEURTEL, OLIVIER",EDITIONS ENI,2017.0,FRANCE,ACHAT,PRÊT EXTERNE,ENSIA
929,PHYSIQUE - EXERCICES INCONTOURNABLES MPSI-PTSI,"BAGARD, SÉVERINE",DUNOD,2014.0,PARIS,DON,CONSULTATION SUR PLACE,ENSIA
928,PHYSIQUE : EXERCICES INCONTOURNABLES,"BEURY, JEAN-NOEL",DUNOD,2014.0,PARIS,DON,PRÊT EXTERNE,ENSIA
927,PHYSIQUE : EXERCICES INCONTOURNABLES,"BEURY, JEAN-NOEL",DUNOD,2014.0,PARIS,DON,CONSULTATION SUR PLACE,ENSIA
940,PHYSIQUE : UNE INTRODUCTION : AVEC TRAVAUX DIRIGÉS RÉSOLUS ET ILLUSTRATIONS INFORMATIQUES,"PÉREZ, JOSÉ-PHILIPPE",DE BOECK,2008.0,BRUXELLES,DON,PRÊT EXTERNE,ENSIA
919,PHYSIQUE CHIMIE : MP/MP* : EXERCICES AVEC INDICATIONS ET CORRIGÉS DÉTAILLÉS POUR ASSIMILER TOUT LE PROGRAMME,UNKNOWN_AUTHOR,ELLIPSES,2006.0,PARIS,DON,CONSULTATION SUR PLACE,ENSIA
328,PHYSIQUE DES SEMI-CONDUCTEURS ET DES COMPOSANTS OPTOÉLECTRONIQUES,KAIS FERDJANI,OPU,2016.0,ALGER,ACHAT,PRÊT EXTERNE,ENSIA
327,PHYSIQUE DES SEMI-CONDUCTEURS ET DES COMPOSANTS OPTOÉLECTRONIQUES,KAIS FERDJANI,OPU,2016.0,ALGER,ACHAT,CONSULTATION SUR PLACE,ENSIA
930,PHYSIQUE GÉNÉRALE ET APPLIQUÉE : COURS ET PROBLÈMES,"BUECHE, FREDERICK J.",MCGRAW-HILL,1993.0,PARIS,DON,CONSULTATION SUR PLACE,ENSIA
138,PHYSIQUE MÉCANIQUE : RAPPELS DE COURS ET EXERCICES RÉSOLUS,ABDELKADER BELFEDAL,OPU,2012.0,ALGER,ACHAT,PRÊT EXTERNE,ENSIA
137,PHYSIQUE MÉCANIQUE : RAPPELS DE COURS ET EXERCICES RÉSOLUS,ABDELKADER BELFEDAL,OPU,2012.0,ALGER,ACHAT,CONSULTATION SUR PLACE,ENSIA
920,"PHYSIQUE STATISTIQUE : INTRODUCTION, COURS ET EXERCICES CORRIGÉS","NGÔ, CHRISTIAN",DUNOD,2001.0,PARIS,DON,CONSULTATION SUR PLACE,ENSIA
921,PHYSIQUE TOUT EN UN 1RE ANNÉE : TOUT - EN- UN .1ERE ANNÉE : COURS ET EXERCICES CORRIGÉS : MPSI - PCSI - PTSI,"SANZ, MARIE-NOELLE",DUNOD,2003.0,PARIS,DON,PRÊT EXTERNE,ENSIA
923,PHYSIQUE TOUT EN UN 1RE ANNÉE : TOUT - EN- UN .1ERE ANNÉE : COURS ET EXERCICES CORRIGÉS : MPSI - PCSI - PTSI,"SANZ, MARIE-NOELLE",DUNOD,2003.0,PARIS,DON,PRÊT EXTERNE,ENSIA
922,PHYSIQUE TOUT EN UN 1RE ANNÉE : TOUT - EN- UN .1ERE ANNÉE : COURS ET EXERCICES CORRIGÉS : MPSI - PCSI - PTSI,"SANZ, MARIE-NOELLE",DUNOD,2003.0,PARIS,DON,PRÊT EXTERNE,ENSIA
1339,"PHYSIQUE, 2E ANNÉE MP MP","AUGIER, DAVID",UNKNOWN_EDITOR,2014.0,PARIS,ACHAT,PRÊT EXTERNE,ENSIA
937,"PHYSIQUE, VOL. 2.ELECTRICITÉ ET MAGNÉTISME : SOLUTIONS ET CORRIGÉS DES PROBLÈMES","BENSON, HARRIS",DE BOECK,2009.0,BRUXELLES,DON,CONSULTATION SUR PLACE,ENSIA
936,"PHYSIQUE, VOL. 2.ELECTRICITÉ ET MAGNÉTISME : SOLUTIONS ET CORRIGÉS DES PROBLÈMES","BENSON, HARRIS",DE BOECK,2009.0,BRUXELLES,DON,CONSULTATION SUR PLACE,ENSIA
938,"PHYSIQUE, VOL. 2.ELECTRICITÉ ET MAGNÉTISME : SOLUTIONS ET CORRIGÉS DES PROBLÈMES","BENSON, HARRIS",DE BOECK,2009.0,BRUXELLES,DON,CONSULTATION SUR PLACE,ENSIA
1757,"PHYSIQUE, VOL. 2.ELECTRICITÉ ET MAGNÉTISME : SOLUTIONS ET CORRIGÉS DES PROBLÈMES","BENSON, HARRIS",DE BOECK,2009.0,BRUXELLES,DON,PRÊT EXTERNE,ENSIA
1758,"PHYSIQUE, VOL. 2.ELECTRICITÉ ET MAGNÉTISME : SOLUTIONS ET CORRIGÉS DES PROBLÈMES","BENSON, HARRIS",DE BOECK,2009.0,BRUXELLES,DON,PRÊT EXTERNE,ENSIA
666,"PKI SOUS WINDOWS SERVER 2016 : SÉCURITÉ, CRYPTOGRAPHIE ET CERTIFICATS","IZZO, PATRICK",EDITIONS ENI,2017.0,FRANCE,ACHAT,PRÊT EXTERNE,ENSIA
665,"PKI SOUS WINDOWS SERVER 2016 : SÉCURITÉ, CRYPTOGRAPHIE ET CERTIFICATS","IZZO, PATRICK",EDITIONS ENI,2017.0,FRANCE,ACHAT,PRÊT EXTERNE,ENSIA
333,POLYCOPIÉ DE TRAVAUX PRATIQUES : MODULE : RÉSEAU MASTER 1 - LMD,"MEDJAHED-GAMAZ, DJ",OPU,2018.0,ALGER,ACHAT,CONSULTATION SUR PLACE,ENSIA
334,POLYCOPIÉ DE TRAVAUX PRATIQUES : MODULE : RÉSEAU MASTER 1 - LMD,"MEDJAHED-GAMAZ, DJ",OPU,2018.0,ALGER,ACHAT,PRÊT EXTERNE,ENSIA
335,POLYCOPIÉ DE TRAVAUX PRATIQUES : MODULE : RÉSEAU MASTER 1 - LMD,"MEDJAHED-GAMAZ, DJ",OPU,2018.0,ALGER,ACHAT,PRÊT EXTERNE,ENSIA
336,POLYCOPIÉ DE TRAVAUX PRATIQUES : MODULE : RÉSEAU MASTER 1 - LMD,"MEDJAHED-GAMAZ, DJ",OPU,2018.0,ALGER,ACHAT,PRÊT EXTERNE,ENSIA
668,POWER BI DESKTOP : DE L'ANALYSE DE DONNÉES AU REPORTING,MEYER ANDRÉ,EDITIONS ENI,2019.0,FRANCE,ACHAT,PRÊT EXTERNE,ENSIA
669,POWER BI DESKTOP : DE L'ANALYSE DE DONNÉES AU REPORTING,MEYER ANDRÉ,EDITIONS ENI,2019.0,FRANCE,ACHAT,PRÊT EXTERNE,ENSIA
667,POWER BI DESKTOP : DE L'ANALYSE DE DONNÉES AU REPORTING,MEYER ANDRÉ,EDITIONS ENI,2019.0,FRANCE,ACHAT,PRÊT EXTERNE,ENSIA
375,"POWER ELECTRONICS BASICS : OPERATING PRINCIPLES, DESIGN, FORMULAS, AND APPLICATIONS",YURIY ROZANOV,CRC PRESS,2016.0,USA,ACHAT,PRÊT EXTERNE,ENSIA
376,"POWER ELECTRONICS BASICS : OPERATING PRINCIPLES, DESIGN, FORMULAS, AND APPLICATIONS",YURIY ROZANOV,CRC PRESS,2016.0,USA,ACHAT,PRÊT EXTERNE,ENSIA
377,PRACTICAL HANDBOOK OF REMOTE SENSING,SAMANTHA LAVENDER,CRC PRESS,2016.0,USA,ACHAT,PRÊT EXTERNE,ENSIA
119,PRACTICUM INFORMATIQUE : DE THÉORIE DES FILES D'ATTENTE,"DUDIN, A.N.",OPU,2010.0,ALGER,ACHAT,PRÊT EXTERNE,ENSIA
120,PRACTICUM INFORMATIQUE : DE THÉORIE DES FILES D'ATTENTE,"DUDIN, A.N.",OPU,2010.0,ALGER,ACHAT,PRÊT EXTERNE,ENSIA
764,"PRATIQUE DU DROIT DE L'INFORMATIQUE ET DE L'INTERNET : LOGICIELS, SYSTÈMES, INTERNET","HOLLANDE, ALAIN",DELMAS,2008.0,PARIS,DON,CONSULTATION SUR PLACE,ENSIA
983,PRINCIPALS OF ARTIFICIAL INTELIGENCE,"J.NILSSON,NILS",UNKNOWN_EDITOR,1933.0,UNKNOWN_LOCATION,PASSIF,PRÊT EXTERNE,ENSIA
984,PRINCIPALS OF ARTIFICIAL INTELIGENCE,"J.NILSSON,NILS",UNKNOWN_EDITOR,1933.0,UNKNOWN_LOCATION,ACHAT,PRÊT EXTERNE,ENSIA
898,PRINCIPES D'ANALYSE MATHÉMATIQUE : AVEC PROBLÈMES RÉSOLUS,"RUDIN, WALTER",EDISCIENCE INTERNATIONAL,1995.0,CACHAN (VAL-DE-MARNE),DON,PRÊT EXTERNE,ENSIA
424,PRINCIPES D'ANALYSE MATHÉMATIQUE : COURS ET EXERCICES,"RUDIN, WALTER",DUNOD,2021.0,PARIS,ACHAT,PRÊT EXTERNE,ENSIA
423,PRINCIPES D'ANALYSE MATHÉMATIQUE : COURS ET EXERCICES,"RUDIN, WALTER",DUNOD,2021.0,PARIS,ACHAT,PRÊT EXTERNE,ENSIA
421,PRINCIPES D'ANALYSE MATHÉMATIQUE : COURS ET EXERCICES,"RUDIN, WALTER",DUNOD,2021.0,PARIS,ACHAT,PRÊT EXTERNE,ENSIA
422,PRINCIPES D'ANALYSE MATHÉMATIQUE : COURS ET EXERCICES,"RUDIN, WALTER",DUNOD,2021.0,PARIS,ACHAT,PRÊT EXTERNE,ENSIA
420,PRINCIPES D'ANALYSE MATHÉMATIQUE : COURS ET EXERCICES,"RUDIN, WALTER",DUNOD,2021.0,PARIS,ACHAT,CONSULTATION SUR PLACE,ENSIA
572,"PRINCIPES D'ÉLECTRONIQUE : COURS DE RÉFÉRENCE, 850 EXERCICES ET PROBLÈMES, 650 QCM D'AUTO-ÉVALUATION, + DE 350 MODÈLES DE CIRCUITS À TÉLÉCHARGER","MALVINO, ALBERT PAUL",UNKNOWN_EDITOR,2021.0,UNKNOWN_LOCATION,ACHAT,PRÊT EXTERNE,ENSIA
570,"PRINCIPES D'ÉLECTRONIQUE : COURS DE RÉFÉRENCE, 850 EXERCICES ET PROBLÈMES, 650 QCM D'AUTO-ÉVALUATION, + DE 350 MODÈLES DE CIRCUITS À TÉLÉCHARGER","MALVINO, ALBERT PAUL",UNKNOWN_EDITOR,2021.0,UNKNOWN_LOCATION,ACHAT,CONSULTATION SUR PLACE,ENSIA
571,"PRINCIPES D'ÉLECTRONIQUE : COURS DE RÉFÉRENCE, 850 EXERCICES ET PROBLÈMES, 650 QCM D'AUTO-ÉVALUATION, + DE 350 MODÈLES DE CIRCUITS À TÉLÉCHARGER","MALVINO, ALBERT PAUL",UNKNOWN_EDITOR,2021.0,UNKNOWN_LOCATION,ACHAT,PRÊT EXTERNE,ENSIA
378,PRINCIPLES OF COMMUNICATIONS NETWORKS AND SYSTEMS,BENVENUTO NEVIO,WILEY,2011.0,USA,ACHAT,PRÊT EXTERNE,ENSIA
3880,"PROBABILISTIC ROBOTICS. SEBASTIAN THRUN, WOLFRAM BURGARD, AND DIETER FOX","THRUN, SEBASTIAN",UNKNOWN_EDITOR,2005.0,UNKNOWN_LOCATION,ACHAT,PRÊT EXTERNE,ENSIA
2851,PROBABILITES : RAPPELS DE COURS ET EXERCICES CORRIGES,KHALDI KHALED,OPU,2005.0,ALGER,ACHAT,PRÊT EXTERNE,ENSIA
2852,PROBABILITES : RAPPELS DE COURS ET EXERCICES CORRIGES,KHALDI KHALED,OPU,2005.0,ALGER,ACHAT,PRÊT EXTERNE,ENSIA
1683,PROBABILITES : RAPPELS DE COURS ET EXERCICES CORRIGES,KHALDI KHALED,OPU,2005.0,ALGER,ACHAT,PRÊT EXTERNE,ENSIA
1684,PROBABILITES : RAPPELS DE COURS ET EXERCICES CORRIGES,KHALDI KHALED,OPU,2005.0,ALGER,ACHAT,PRÊT EXTERNE,ENSIA
1685,PROBABILITES : RAPPELS DE COURS ET EXERCICES CORRIGES,KHALDI KHALED,OPU,2005.0,ALGER,ACHAT,PRÊT EXTERNE,ENSIA
1679,PROBABILITES : RAPPELS DE COURS ET EXERCICES CORRIGES,KHALDI KHALED,OPU,2005.0,ALGER,ACHAT,PRÊT EXTERNE,ENSIA
2853,PROBABILITES : RAPPELS DE COURS ET EXERCICES CORRIGES,KHALDI KHALED,OPU,2005.0,ALGER,ACHAT,PRÊT EXTERNE,ENSIA
2854,PROBABILITES : RAPPELS DE COURS ET EXERCICES CORRIGES,KHALDI KHALED,OPU,2005.0,ALGER,ACHAT,PRÊT EXTERNE,ENSIA
2855,PROBABILITES : RAPPELS DE COURS ET EXERCICES CORRIGES,KHALDI KHALED,OPU,2005.0,ALGER,ACHAT,PRÊT EXTERNE,ENSIA
1676,PROBABILITES : RAPPELS DE COURS ET EXERCICES CORRIGES,KHALDI KHALED,OPU,2005.0,ALGER,ACHAT,CONSULTATION SUR PLACE,ENSIA
2856,PROBABILITES : RAPPELS DE COURS ET EXERCICES CORRIGES,KHALDI KHALED,OPU,2005.0,ALGER,ACHAT,PRÊT EXTERNE,ENSIA
1680,PROBABILITES : RAPPELS DE COURS ET EXERCICES CORRIGES,KHALDI KHALED,OPU,2005.0,ALGER,ACHAT,PRÊT EXTERNE,ENSIA
2857,PROBABILITES : RAPPELS DE COURS ET EXERCICES CORRIGES,KHALDI KHALED,OPU,2005.0,ALGER,ACHAT,PRÊT EXTERNE,ENSIA
1677,PROBABILITES : RAPPELS DE COURS ET EXERCICES CORRIGES,KHALDI KHALED,OPU,2005.0,ALGER,ACHAT,PRÊT EXTERNE,ENSIA
1682,PROBABILITES : RAPPELS DE COURS ET EXERCICES CORRIGES,KHALDI KHALED,OPU,2005.0,ALGER,ACHAT,PRÊT EXTERNE,ENSIA
2850,PROBABILITES : RAPPELS DE COURS ET EXERCICES CORRIGES,KHALDI KHALED,OPU,2005.0,ALGER,ACHAT,PRÊT EXTERNE,ENSIA
2858,PROBABILITES : RAPPELS DE COURS ET EXERCICES CORRIGES,KHALDI KHALED,OPU,2005.0,ALGER,ACHAT,PRÊT EXTERNE,ENSIA
2859,PROBABILITES : RAPPELS DE COURS ET EXERCICES CORRIGES,KHALDI KHALED,OPU,2005.0,ALGER,ACHAT,PRÊT EXTERNE,ENSIA
1681,PROBABILITES : RAPPELS DE COURS ET EXERCICES CORRIGES,KHALDI KHALED,OPU,2005.0,ALGER,ACHAT,PRÊT EXTERNE,ENSIA
1678,PROBABILITES : RAPPELS DE COURS ET EXERCICES CORRIGES,KHALDI KHALED,OPU,2005.0,ALGER,ACHAT,PRÊT EXTERNE,ENSIA
1735,PROBABILITES ET STATISTIQUE MATHEMATIQUE,"BENYAKLEF, MUSTAFA",UNKNOWN_EDITOR,1977.0,UNKNOWN_LOCATION,DON,PRÊT EXTERNE,ENSIA
1734,PROBABILITES ET STATISTIQUE MATHEMATIQUE,"BENYAKLEF, MUSTAFA",UNKNOWN_EDITOR,1977.0,UNKNOWN_LOCATION,DON,PRÊT EXTERNE,ENSIA
863,PROBABILITÉ : EXERCICES CORRIGÉS,"CARRIEU, HERVÉ",EDP SCIENCES,2007.0,LES ULIS,DON,PRÊT EXTERNE,ENSIA
3958,PROBABILITÉS ET INTRODUCTION À LA STATISTIQUE,"GIRARDIN,VALÉRIE",UNKNOWN_EDITOR,UNKNOWN_YEAR,UNKNOWN_LOCATION,ACHAT,PRÊT EXTERNE,ENSIA
3957,PROBABILITÉS ET INTRODUCTION À LA STATISTIQUE,"GIRARDIN,VALÉRIE",UNKNOWN_EDITOR,UNKNOWN_YEAR,UNKNOWN_LOCATION,ACHAT,CONSULTATION SUR PLACE,ENSIA
1168,PROBABILITÉS-STATISTIQUE,"MATHIEU, J.-L.",UNKNOWN_EDITOR,1982.0,PARIS,ACHAT,PRÊT EXTERNE,ENSIA
833,"PROBLÈMES CORRIGÉS DE MATHÉMATIQUE. 2, EPREUVES DE DEUG MIAS","AZOULAY, ELLIE",EDISCIENCE INTERNATIONAL,2002.0,PARIS,ACHAT,PRÊT EXTERNE,ENSIA
1365,PROBLÈMES D'ANALYSE,LELONG-FERRAND,UNKNOWN_EDITOR,UNKNOWN_YEAR,UNKNOWN_LOCATION,ACHAT,PRÊT EXTERNE,ENSIA
1367,PROBLÈMES D'ANALYSE,LELONG-FERRAND,UNKNOWN_EDITOR,UNKNOWN_YEAR,UNKNOWN_LOCATION,ACHAT,PRÊT EXTERNE,ENSIA
1366,PROBLÈMES D'ANALYSE,LELONG-FERRAND,UNKNOWN_EDITOR,UNKNOWN_YEAR,UNKNOWN_LOCATION,ACHAT,PRÊT EXTERNE,ENSIA
1080,PROBLÈMES DE MATHÉMATIQUES RÉSOLUS AVEC MAPLE ET MATHEMATICA,"DURAND, ROBERT",UNKNOWN_EDITOR,1998.0,PARIS,ACHAT,PRÊT EXTERNE,ENSIA
1081,PROBLÈMES DE MATHÉMATIQUES RÉSOLUS AVEC MAPLE ET MATHEMATICA,"DURAND, ROBERT",UNKNOWN_EDITOR,1998.0,PARIS,ACHAT,PRÊT EXTERNE,ENSIA
1076,"PROBLÉMES CORRIGÉS DE MATHEMATIQUUES : POSÉS AUX CONCOURS TOME7 H.E.C, ESSEC, ESCP,ESCL ,ESCAE, ICN,ISG, ESLSCA, ISI, ESG","LEBOEUF, CHRISTIAN",UNKNOWN_EDITOR,1988.0,PARIS,ACHAT,PRÊT EXTERNE,ENSIA
1077,"PROBLÉMES CORRIGÉS DE MATHEMATIQUUES : POSÉS AUX CONCOURS TOME7 H.E.C, ESSEC, ESCP,ESCL ,ESCAE, ICN,ISG, ESLSCA, ISI, ESG","LEBOEUF, CHRISTIAN",UNKNOWN_EDITOR,1988.0,PARIS,ACHAT,PRÊT EXTERNE,ENSIA
379,PROGRAMMABLE LOGIC CONTROLLERS,PETRUZELLA FRANK D.,MCGRAW-HILL,2011.0,USA,ACHAT,PRÊT EXTERNE,ENSIA
783,PROGRAMMATION EN PYTHON POUR LES MATHÉMATIQUES,"CASAMAYOU-BOUCAU, ALEXANDRE",DUNOD,2011.0,PARIS,PASSIF,PRÊT EXTERNE,ENSIA
3073,PROGRAMMATION LINÉAIRE,BENGHEZAL AMAR FAROUK,OPU,2017.0,ALGER,ACHAT,PRÊT EXTERNE,ENSIA
3069,PROGRAMMATION LINÉAIRE,BENGHEZAL AMAR FAROUK,OPU,2017.0,ALGER,ACHAT,PRÊT EXTERNE,ENSIA
3068,PROGRAMMATION LINÉAIRE,BENGHEZAL AMAR FAROUK,OPU,2017.0,ALGER,ACHAT,PRÊT EXTERNE,ENSIA
3070,PROGRAMMATION LINÉAIRE,BENGHEZAL AMAR FAROUK,OPU,2017.0,ALGER,ACHAT,PRÊT EXTERNE,ENSIA
3067,PROGRAMMATION LINÉAIRE,BENGHEZAL AMAR FAROUK,OPU,2017.0,ALGER,ACHAT,PRÊT EXTERNE,ENSIA
3074,PROGRAMMATION LINÉAIRE,BENGHEZAL AMAR FAROUK,OPU,2017.0,ALGER,ACHAT,PRÊT EXTERNE,ENSIA
3075,PROGRAMMATION LINÉAIRE,BENGHEZAL AMAR FAROUK,OPU,2017.0,ALGER,ACHAT,PRÊT EXTERNE,ENSIA
3071,PROGRAMMATION LINÉAIRE,BENGHEZAL AMAR FAROUK,OPU,2017.0,ALGER,ACHAT,PRÊT EXTERNE,ENSIA
38,PROGRAMMATION LINÉAIRE,BENGHEZAL AMAR FAROUK,OPU,2017.0,ALGER,ACHAT,PRÊT EXTERNE,ENSIA
3064,PROGRAMMATION LINÉAIRE,BENGHEZAL AMAR FAROUK,OPU,2017.0,ALGER,ACHAT,PRÊT EXTERNE,ENSIA
3080,PROGRAMMATION LINÉAIRE,BENGHEZAL AMAR FAROUK,OPU,2017.0,ALGER,ACHAT,PRÊT EXTERNE,ENSIA
3077,PROGRAMMATION LINÉAIRE,BENGHEZAL AMAR FAROUK,OPU,2017.0,ALGER,ACHAT,PRÊT EXTERNE,ENSIA
3078,PROGRAMMATION LINÉAIRE,BENGHEZAL AMAR FAROUK,OPU,2017.0,ALGER,ACHAT,PRÊT EXTERNE,ENSIA
3079,PROGRAMMATION LINÉAIRE,BENGHEZAL AMAR FAROUK,OPU,2017.0,ALGER,ACHAT,PRÊT EXTERNE,ENSIA
3065,PROGRAMMATION LINÉAIRE,BENGHEZAL AMAR FAROUK,OPU,2017.0,ALGER,ACHAT,PRÊT EXTERNE,ENSIA
3081,PROGRAMMATION LINÉAIRE,BENGHEZAL AMAR FAROUK,OPU,2017.0,ALGER,ACHAT,PRÊT EXTERNE,ENSIA
3082,PROGRAMMATION LINÉAIRE,BENGHEZAL AMAR FAROUK,OPU,2017.0,ALGER,ACHAT,PRÊT EXTERNE,ENSIA
3072,PROGRAMMATION LINÉAIRE,BENGHEZAL AMAR FAROUK,OPU,2017.0,ALGER,ACHAT,PRÊT EXTERNE,ENSIA
39,PROGRAMMATION LINÉAIRE,BENGHEZAL AMAR FAROUK,OPU,2017.0,ALGER,ACHAT,PRÊT EXTERNE,ENSIA
3063,PROGRAMMATION LINÉAIRE,BENGHEZAL AMAR FAROUK,OPU,2017.0,ALGER,ACHAT,PRÊT EXTERNE,ENSIA
3076,PROGRAMMATION LINÉAIRE,BENGHEZAL AMAR FAROUK,OPU,2017.0,ALGER,ACHAT,PRÊT EXTERNE,ENSIA
3066,PROGRAMMATION LINÉAIRE,BENGHEZAL AMAR FAROUK,OPU,2017.0,ALGER,ACHAT,PRÊT EXTERNE,ENSIA
1244,PROGRAMMATION LINÉAIRE : 65 PROBLÈMES D'OPTIMISATION MODÉLISÉS ET RÉSOLUS AVEC VISUAL XPRESS,"PRINS, CHRISTIAN",EYROLLES,2000.0,PARIS,PASSIF,PRÊT EXTERNE,TRANSFÉRÉ L'ENSIA
62504,PROGRAMMATION MATHÉMATIQUE : THÉORIE ET ALGORITHMES,"MINOUX, MICHEL",LAVOISIER,2008.0,PARIS,PASSIF,PRÊT EXTERNE,ENSIA
1226,PROGRAMMATION PAR L'EXEMPLE EN CAML : EXEMPLES ET PROBLÈMES CORRIGÉS,"GACÔGNE, LOUIS",ELLIPSES,2004.0,PARIS,ACHAT,PRÊT EXTERNE,ENSIA
1227,PROGRAMMATION PAR L'EXEMPLE EN CAML : EXEMPLES ET PROBLÈMES CORRIGÉS,"GACÔGNE, LOUIS",ELLIPSES,2004.0,PARIS,ACHAT,PRÊT EXTERNE,ENSIA
786,PROGRAMMATION PAR L'EXEMPLE EN CAML : EXEMPLES ET PROBLÈMES CORRIGÉS,"GACÔGNE, LOUIS",ELLIPSES,2004.0,PARIS,PASSIF,PRÊT EXTERNE,ENSIA
787,PROGRAMMATION PAR L'EXEMPLE EN CAML : EXEMPLES ET PROBLÈMES CORRIGÉS,"GACÔGNE, LOUIS",ELLIPSES,2004.0,PARIS,PASSIF,PRÊT EXTERNE,ENSIA
465,PROGRAMMATION PYTHON AVANCÉE : GUIDE POUR UNE PRATIQUE ÉLÉGANTE ET EFFICACE,"OLIVE, XAVIER",DUNOD,2021.0,PARIS,ACHAT,PRÊT EXTERNE,ENSIA
466,PROGRAMMATION PYTHON AVANCÉE : GUIDE POUR UNE PRATIQUE ÉLÉGANTE ET EFFICACE,"OLIVE, XAVIER",DUNOD,2021.0,PARIS,ACHAT,PRÊT EXTERNE,ENSIA
464,PROGRAMMATION PYTHON AVANCÉE : GUIDE POUR UNE PRATIQUE ÉLÉGANTE ET EFFICACE,"OLIVE, XAVIER",DUNOD,2021.0,PARIS,ACHAT,CONSULTATION SUR PLACE,ENSIA
467,PROGRAMMATION PYTHON PAR LA PRATIQUE,"GUILLOD, JULIEN",DUNOD,2021.0,PARIS,ACHAT,CONSULTATION SUR PLACE,ENSIA
469,PROGRAMMATION PYTHON PAR LA PRATIQUE,"GUILLOD, JULIEN",DUNOD,2021.0,PARIS,ACHAT,PRÊT EXTERNE,ENSIA
468,PROGRAMMATION PYTHON PAR LA PRATIQUE,"GUILLOD, JULIEN",DUNOD,2021.0,PARIS,ACHAT,PRÊT EXTERNE,ENSIA
902,PROGRAMMER EN C++,"HUBBARD, JOHN R.",DUNOD,2002.0,PARIS,DON,PRÊT EXTERNE,ENSIA
3948,PROGRAMMER EN C++ : DES PREMIERS PAS À LA MAÎTRISE DE C++ 20,"GIBAUD, ALAIN",UNKNOWN_EDITOR,2022.0,PARIS,ACHAT,PRÊT EXTERNE,ENSIA
3947,PROGRAMMER EN C++ : DES PREMIERS PAS À LA MAÎTRISE DE C++ 20,"GIBAUD, ALAIN",UNKNOWN_EDITOR,2022.0,PARIS,ACHAT,PRÊT EXTERNE,ENSIA
3946,PROGRAMMER EN C++ : DES PREMIERS PAS À LA MAÎTRISE DE C++ 20,"GIBAUD, ALAIN",UNKNOWN_EDITOR,2022.0,PARIS,ACHAT,CONSULTATION SUR PLACE,ENSIA
1237,PROGRAMMER EN JAVA,J.R .HUBBARD,UNKNOWN_EDITOR,2002.0,FRANCE,DON,PRÊT EXTERNE,ENSIA
1236,PROGRAMMER EN JAVA,J.R .HUBBARD,UNKNOWN_EDITOR,2002.0,FRANCE,DON,PRÊT EXTERNE,ENSIA
3798,"PROJECT MANAGEMENT CONCEPTS, METHODS, AND TECHNIQUES","MALEY, CLAUDE H.",UNKNOWN_EDITOR,2012.0,LONDON,ACHAT,PRÊT EXTERNE,ENSIA
3797,"PROJECT MANAGEMENT CONCEPTS, METHODS, AND TECHNIQUES","MALEY, CLAUDE H.",UNKNOWN_EDITOR,2012.0,LONDON,ACHAT,PRÊT EXTERNE,ENSIA
3799,"PROJECT MANAGEMENT CONCEPTS, METHODS, AND TECHNIQUES","MALEY, CLAUDE H.",UNKNOWN_EDITOR,2012.0,LONDON,ACHAT,PRÊT EXTERNE,ENSIA
380,PROJECT MANAGEMENT FOR MINING : HANDBOOK FOR DELIVERING PROJECT SUCCESS,HICKSON ROBIN J,"SOCIETY FOR MINING, METALLURGY & EXPLORATION",2015.0,USA,ACHAT,PRÊT EXTERNE,ENSIA
3893,PROJECT MANAGEMENT IN PRACTICE,SHAFER;MEREDITH,UNKNOWN_EDITOR,2021.0,UNKNOWN_LOCATION,ACHAT,PRÊT EXTERNE,ENSIA
470,PYTHON POUR LE DATA SCIENTIST : DES BASES DU LANGAGE AU MACHINE LEARNING,"JAKOBOWICZ, EMMANUE",DUNOD,2021.0,PARIS,ACHAT,CONSULTATION SUR PLACE,ENSIA
471,PYTHON POUR LE DATA SCIENTIST : DES BASES DU LANGAGE AU MACHINE LEARNING,"JAKOBOWICZ, EMMANUE",DUNOD,2021.0,PARIS,ACHAT,PRÊT EXTERNE,ENSIA
472,PYTHON POUR LE DATA SCIENTIST : DES BASES DU LANGAGE AU MACHINE LEARNING,"JAKOBOWICZ, EMMANUE",DUNOD,2021.0,PARIS,ACHAT,PRÊT EXTERNE,ENSIA
3925,"R POUR LES DATA SCIENCES : IMPORTER, CLASSER, TRANSFORMER, VISUALISER ET MODÉLISER LES DONNÉES","WICKHAM, HADLEY",UNKNOWN_EDITOR,2018.0,PARIS,ACHAT,PRÊT EXTERNE,ENSIA
3924,"R POUR LES DATA SCIENCES : IMPORTER, CLASSER, TRANSFORMER, VISUALISER ET MODÉLISER LES DONNÉES","WICKHAM, HADLEY",UNKNOWN_EDITOR,2018.0,PARIS,ACHAT,PRÊT EXTERNE,ENSIA
425,R POUR LES SCIENTIFIQUES : MISE EN OEUVRE DE PROJETS ET VALORISATION DES RÉSULTATS,"REBAUDO, FRANÇOIS",DUNOD,2021.0,PARIS,ACHAT,PRÊT EXTERNE,ENSIA
426,R POUR LES SCIENTIFIQUES : MISE EN OEUVRE DE PROJETS ET VALORISATION DES RÉSULTATS,"REBAUDO, FRANÇOIS",DUNOD,2021.0,PARIS,ACHAT,PRÊT EXTERNE,ENSIA
427,R POUR LES SCIENTIFIQUES : MISE EN OEUVRE DE PROJETS ET VALORISATION DES RÉSULTATS,"REBAUDO, FRANÇOIS",DUNOD,2021.0,PARIS,ACHAT,PRÊT EXTERNE,ENSIA
621,READING TO LEARN IN A FOREIGN LANGUAGE : AN INTEGRATED APPROACH TO FOREIGN LANGUAGE INSTRUCTION AND ASSESSMENT,"KODA, KEIKO",ROUTLEDGE,2019.0,USA,ACHAT,PRÊT EXTERNE,ENSIA
620,READING TO LEARN IN A FOREIGN LANGUAGE : AN INTEGRATED APPROACH TO FOREIGN LANGUAGE INSTRUCTION AND ASSESSMENT,"KODA, KEIKO",ROUTLEDGE,2019.0,USA,ACHAT,PRÊT EXTERNE,ENSIA
619,READING TO LEARN IN A FOREIGN LANGUAGE : AN INTEGRATED APPROACH TO FOREIGN LANGUAGE INSTRUCTION AND ASSESSMENT,"KODA, KEIKO",ROUTLEDGE,2019.0,USA,ACHAT,PRÊT EXTERNE,ENSIA
3009,RECHERCHE D'INFORMATION : COURS ET EXERCICES CORRIGES,BADDARI KAMEL,OPU,2017.0,ALGER,ACHAT,PRÊT EXTERNE,ENSIA
3439,RECHERCHE D'INFORMATION : COURS ET EXERCICES CORRIGES,BADDARI KAMEL,OPU,2017.0,ALGER,ACHAT,PRÊT EXTERNE,ENSIA
3440,RECHERCHE D'INFORMATION : COURS ET EXERCICES CORRIGES,BADDARI KAMEL,OPU,2017.0,ALGER,ACHAT,PRÊT EXTERNE,ENSIA
3441,RECHERCHE D'INFORMATION : COURS ET EXERCICES CORRIGES,BADDARI KAMEL,OPU,2017.0,ALGER,ACHAT,PRÊT EXTERNE,ENSIA
3443,RECHERCHE D'INFORMATION : COURS ET EXERCICES CORRIGES,BADDARI KAMEL,OPU,2017.0,ALGER,ACHAT,PRÊT EXTERNE,ENSIA
3444,RECHERCHE D'INFORMATION : COURS ET EXERCICES CORRIGES,BADDARI KAMEL,OPU,2017.0,ALGER,ACHAT,PRÊT EXTERNE,ENSIA
3445,RECHERCHE D'INFORMATION : COURS ET EXERCICES CORRIGES,BADDARI KAMEL,OPU,2017.0,ALGER,ACHAT,PRÊT EXTERNE,ENSIA
3446,RECHERCHE D'INFORMATION : COURS ET EXERCICES CORRIGES,BADDARI KAMEL,OPU,2017.0,ALGER,ACHAT,PRÊT EXTERNE,ENSIA
3447,RECHERCHE D'INFORMATION : COURS ET EXERCICES CORRIGES,BADDARI KAMEL,OPU,2017.0,ALGER,ACHAT,PRÊT EXTERNE,ENSIA
3448,RECHERCHE D'INFORMATION : COURS ET EXERCICES CORRIGES,BADDARI KAMEL,OPU,2017.0,ALGER,ACHAT,PRÊT EXTERNE,ENSIA
3008,RECHERCHE D'INFORMATION : COURS ET EXERCICES CORRIGES,BADDARI KAMEL,OPU,2017.0,ALGER,ACHAT,PRÊT EXTERNE,ENSIA
3442,RECHERCHE D'INFORMATION : COURS ET EXERCICES CORRIGES,BADDARI KAMEL,OPU,2017.0,ALGER,ACHAT,PRÊT EXTERNE,ENSIA
3006,RECHERCHE D'INFORMATION : COURS ET EXERCICES CORRIGES,BADDARI KAMEL,OPU,2017.0,ALGER,ACHAT,PRÊT EXTERNE,ENSIA
3005,RECHERCHE D'INFORMATION : COURS ET EXERCICES CORRIGES,BADDARI KAMEL,OPU,2017.0,ALGER,ACHAT,PRÊT EXTERNE,ENSIA
3004,RECHERCHE D'INFORMATION : COURS ET EXERCICES CORRIGES,BADDARI KAMEL,OPU,2017.0,ALGER,ACHAT,PRÊT EXTERNE,ENSIA
3003,RECHERCHE D'INFORMATION : COURS ET EXERCICES CORRIGES,BADDARI KAMEL,OPU,2017.0,ALGER,ACHAT,PRÊT EXTERNE,ENSIA
3002,RECHERCHE D'INFORMATION : COURS ET EXERCICES CORRIGES,BADDARI KAMEL,OPU,2017.0,ALGER,ACHAT,PRÊT EXTERNE,ENSIA
3001,RECHERCHE D'INFORMATION : COURS ET EXERCICES CORRIGES,BADDARI KAMEL,OPU,2017.0,ALGER,ACHAT,PRÊT EXTERNE,ENSIA
3000,RECHERCHE D'INFORMATION : COURS ET EXERCICES CORRIGES,BADDARI KAMEL,OPU,2017.0,ALGER,ACHAT,PRÊT EXTERNE,ENSIA
3007,RECHERCHE D'INFORMATION : COURS ET EXERCICES CORRIGES,BADDARI KAMEL,OPU,2017.0,ALGER,ACHAT,PRÊT EXTERNE,ENSIA
231,RECHERCHE D'INFORMATION : COURS ET EXERCICES CORRIGES,BADDARI KAMEL,OPU,2017.0,ALGER,ACHAT,CONSULTATION SUR PLACE,ENSIA
232,RECHERCHE D'INFORMATION : COURS ET EXERCICES CORRIGES,BADDARI KAMEL,OPU,2017.0,ALGER,ACHAT,PRÊT EXTERNE,ENSIA
848,RECHERCHE OPÉRATIONNELLE POUR INGÉNIEURS. 2,"WERRA, DOMINIQUE DE",PRESSES POLYTECHNIQUES ET UNIVERSITAIRES ROMANDES,2003.0,LAUSANNE (SUISSE),DON,PRÊT EXTERNE,ENSIA
1115,RECUEIL D'EXERCICES D'ALGÉBRE SUPÉRIEURE,D.FADDEEV,UNKNOWN_EDITOR,UNKNOWN_YEAR,UNKNOWN_LOCATION,DON,PRÊT EXTERNE,ENSIA
1114,RECUEIL D'EXERCICES D'ALGÉBRE SUPÉRIEURE,D.FADDEEV,UNKNOWN_EDITOR,UNKNOWN_YEAR,UNKNOWN_LOCATION,DON,PRÊT EXTERNE,ENSIA
1284,RECUEIL D'EXERCICES D'ALGÉBRE SUPÉRIEURE,D.FADDEEV,UNKNOWN_EDITOR,UNKNOWN_YEAR,UNKNOWN_LOCATION,DON,PRÊT EXTERNE,ENSIA
1139,RECUEIL D'EXERCICES D'ALGÉBRE SUPÉRIEURE,D.FADDEEV,UNKNOWN_EDITOR,UNKNOWN_YEAR,UNKNOWN_LOCATION,DON,PRÊT EXTERNE,ENSIA
219,REDUCTION DES MATRICES,MOUSSEDEK BOUSEBOUA,OPU,UNKNOWN_YEAR,ALGER,ACHAT,CONSULTATION SUR PLACE,ENSIA
221,REDUCTION DES MATRICES,MOUSSEDEK BOUSEBOUA,OPU,UNKNOWN_YEAR,ALGER,ACHAT,PRÊT EXTERNE,ENSIA
222,REDUCTION DES MATRICES,MOUSSEDEK BOUSEBOUA,OPU,UNKNOWN_YEAR,ALGER,ACHAT,PRÊT EXTERNE,ENSIA
220,REDUCTION DES MATRICES,MOUSSEDEK BOUSEBOUA,OPU,UNKNOWN_YEAR,ALGER,ACHAT,PRÊT EXTERNE,ENSIA
3731,"REINFORCEMENT LEARNING, AN INTRODUCTION","SUTTON,RICHARD S.",UNKNOWN_EDITOR,2018.0,UNKNOWN_LOCATION,ACHAT,PRÊT EXTERNE,ENSIA
3732,"REINFORCEMENT LEARNING, AN INTRODUCTION","SUTTON,RICHARD S.",UNKNOWN_EDITOR,2018.0,UNKNOWN_LOCATION,ACHAT,PRÊT EXTERNE,ENSIA
3546,RÉSEAUX INFORMATIQUES : RECUEIL DE SUJETS D'EXAMENS AVEC SOLUTIONS,"MEDJAHED GAMAZ, DJ",OPU,2018.0,ALGER,ACHAT,PRÊT EXTERNE,ENSIA
3545,RÉSEAUX INFORMATIQUES : RECUEIL DE SUJETS D'EXAMENS AVEC SOLUTIONS,"MEDJAHED GAMAZ, DJ",OPU,2018.0,ALGER,ACHAT,PRÊT EXTERNE,ENSIA
3552,RÉSEAUX INFORMATIQUES : RECUEIL DE SUJETS D'EXAMENS AVEC SOLUTIONS,"MEDJAHED GAMAZ, DJ",OPU,2018.0,ALGER,ACHAT,PRÊT EXTERNE,ENSIA
3544,RÉSEAUX INFORMATIQUES : RECUEIL DE SUJETS D'EXAMENS AVEC SOLUTIONS,"MEDJAHED GAMAZ, DJ",OPU,2018.0,ALGER,ACHAT,PRÊT EXTERNE,ENSIA
3543,RÉSEAUX INFORMATIQUES : RECUEIL DE SUJETS D'EXAMENS AVEC SOLUTIONS,"MEDJAHED GAMAZ, DJ",OPU,2018.0,ALGER,ACHAT,PRÊT EXTERNE,ENSIA
3542,RÉSEAUX INFORMATIQUES : RECUEIL DE SUJETS D'EXAMENS AVEC SOLUTIONS,"MEDJAHED GAMAZ, DJ",OPU,2018.0,ALGER,ACHAT,PRÊT EXTERNE,ENSIA
3547,RÉSEAUX INFORMATIQUES : RECUEIL DE SUJETS D'EXAMENS AVEC SOLUTIONS,"MEDJAHED GAMAZ, DJ",OPU,2018.0,ALGER,ACHAT,PRÊT EXTERNE,ENSIA
3548,RÉSEAUX INFORMATIQUES : RECUEIL DE SUJETS D'EXAMENS AVEC SOLUTIONS,"MEDJAHED GAMAZ, DJ",OPU,2018.0,ALGER,ACHAT,PRÊT EXTERNE,ENSIA
3549,RÉSEAUX INFORMATIQUES : RECUEIL DE SUJETS D'EXAMENS AVEC SOLUTIONS,"MEDJAHED GAMAZ, DJ",OPU,2018.0,ALGER,ACHAT,PRÊT EXTERNE,ENSIA
3550,RÉSEAUX INFORMATIQUES : RECUEIL DE SUJETS D'EXAMENS AVEC SOLUTIONS,"MEDJAHED GAMAZ, DJ",OPU,2018.0,ALGER,ACHAT,PRÊT EXTERNE,ENSIA
3551,RÉSEAUX INFORMATIQUES : RECUEIL DE SUJETS D'EXAMENS AVEC SOLUTIONS,"MEDJAHED GAMAZ, DJ",OPU,2018.0,ALGER,ACHAT,PRÊT EXTERNE,ENSIA
3553,RÉSEAUX INFORMATIQUES : RECUEIL DE SUJETS D'EXAMENS AVEC SOLUTIONS,"MEDJAHED GAMAZ, DJ",OPU,2018.0,ALGER,ACHAT,PRÊT EXTERNE,ENSIA
3567,RÉSEAUX INFORMATIQUES : RECUEIL DE SUJETS D'EXAMENS AVEC SOLUTIONS,"MEDJAHED GAMAZ, DJ",OPU,2018.0,ALGER,ACHAT,PRÊT EXTERNE,ENSIA
3555,RÉSEAUX INFORMATIQUES : RECUEIL DE SUJETS D'EXAMENS AVEC SOLUTIONS,"MEDJAHED GAMAZ, DJ",OPU,2018.0,ALGER,ACHAT,PRÊT EXTERNE,ENSIA
3556,RÉSEAUX INFORMATIQUES : RECUEIL DE SUJETS D'EXAMENS AVEC SOLUTIONS,"MEDJAHED GAMAZ, DJ",OPU,2018.0,ALGER,ACHAT,PRÊT EXTERNE,ENSIA
3558,RÉSEAUX INFORMATIQUES : RECUEIL DE SUJETS D'EXAMENS AVEC SOLUTIONS,"MEDJAHED GAMAZ, DJ",OPU,2018.0,ALGER,ACHAT,PRÊT EXTERNE,ENSIA
3559,RÉSEAUX INFORMATIQUES : RECUEIL DE SUJETS D'EXAMENS AVEC SOLUTIONS,"MEDJAHED GAMAZ, DJ",OPU,2018.0,ALGER,ACHAT,PRÊT EXTERNE,ENSIA
3560,RÉSEAUX INFORMATIQUES : RECUEIL DE SUJETS D'EXAMENS AVEC SOLUTIONS,"MEDJAHED GAMAZ, DJ",OPU,2018.0,ALGER,ACHAT,PRÊT EXTERNE,ENSIA
3561,RÉSEAUX INFORMATIQUES : RECUEIL DE SUJETS D'EXAMENS AVEC SOLUTIONS,"MEDJAHED GAMAZ, DJ",OPU,2018.0,ALGER,ACHAT,PRÊT EXTERNE,ENSIA
3541,RÉSEAUX INFORMATIQUES : RECUEIL DE SUJETS D'EXAMENS AVEC SOLUTIONS,"MEDJAHED GAMAZ, DJ",OPU,2018.0,ALGER,ACHAT,PRÊT EXTERNE,ENSIA
3562,RÉSEAUX INFORMATIQUES : RECUEIL DE SUJETS D'EXAMENS AVEC SOLUTIONS,"MEDJAHED GAMAZ, DJ",OPU,2018.0,ALGER,ACHAT,PRÊT EXTERNE,ENSIA
3563,RÉSEAUX INFORMATIQUES : RECUEIL DE SUJETS D'EXAMENS AVEC SOLUTIONS,"MEDJAHED GAMAZ, DJ",OPU,2018.0,ALGER,ACHAT,PRÊT EXTERNE,ENSIA
3564,RÉSEAUX INFORMATIQUES : RECUEIL DE SUJETS D'EXAMENS AVEC SOLUTIONS,"MEDJAHED GAMAZ, DJ",OPU,2018.0,ALGER,ACHAT,PRÊT EXTERNE,ENSIA
3565,RÉSEAUX INFORMATIQUES : RECUEIL DE SUJETS D'EXAMENS AVEC SOLUTIONS,"MEDJAHED GAMAZ, DJ",OPU,2018.0,ALGER,ACHAT,PRÊT EXTERNE,ENSIA
3566,RÉSEAUX INFORMATIQUES : RECUEIL DE SUJETS D'EXAMENS AVEC SOLUTIONS,"MEDJAHED GAMAZ, DJ",OPU,2018.0,ALGER,ACHAT,PRÊT EXTERNE,ENSIA
3554,RÉSEAUX INFORMATIQUES : RECUEIL DE SUJETS D'EXAMENS AVEC SOLUTIONS,"MEDJAHED GAMAZ, DJ",OPU,2018.0,ALGER,ACHAT,PRÊT EXTERNE,ENSIA
3557,RÉSEAUX INFORMATIQUES : RECUEIL DE SUJETS D'EXAMENS AVEC SOLUTIONS,"MEDJAHED GAMAZ, DJ",OPU,2018.0,ALGER,ACHAT,PRÊT EXTERNE,ENSIA
3533,RÉSEAUX INFORMATIQUES : RECUEIL DE SUJETS D'EXAMENS AVEC SOLUTIONS,"MEDJAHED GAMAZ, DJ",OPU,2018.0,ALGER,ACHAT,PRÊT EXTERNE,ENSIA
3539,RÉSEAUX INFORMATIQUES : RECUEIL DE SUJETS D'EXAMENS AVEC SOLUTIONS,"MEDJAHED GAMAZ, DJ",OPU,2018.0,ALGER,ACHAT,PRÊT EXTERNE,ENSIA
2938,RÉSEAUX INFORMATIQUES : RECUEIL DE SUJETS D'EXAMENS AVEC SOLUTIONS,"MEDJAHED GAMAZ, DJ",OPU,2018.0,ALGER,ACHAT,PRÊT EXTERNE,ENSIA
2937,RÉSEAUX INFORMATIQUES : RECUEIL DE SUJETS D'EXAMENS AVEC SOLUTIONS,"MEDJAHED GAMAZ, DJ",OPU,2018.0,ALGER,ACHAT,PRÊT EXTERNE,ENSIA
2936,RÉSEAUX INFORMATIQUES : RECUEIL DE SUJETS D'EXAMENS AVEC SOLUTIONS,"MEDJAHED GAMAZ, DJ",OPU,2018.0,ALGER,ACHAT,PRÊT EXTERNE,ENSIA
2935,RÉSEAUX INFORMATIQUES : RECUEIL DE SUJETS D'EXAMENS AVEC SOLUTIONS,"MEDJAHED GAMAZ, DJ",OPU,2018.0,ALGER,ACHAT,PRÊT EXTERNE,ENSIA
2934,RÉSEAUX INFORMATIQUES : RECUEIL DE SUJETS D'EXAMENS AVEC SOLUTIONS,"MEDJAHED GAMAZ, DJ",OPU,2018.0,ALGER,ACHAT,PRÊT EXTERNE,ENSIA
2933,RÉSEAUX INFORMATIQUES : RECUEIL DE SUJETS D'EXAMENS AVEC SOLUTIONS,"MEDJAHED GAMAZ, DJ",OPU,2018.0,ALGER,ACHAT,PRÊT EXTERNE,ENSIA
2931,RÉSEAUX INFORMATIQUES : RECUEIL DE SUJETS D'EXAMENS AVEC SOLUTIONS,"MEDJAHED GAMAZ, DJ",OPU,2018.0,ALGER,ACHAT,PRÊT EXTERNE,ENSIA
2930,RÉSEAUX INFORMATIQUES : RECUEIL DE SUJETS D'EXAMENS AVEC SOLUTIONS,"MEDJAHED GAMAZ, DJ",OPU,2018.0,ALGER,ACHAT,PRÊT EXTERNE,ENSIA
267,RÉSEAUX INFORMATIQUES : RECUEIL DE SUJETS D'EXAMENS AVEC SOLUTIONS,"MEDJAHED GAMAZ, DJ",OPU,2018.0,ALGER,ACHAT,PRÊT EXTERNE,ENSIA
266,RÉSEAUX INFORMATIQUES : RECUEIL DE SUJETS D'EXAMENS AVEC SOLUTIONS,"MEDJAHED GAMAZ, DJ",OPU,2018.0,ALGER,ACHAT,CONSULTATION SUR PLACE,ENSIA
3518,RÉSEAUX INFORMATIQUES : RECUEIL DE SUJETS D'EXAMENS AVEC SOLUTIONS,"MEDJAHED GAMAZ, DJ",OPU,2018.0,ALGER,ACHAT,PRÊT EXTERNE,ENSIA
3519,RÉSEAUX INFORMATIQUES : RECUEIL DE SUJETS D'EXAMENS AVEC SOLUTIONS,"MEDJAHED GAMAZ, DJ",OPU,2018.0,ALGER,ACHAT,PRÊT EXTERNE,ENSIA
3520,RÉSEAUX INFORMATIQUES : RECUEIL DE SUJETS D'EXAMENS AVEC SOLUTIONS,"MEDJAHED GAMAZ, DJ",OPU,2018.0,ALGER,ACHAT,PRÊT EXTERNE,ENSIA
3521,RÉSEAUX INFORMATIQUES : RECUEIL DE SUJETS D'EXAMENS AVEC SOLUTIONS,"MEDJAHED GAMAZ, DJ",OPU,2018.0,ALGER,ACHAT,PRÊT EXTERNE,ENSIA
3540,RÉSEAUX INFORMATIQUES : RECUEIL DE SUJETS D'EXAMENS AVEC SOLUTIONS,"MEDJAHED GAMAZ, DJ",OPU,2018.0,ALGER,ACHAT,PRÊT EXTERNE,ENSIA
3522,RÉSEAUX INFORMATIQUES : RECUEIL DE SUJETS D'EXAMENS AVEC SOLUTIONS,"MEDJAHED GAMAZ, DJ",OPU,2018.0,ALGER,ACHAT,PRÊT EXTERNE,ENSIA
3524,RÉSEAUX INFORMATIQUES : RECUEIL DE SUJETS D'EXAMENS AVEC SOLUTIONS,"MEDJAHED GAMAZ, DJ",OPU,2018.0,ALGER,ACHAT,PRÊT EXTERNE,ENSIA
3525,RÉSEAUX INFORMATIQUES : RECUEIL DE SUJETS D'EXAMENS AVEC SOLUTIONS,"MEDJAHED GAMAZ, DJ",OPU,2018.0,ALGER,ACHAT,PRÊT EXTERNE,ENSIA
3526,RÉSEAUX INFORMATIQUES : RECUEIL DE SUJETS D'EXAMENS AVEC SOLUTIONS,"MEDJAHED GAMAZ, DJ",OPU,2018.0,ALGER,ACHAT,PRÊT EXTERNE,ENSIA
3527,RÉSEAUX INFORMATIQUES : RECUEIL DE SUJETS D'EXAMENS AVEC SOLUTIONS,"MEDJAHED GAMAZ, DJ",OPU,2018.0,ALGER,ACHAT,PRÊT EXTERNE,ENSIA
3528,RÉSEAUX INFORMATIQUES : RECUEIL DE SUJETS D'EXAMENS AVEC SOLUTIONS,"MEDJAHED GAMAZ, DJ",OPU,2018.0,ALGER,ACHAT,PRÊT EXTERNE,ENSIA
3529,RÉSEAUX INFORMATIQUES : RECUEIL DE SUJETS D'EXAMENS AVEC SOLUTIONS,"MEDJAHED GAMAZ, DJ",OPU,2018.0,ALGER,ACHAT,PRÊT EXTERNE,ENSIA
3530,RÉSEAUX INFORMATIQUES : RECUEIL DE SUJETS D'EXAMENS AVEC SOLUTIONS,"MEDJAHED GAMAZ, DJ",OPU,2018.0,ALGER,ACHAT,PRÊT EXTERNE,ENSIA
3531,RÉSEAUX INFORMATIQUES : RECUEIL DE SUJETS D'EXAMENS AVEC SOLUTIONS,"MEDJAHED GAMAZ, DJ",OPU,2018.0,ALGER,ACHAT,PRÊT EXTERNE,ENSIA
3532,RÉSEAUX INFORMATIQUES : RECUEIL DE SUJETS D'EXAMENS AVEC SOLUTIONS,"MEDJAHED GAMAZ, DJ",OPU,2018.0,ALGER,ACHAT,PRÊT EXTERNE,ENSIA
3534,RÉSEAUX INFORMATIQUES : RECUEIL DE SUJETS D'EXAMENS AVEC SOLUTIONS,"MEDJAHED GAMAZ, DJ",OPU,2018.0,ALGER,ACHAT,PRÊT EXTERNE,ENSIA
3535,RÉSEAUX INFORMATIQUES : RECUEIL DE SUJETS D'EXAMENS AVEC SOLUTIONS,"MEDJAHED GAMAZ, DJ",OPU,2018.0,ALGER,ACHAT,PRÊT EXTERNE,ENSIA
3536,RÉSEAUX INFORMATIQUES : RECUEIL DE SUJETS D'EXAMENS AVEC SOLUTIONS,"MEDJAHED GAMAZ, DJ",OPU,2018.0,ALGER,ACHAT,PRÊT EXTERNE,ENSIA
3537,RÉSEAUX INFORMATIQUES : RECUEIL DE SUJETS D'EXAMENS AVEC SOLUTIONS,"MEDJAHED GAMAZ, DJ",OPU,2018.0,ALGER,ACHAT,PRÊT EXTERNE,ENSIA
3538,RÉSEAUX INFORMATIQUES : RECUEIL DE SUJETS D'EXAMENS AVEC SOLUTIONS,"MEDJAHED GAMAZ, DJ",OPU,2018.0,ALGER,ACHAT,PRÊT EXTERNE,ENSIA
3523,RÉSEAUX INFORMATIQUES : RECUEIL DE SUJETS D'EXAMENS AVEC SOLUTIONS,"MEDJAHED GAMAZ, DJ",OPU,2018.0,ALGER,ACHAT,PRÊT EXTERNE,ENSIA
2932,RÉSEAUX INFORMATIQUES : RECUEIL DE SUJETS D'EXAMENS AVEC SOLUTIONS,"MEDJAHED GAMAZ, DJ",OPU,2018.0,ALGER,ACHAT,PRÊT EXTERNE,ENSIA
2939,RÉSEAUX INFORMATIQUES : RECUEIL DE SUJETS D'EXAMENS AVEC SOLUTIONS,"MEDJAHED GAMAZ, DJ",OPU,2018.0,ALGER,ACHAT,PRÊT EXTERNE,ENSIA
518,RÉUSSIR EN ÉLEVAGE OVIN ALLAITANT,"DUDOUET, CHRISTIAN",EDITIONS FRANCE AGRICOLE,2020.0,FRANCE,ACHAT,PRÊT EXTERNE,ENSIA
517,RÉUSSIR EN ÉLEVAGE OVIN ALLAITANT,"DUDOUET, CHRISTIAN",EDITIONS FRANCE AGRICOLE,2020.0,FRANCE,ACHAT,PRÊT EXTERNE,ENSIA
516,RÉUSSIR EN ÉLEVAGE OVIN ALLAITANT,"DUDOUET, CHRISTIAN",EDITIONS FRANCE AGRICOLE,2020.0,FRANCE,ACHAT,CONSULTATION SUR PLACE,ENSIA
942,RÉUSSIR LES TP DE PHYSIQUE AUX CONCOURS,"SALLEN, LAURENT",DUNOD,2016.0,UNKNOWN_LOCATION,PASSIF,PRÊT EXTERNE,ENSIA
943,RÉUSSIR LES TP DE PHYSIQUE AUX CONCOURS,"SALLEN, LAURENT",DUNOD,2016.0,UNKNOWN_LOCATION,PASSIF,PRÊT EXTERNE,ENSIA
944,RÉUSSIR LES TP DE PHYSIQUE AUX CONCOURS,"SALLEN, LAURENT",DUNOD,2016.0,UNKNOWN_LOCATION,DON,PRÊT EXTERNE,ENSIA
574,S'INITIER À ARDUINO : PROGRAMMATION ET MONTAGES ÉLECTRONIQUES,"SILLON, FRÉDÉRIC",UNKNOWN_EDITOR,2021.0,UNKNOWN_LOCATION,ACHAT,PRÊT EXTERNE,ENSIA
573,S'INITIER À ARDUINO : PROGRAMMATION ET MONTAGES ÉLECTRONIQUES,"SILLON, FRÉDÉRIC",UNKNOWN_EDITOR,2021.0,UNKNOWN_LOCATION,ACHAT,CONSULTATION SUR PLACE,ENSIA
575,S'INITIER À ARDUINO : PROGRAMMATION ET MONTAGES ÉLECTRONIQUES,"SILLON, FRÉDÉRIC",UNKNOWN_EDITOR,2021.0,UNKNOWN_LOCATION,ACHAT,PRÊT EXTERNE,ENSIA
1912,S.E.M 300 PAR SES EXAMENS TOME2 : ANALYSE ET ALGÉBRE DE PREMIÉRE ANNÉE DES UNIVERSITÉS ET GRNDES ECOLES SCIENTIFIQUES,HAZI MOHAMMED,UNKNOWN_EDITOR,2015.0,ALGER,ACHAT,PRÊT EXTERNE,ENSIA
1908,S.E.M 300 PAR SES EXAMENS TOME2 : ANALYSE ET ALGÉBRE DE PREMIÉRE ANNÉE DES UNIVERSITÉS ET GRNDES ECOLES SCIENTIFIQUES,HAZI MOHAMMED,UNKNOWN_EDITOR,2015.0,ALGER,ACHAT,PRÊT EXTERNE,ENSIA
1909,S.E.M 300 PAR SES EXAMENS TOME2 : ANALYSE ET ALGÉBRE DE PREMIÉRE ANNÉE DES UNIVERSITÉS ET GRNDES ECOLES SCIENTIFIQUES,HAZI MOHAMMED,UNKNOWN_EDITOR,2015.0,ALGER,ACHAT,PRÊT EXTERNE,ENSIA
1925,S.E.M 300 PAR SES EXAMENS TOME2 : ANALYSE ET ALGÉBRE DE PREMIÉRE ANNÉE DES UNIVERSITÉS ET GRNDES ECOLES SCIENTIFIQUES,HAZI MOHAMMED,UNKNOWN_EDITOR,2015.0,ALGER,ACHAT,PRÊT EXTERNE,ENSIA
1924,S.E.M 300 PAR SES EXAMENS TOME2 : ANALYSE ET ALGÉBRE DE PREMIÉRE ANNÉE DES UNIVERSITÉS ET GRNDES ECOLES SCIENTIFIQUES,HAZI MOHAMMED,UNKNOWN_EDITOR,2015.0,ALGER,ACHAT,PRÊT EXTERNE,ENSIA
1923,S.E.M 300 PAR SES EXAMENS TOME2 : ANALYSE ET ALGÉBRE DE PREMIÉRE ANNÉE DES UNIVERSITÉS ET GRNDES ECOLES SCIENTIFIQUES,HAZI MOHAMMED,UNKNOWN_EDITOR,2015.0,ALGER,ACHAT,PRÊT EXTERNE,ENSIA
1922,S.E.M 300 PAR SES EXAMENS TOME2 : ANALYSE ET ALGÉBRE DE PREMIÉRE ANNÉE DES UNIVERSITÉS ET GRNDES ECOLES SCIENTIFIQUES,HAZI MOHAMMED,UNKNOWN_EDITOR,2015.0,ALGER,ACHAT,PRÊT EXTERNE,ENSIA
1921,S.E.M 300 PAR SES EXAMENS TOME2 : ANALYSE ET ALGÉBRE DE PREMIÉRE ANNÉE DES UNIVERSITÉS ET GRNDES ECOLES SCIENTIFIQUES,HAZI MOHAMMED,UNKNOWN_EDITOR,2015.0,ALGER,ACHAT,PRÊT EXTERNE,ENSIA
1920,S.E.M 300 PAR SES EXAMENS TOME2 : ANALYSE ET ALGÉBRE DE PREMIÉRE ANNÉE DES UNIVERSITÉS ET GRNDES ECOLES SCIENTIFIQUES,HAZI MOHAMMED,UNKNOWN_EDITOR,2015.0,ALGER,ACHAT,PRÊT EXTERNE,ENSIA
1913,S.E.M 300 PAR SES EXAMENS TOME2 : ANALYSE ET ALGÉBRE DE PREMIÉRE ANNÉE DES UNIVERSITÉS ET GRNDES ECOLES SCIENTIFIQUES,HAZI MOHAMMED,UNKNOWN_EDITOR,2015.0,ALGER,ACHAT,PRÊT EXTERNE,ENSIA
1919,S.E.M 300 PAR SES EXAMENS TOME2 : ANALYSE ET ALGÉBRE DE PREMIÉRE ANNÉE DES UNIVERSITÉS ET GRNDES ECOLES SCIENTIFIQUES,HAZI MOHAMMED,UNKNOWN_EDITOR,2015.0,ALGER,ACHAT,PRÊT EXTERNE,ENSIA
1917,S.E.M 300 PAR SES EXAMENS TOME2 : ANALYSE ET ALGÉBRE DE PREMIÉRE ANNÉE DES UNIVERSITÉS ET GRNDES ECOLES SCIENTIFIQUES,HAZI MOHAMMED,UNKNOWN_EDITOR,2015.0,ALGER,ACHAT,PRÊT EXTERNE,ENSIA
1916,S.E.M 300 PAR SES EXAMENS TOME2 : ANALYSE ET ALGÉBRE DE PREMIÉRE ANNÉE DES UNIVERSITÉS ET GRNDES ECOLES SCIENTIFIQUES,HAZI MOHAMMED,UNKNOWN_EDITOR,2015.0,ALGER,ACHAT,PRÊT EXTERNE,ENSIA
1915,S.E.M 300 PAR SES EXAMENS TOME2 : ANALYSE ET ALGÉBRE DE PREMIÉRE ANNÉE DES UNIVERSITÉS ET GRNDES ECOLES SCIENTIFIQUES,HAZI MOHAMMED,UNKNOWN_EDITOR,2015.0,ALGER,ACHAT,PRÊT EXTERNE,ENSIA
1926,S.E.M 300 PAR SES EXAMENS TOME2 : ANALYSE ET ALGÉBRE DE PREMIÉRE ANNÉE DES UNIVERSITÉS ET GRNDES ECOLES SCIENTIFIQUES,HAZI MOHAMMED,UNKNOWN_EDITOR,2015.0,ALGER,ACHAT,PRÊT EXTERNE,ENSIA
1910,S.E.M 300 PAR SES EXAMENS TOME2 : ANALYSE ET ALGÉBRE DE PREMIÉRE ANNÉE DES UNIVERSITÉS ET GRNDES ECOLES SCIENTIFIQUES,HAZI MOHAMMED,UNKNOWN_EDITOR,2015.0,ALGER,ACHAT,PRÊT EXTERNE,ENSIA
1911,S.E.M 300 PAR SES EXAMENS TOME2 : ANALYSE ET ALGÉBRE DE PREMIÉRE ANNÉE DES UNIVERSITÉS ET GRNDES ECOLES SCIENTIFIQUES,HAZI MOHAMMED,UNKNOWN_EDITOR,2015.0,ALGER,ACHAT,PRÊT EXTERNE,ENSIA
1914,S.E.M 300 PAR SES EXAMENS TOME2 : ANALYSE ET ALGÉBRE DE PREMIÉRE ANNÉE DES UNIVERSITÉS ET GRNDES ECOLES SCIENTIFIQUES,HAZI MOHAMMED,UNKNOWN_EDITOR,2015.0,ALGER,ACHAT,PRÊT EXTERNE,ENSIA
1885,S.E.M 300 PAR SES EXAMENS TOME2 : ANALYSE ET ALGÉBRE DE PREMIÉRE ANNÉE DES UNIVERSITÉS ET GRNDES ECOLES SCIENTIFIQUES,HAZI MOHAMMED,UNKNOWN_EDITOR,2015.0,ALGER,ACHAT,PRÊT EXTERNE,ENSIA
1918,S.E.M 300 PAR SES EXAMENS TOME2 : ANALYSE ET ALGÉBRE DE PREMIÉRE ANNÉE DES UNIVERSITÉS ET GRNDES ECOLES SCIENTIFIQUES,HAZI MOHAMMED,UNKNOWN_EDITOR,2015.0,ALGER,ACHAT,PRÊT EXTERNE,ENSIA
1927,S.E.M 300 PAR SES EXAMENS TOME2 : ANALYSE ET ALGÉBRE DE PREMIÉRE ANNÉE DES UNIVERSITÉS ET GRNDES ECOLES SCIENTIFIQUES,HAZI MOHAMMED,UNKNOWN_EDITOR,2015.0,ALGER,ACHAT,PRÊT EXTERNE,ENSIA
1886,S.E.M 300 PAR SES EXAMENS TOME2 : ANALYSE ET ALGÉBRE DE PREMIÉRE ANNÉE DES UNIVERSITÉS ET GRNDES ECOLES SCIENTIFIQUES,HAZI MOHAMMED,UNKNOWN_EDITOR,2015.0,ALGER,ACHAT,PRÊT EXTERNE,ENSIA
1929,S.E.M 300 PAR SES EXAMENS TOME2 : ANALYSE ET ALGÉBRE DE PREMIÉRE ANNÉE DES UNIVERSITÉS ET GRNDES ECOLES SCIENTIFIQUES,HAZI MOHAMMED,UNKNOWN_EDITOR,2015.0,ALGER,ACHAT,PRÊT EXTERNE,ENSIA
1883,S.E.M 300 PAR SES EXAMENS TOME2 : ANALYSE ET ALGÉBRE DE PREMIÉRE ANNÉE DES UNIVERSITÉS ET GRNDES ECOLES SCIENTIFIQUES,HAZI MOHAMMED,UNKNOWN_EDITOR,2015.0,ALGER,ACHAT,PRÊT EXTERNE,ENSIA
1884,S.E.M 300 PAR SES EXAMENS TOME2 : ANALYSE ET ALGÉBRE DE PREMIÉRE ANNÉE DES UNIVERSITÉS ET GRNDES ECOLES SCIENTIFIQUES,HAZI MOHAMMED,UNKNOWN_EDITOR,2015.0,ALGER,ACHAT,PRÊT EXTERNE,ENSIA
1881,S.E.M 300 PAR SES EXAMENS TOME2 : ANALYSE ET ALGÉBRE DE PREMIÉRE ANNÉE DES UNIVERSITÉS ET GRNDES ECOLES SCIENTIFIQUES,HAZI MOHAMMED,UNKNOWN_EDITOR,2015.0,ALGER,ACHAT,PRÊT EXTERNE,ENSIA
1880,S.E.M 300 PAR SES EXAMENS TOME2 : ANALYSE ET ALGÉBRE DE PREMIÉRE ANNÉE DES UNIVERSITÉS ET GRNDES ECOLES SCIENTIFIQUES,HAZI MOHAMMED,UNKNOWN_EDITOR,2015.0,ALGER,ACHAT,PRÊT EXTERNE,ENSIA
1879,S.E.M 300 PAR SES EXAMENS TOME2 : ANALYSE ET ALGÉBRE DE PREMIÉRE ANNÉE DES UNIVERSITÉS ET GRNDES ECOLES SCIENTIFIQUES,HAZI MOHAMMED,UNKNOWN_EDITOR,2015.0,ALGER,ACHAT,PRÊT EXTERNE,ENSIA
1878,S.E.M 300 PAR SES EXAMENS TOME2 : ANALYSE ET ALGÉBRE DE PREMIÉRE ANNÉE DES UNIVERSITÉS ET GRNDES ECOLES SCIENTIFIQUES,HAZI MOHAMMED,UNKNOWN_EDITOR,2015.0,ALGER,ACHAT,PRÊT EXTERNE,ENSIA
1877,S.E.M 300 PAR SES EXAMENS TOME2 : ANALYSE ET ALGÉBRE DE PREMIÉRE ANNÉE DES UNIVERSITÉS ET GRNDES ECOLES SCIENTIFIQUES,HAZI MOHAMMED,UNKNOWN_EDITOR,2015.0,ALGER,ACHAT,PRÊT EXTERNE,ENSIA
1876,S.E.M 300 PAR SES EXAMENS TOME2 : ANALYSE ET ALGÉBRE DE PREMIÉRE ANNÉE DES UNIVERSITÉS ET GRNDES ECOLES SCIENTIFIQUES,HAZI MOHAMMED,UNKNOWN_EDITOR,2015.0,ALGER,ACHAT,PRÊT EXTERNE,ENSIA
1875,S.E.M 300 PAR SES EXAMENS TOME2 : ANALYSE ET ALGÉBRE DE PREMIÉRE ANNÉE DES UNIVERSITÉS ET GRNDES ECOLES SCIENTIFIQUES,HAZI MOHAMMED,UNKNOWN_EDITOR,2015.0,ALGER,ACHAT,PRÊT EXTERNE,ENSIA
1874,S.E.M 300 PAR SES EXAMENS TOME2 : ANALYSE ET ALGÉBRE DE PREMIÉRE ANNÉE DES UNIVERSITÉS ET GRNDES ECOLES SCIENTIFIQUES,HAZI MOHAMMED,UNKNOWN_EDITOR,2015.0,ALGER,ACHAT,PRÊT EXTERNE,ENSIA
1873,S.E.M 300 PAR SES EXAMENS TOME2 : ANALYSE ET ALGÉBRE DE PREMIÉRE ANNÉE DES UNIVERSITÉS ET GRNDES ECOLES SCIENTIFIQUES,HAZI MOHAMMED,UNKNOWN_EDITOR,2015.0,ALGER,ACHAT,PRÊT EXTERNE,ENSIA
1459,S.E.M 300 PAR SES EXAMENS TOME2 : ANALYSE ET ALGÉBRE DE PREMIÉRE ANNÉE DES UNIVERSITÉS ET GRNDES ECOLES SCIENTIFIQUES,HAZI MOHAMMED,UNKNOWN_EDITOR,2015.0,ALGER,ACHAT,PRÊT EXTERNE,ENSIA
1458,S.E.M 300 PAR SES EXAMENS TOME2 : ANALYSE ET ALGÉBRE DE PREMIÉRE ANNÉE DES UNIVERSITÉS ET GRNDES ECOLES SCIENTIFIQUES,HAZI MOHAMMED,UNKNOWN_EDITOR,2015.0,ALGER,ACHAT,PRÊT EXTERNE,ENSIA
1457,S.E.M 300 PAR SES EXAMENS TOME2 : ANALYSE ET ALGÉBRE DE PREMIÉRE ANNÉE DES UNIVERSITÉS ET GRNDES ECOLES SCIENTIFIQUES,HAZI MOHAMMED,UNKNOWN_EDITOR,2015.0,ALGER,ACHAT,PRÊT EXTERNE,ENSIA
1456,S.E.M 300 PAR SES EXAMENS TOME2 : ANALYSE ET ALGÉBRE DE PREMIÉRE ANNÉE DES UNIVERSITÉS ET GRNDES ECOLES SCIENTIFIQUES,HAZI MOHAMMED,UNKNOWN_EDITOR,2015.0,ALGER,ACHAT,PRÊT EXTERNE,ENSIA
1455,S.E.M 300 PAR SES EXAMENS TOME2 : ANALYSE ET ALGÉBRE DE PREMIÉRE ANNÉE DES UNIVERSITÉS ET GRNDES ECOLES SCIENTIFIQUES,HAZI MOHAMMED,UNKNOWN_EDITOR,2015.0,ALGER,ACHAT,PRÊT EXTERNE,ENSIA
1454,S.E.M 300 PAR SES EXAMENS TOME2 : ANALYSE ET ALGÉBRE DE PREMIÉRE ANNÉE DES UNIVERSITÉS ET GRNDES ECOLES SCIENTIFIQUES,HAZI MOHAMMED,UNKNOWN_EDITOR,2015.0,ALGER,ACHAT,CONSULTATION SUR PLACE,ENSIA
1453,S.E.M 300 PAR SES EXAMENS TOME2 : ANALYSE ET ALGÉBRE DE PREMIÉRE ANNÉE DES UNIVERSITÉS ET GRNDES ECOLES SCIENTIFIQUES,HAZI MOHAMMED,UNKNOWN_EDITOR,2015.0,ALGER,ACHAT,PRÊT EXTERNE,ENSIA
1452,S.E.M 300 PAR SES EXAMENS TOME2 : ANALYSE ET ALGÉBRE DE PREMIÉRE ANNÉE DES UNIVERSITÉS ET GRNDES ECOLES SCIENTIFIQUES,HAZI MOHAMMED,UNKNOWN_EDITOR,2015.0,ALGER,ACHAT,PRÊT EXTERNE,ENSIA
1451,S.E.M 300 PAR SES EXAMENS TOME2 : ANALYSE ET ALGÉBRE DE PREMIÉRE ANNÉE DES UNIVERSITÉS ET GRNDES ECOLES SCIENTIFIQUES,HAZI MOHAMMED,UNKNOWN_EDITOR,2015.0,ALGER,ACHAT,PRÊT EXTERNE,ENSIA
1450,S.E.M 300 PAR SES EXAMENS TOME2 : ANALYSE ET ALGÉBRE DE PREMIÉRE ANNÉE DES UNIVERSITÉS ET GRNDES ECOLES SCIENTIFIQUES,HAZI MOHAMMED,UNKNOWN_EDITOR,2015.0,ALGER,ACHAT,CONSULTATION SUR PLACE,ENSIA
1887,S.E.M 300 PAR SES EXAMENS TOME2 : ANALYSE ET ALGÉBRE DE PREMIÉRE ANNÉE DES UNIVERSITÉS ET GRNDES ECOLES SCIENTIFIQUES,HAZI MOHAMMED,UNKNOWN_EDITOR,2015.0,ALGER,ACHAT,PRÊT EXTERNE,ENSIA
1907,S.E.M 300 PAR SES EXAMENS TOME2 : ANALYSE ET ALGÉBRE DE PREMIÉRE ANNÉE DES UNIVERSITÉS ET GRNDES ECOLES SCIENTIFIQUES,HAZI MOHAMMED,UNKNOWN_EDITOR,2015.0,ALGER,ACHAT,PRÊT EXTERNE,ENSIA
1928,S.E.M 300 PAR SES EXAMENS TOME2 : ANALYSE ET ALGÉBRE DE PREMIÉRE ANNÉE DES UNIVERSITÉS ET GRNDES ECOLES SCIENTIFIQUES,HAZI MOHAMMED,UNKNOWN_EDITOR,2015.0,ALGER,ACHAT,PRÊT EXTERNE,ENSIA
1906,S.E.M 300 PAR SES EXAMENS TOME2 : ANALYSE ET ALGÉBRE DE PREMIÉRE ANNÉE DES UNIVERSITÉS ET GRNDES ECOLES SCIENTIFIQUES,HAZI MOHAMMED,UNKNOWN_EDITOR,2015.0,ALGER,ACHAT,PRÊT EXTERNE,ENSIA
1882,S.E.M 300 PAR SES EXAMENS TOME2 : ANALYSE ET ALGÉBRE DE PREMIÉRE ANNÉE DES UNIVERSITÉS ET GRNDES ECOLES SCIENTIFIQUES,HAZI MOHAMMED,UNKNOWN_EDITOR,2015.0,ALGER,ACHAT,PRÊT EXTERNE,ENSIA
1904,S.E.M 300 PAR SES EXAMENS TOME2 : ANALYSE ET ALGÉBRE DE PREMIÉRE ANNÉE DES UNIVERSITÉS ET GRNDES ECOLES SCIENTIFIQUES,HAZI MOHAMMED,UNKNOWN_EDITOR,2015.0,ALGER,ACHAT,PRÊT EXTERNE,ENSIA
1311,S.E.M 300 PAR SES EXAMENS TOME2 : ANALYSE ET ALGÉBRE DE PREMIÉRE ANNÉE DES UNIVERSITÉS ET GRNDES ECOLES SCIENTIFIQUES,HAZI MOHAMMED,UNKNOWN_EDITOR,2015.0,ALGER,DON,PRÊT EXTERNE,ENSIA
1310,S.E.M 300 PAR SES EXAMENS TOME2 : ANALYSE ET ALGÉBRE DE PREMIÉRE ANNÉE DES UNIVERSITÉS ET GRNDES ECOLES SCIENTIFIQUES,HAZI MOHAMMED,UNKNOWN_EDITOR,2015.0,ALGER,DON,PRÊT EXTERNE,ENSIA
1309,S.E.M 300 PAR SES EXAMENS TOME2 : ANALYSE ET ALGÉBRE DE PREMIÉRE ANNÉE DES UNIVERSITÉS ET GRNDES ECOLES SCIENTIFIQUES,HAZI MOHAMMED,UNKNOWN_EDITOR,2015.0,ALGER,DON,PRÊT EXTERNE,ENSIA
1905,S.E.M 300 PAR SES EXAMENS TOME2 : ANALYSE ET ALGÉBRE DE PREMIÉRE ANNÉE DES UNIVERSITÉS ET GRNDES ECOLES SCIENTIFIQUES,HAZI MOHAMMED,UNKNOWN_EDITOR,2015.0,ALGER,ACHAT,PRÊT EXTERNE,ENSIA
1889,S.E.M 300 PAR SES EXAMENS TOME2 : ANALYSE ET ALGÉBRE DE PREMIÉRE ANNÉE DES UNIVERSITÉS ET GRNDES ECOLES SCIENTIFIQUES,HAZI MOHAMMED,UNKNOWN_EDITOR,2015.0,ALGER,ACHAT,PRÊT EXTERNE,ENSIA
1890,S.E.M 300 PAR SES EXAMENS TOME2 : ANALYSE ET ALGÉBRE DE PREMIÉRE ANNÉE DES UNIVERSITÉS ET GRNDES ECOLES SCIENTIFIQUES,HAZI MOHAMMED,UNKNOWN_EDITOR,2015.0,ALGER,ACHAT,PRÊT EXTERNE,ENSIA
1891,S.E.M 300 PAR SES EXAMENS TOME2 : ANALYSE ET ALGÉBRE DE PREMIÉRE ANNÉE DES UNIVERSITÉS ET GRNDES ECOLES SCIENTIFIQUES,HAZI MOHAMMED,UNKNOWN_EDITOR,2015.0,ALGER,ACHAT,PRÊT EXTERNE,ENSIA
1888,S.E.M 300 PAR SES EXAMENS TOME2 : ANALYSE ET ALGÉBRE DE PREMIÉRE ANNÉE DES UNIVERSITÉS ET GRNDES ECOLES SCIENTIFIQUES,HAZI MOHAMMED,UNKNOWN_EDITOR,2015.0,ALGER,ACHAT,PRÊT EXTERNE,ENSIA
1893,S.E.M 300 PAR SES EXAMENS TOME2 : ANALYSE ET ALGÉBRE DE PREMIÉRE ANNÉE DES UNIVERSITÉS ET GRNDES ECOLES SCIENTIFIQUES,HAZI MOHAMMED,UNKNOWN_EDITOR,2015.0,ALGER,ACHAT,PRÊT EXTERNE,ENSIA
1894,S.E.M 300 PAR SES EXAMENS TOME2 : ANALYSE ET ALGÉBRE DE PREMIÉRE ANNÉE DES UNIVERSITÉS ET GRNDES ECOLES SCIENTIFIQUES,HAZI MOHAMMED,UNKNOWN_EDITOR,2015.0,ALGER,ACHAT,PRÊT EXTERNE,ENSIA
1895,S.E.M 300 PAR SES EXAMENS TOME2 : ANALYSE ET ALGÉBRE DE PREMIÉRE ANNÉE DES UNIVERSITÉS ET GRNDES ECOLES SCIENTIFIQUES,HAZI MOHAMMED,UNKNOWN_EDITOR,2015.0,ALGER,ACHAT,PRÊT EXTERNE,ENSIA
1896,S.E.M 300 PAR SES EXAMENS TOME2 : ANALYSE ET ALGÉBRE DE PREMIÉRE ANNÉE DES UNIVERSITÉS ET GRNDES ECOLES SCIENTIFIQUES,HAZI MOHAMMED,UNKNOWN_EDITOR,2015.0,ALGER,ACHAT,PRÊT EXTERNE,ENSIA
1897,S.E.M 300 PAR SES EXAMENS TOME2 : ANALYSE ET ALGÉBRE DE PREMIÉRE ANNÉE DES UNIVERSITÉS ET GRNDES ECOLES SCIENTIFIQUES,HAZI MOHAMMED,UNKNOWN_EDITOR,2015.0,ALGER,ACHAT,PRÊT EXTERNE,ENSIA
1898,S.E.M 300 PAR SES EXAMENS TOME2 : ANALYSE ET ALGÉBRE DE PREMIÉRE ANNÉE DES UNIVERSITÉS ET GRNDES ECOLES SCIENTIFIQUES,HAZI MOHAMMED,UNKNOWN_EDITOR,2015.0,ALGER,ACHAT,PRÊT EXTERNE,ENSIA
1899,S.E.M 300 PAR SES EXAMENS TOME2 : ANALYSE ET ALGÉBRE DE PREMIÉRE ANNÉE DES UNIVERSITÉS ET GRNDES ECOLES SCIENTIFIQUES,HAZI MOHAMMED,UNKNOWN_EDITOR,2015.0,ALGER,ACHAT,PRÊT EXTERNE,ENSIA
1892,S.E.M 300 PAR SES EXAMENS TOME2 : ANALYSE ET ALGÉBRE DE PREMIÉRE ANNÉE DES UNIVERSITÉS ET GRNDES ECOLES SCIENTIFIQUES,HAZI MOHAMMED,UNKNOWN_EDITOR,2015.0,ALGER,ACHAT,PRÊT EXTERNE,ENSIA
1900,S.E.M 300 PAR SES EXAMENS TOME2 : ANALYSE ET ALGÉBRE DE PREMIÉRE ANNÉE DES UNIVERSITÉS ET GRNDES ECOLES SCIENTIFIQUES,HAZI MOHAMMED,UNKNOWN_EDITOR,2015.0,ALGER,ACHAT,PRÊT EXTERNE,ENSIA
1903,S.E.M 300 PAR SES EXAMENS TOME2 : ANALYSE ET ALGÉBRE DE PREMIÉRE ANNÉE DES UNIVERSITÉS ET GRNDES ECOLES SCIENTIFIQUES,HAZI MOHAMMED,UNKNOWN_EDITOR,2015.0,ALGER,ACHAT,PRÊT EXTERNE,ENSIA
1902,S.E.M 300 PAR SES EXAMENS TOME2 : ANALYSE ET ALGÉBRE DE PREMIÉRE ANNÉE DES UNIVERSITÉS ET GRNDES ECOLES SCIENTIFIQUES,HAZI MOHAMMED,UNKNOWN_EDITOR,2015.0,ALGER,ACHAT,PRÊT EXTERNE,ENSIA
1901,S.E.M 300 PAR SES EXAMENS TOME2 : ANALYSE ET ALGÉBRE DE PREMIÉRE ANNÉE DES UNIVERSITÉS ET GRNDES ECOLES SCIENTIFIQUES,HAZI MOHAMMED,UNKNOWN_EDITOR,2015.0,ALGER,ACHAT,PRÊT EXTERNE,ENSIA
1305,S.E.M. 300 PAR SES EXAMENS T.1 : ANALYSE ET ALGÈBRE DE PREMIÈRE ANNÉE DES UNIVERSITÉS ET GRANDES ÉCOLES SCIENTIFIQUES,HAZI MOHAMMED,OPU,2004.0,ALGER,ACHAT,PRÊT EXTERNE,ENSIA
1306,S.E.M. 300 PAR SES EXAMENS T.1 : ANALYSE ET ALGÈBRE DE PREMIÈRE ANNÉE DES UNIVERSITÉS ET GRANDES ÉCOLES SCIENTIFIQUES,HAZI MOHAMMED,OPU,2004.0,ALGER,ACHAT,PRÊT EXTERNE,ENSIA
1307,S.E.M. 300 PAR SES EXAMENS T.1 : ANALYSE ET ALGÈBRE DE PREMIÈRE ANNÉE DES UNIVERSITÉS ET GRANDES ÉCOLES SCIENTIFIQUES,HAZI MOHAMMED,OPU,2004.0,ALGER,ACHAT,PRÊT EXTERNE,ENSIA
1308,S.E.M. 300 PAR SES EXAMENS T.1 : ANALYSE ET ALGÈBRE DE PREMIÈRE ANNÉE DES UNIVERSITÉS ET GRANDES ÉCOLES SCIENTIFIQUES,HAZI MOHAMMED,OPU,2004.0,ALGER,ACHAT,PRÊT EXTERNE,ENSIA
1304,S.E.M. 300 PAR SES EXAMENS T.1 : ANALYSE ET ALGÈBRE DE PREMIÈRE ANNÉE DES UNIVERSITÉS ET GRANDES ÉCOLES SCIENTIFIQUES,HAZI MOHAMMED,OPU,2004.0,ALGER,ACHAT,PRÊT EXTERNE,ENSIA
672,SCRUM UNE MÉTHODE AGILE POUR VOS PROJETS,"SUBRA, JEAN-PAUL",EDITIONS ENI,2017.0,FRANCE,ACHAT,PRÊT EXTERNE,ENSIA
671,SCRUM UNE MÉTHODE AGILE POUR VOS PROJETS,"SUBRA, JEAN-PAUL",EDITIONS ENI,2017.0,FRANCE,ACHAT,PRÊT EXTERNE,ENSIA
670,SCRUM UNE MÉTHODE AGILE POUR VOS PROJETS,"SUBRA, JEAN-PAUL",EDITIONS ENI,2017.0,FRANCE,ACHAT,PRÊT EXTERNE,ENSIA
381,SECURITY FOR MULTIHOP WIRELESS NETWORKS,KHAN SHAFIULLAH,CRC PRESS,2014.0,USA,ACHAT,PRÊT EXTERNE,ENSIA
382,SECURITY FOR MULTIHOP WIRELESS NETWORKS,KHAN SHAFIULLAH,CRC PRESS,2014.0,USA,ACHAT,PRÊT EXTERNE,ENSIA
383,SECURITY IN THE PRIVATE CLOUD,"VACCA, JOHN",CRC PRESS,2017.0,USA,ACHAT,PRÊT EXTERNE,ENSIA
384,SECURITY IN THE PRIVATE CLOUD,"VACCA, JOHN",CRC PRESS,2017.0,USA,ACHAT,PRÊT EXTERNE,ENSIA
1229,SEIZE PROBLÉMES D'INFORMATIQUE : AVEC CORRIGÉS DÉTAILLÉS ET PROGRAMMES EN CAML ET AVEC 18 FIGURES,PETAZZONI; BRUNO,UNKNOWN_EDITOR,2001.0,PARIS,DON,PRÊT EXTERNE,ENSIA
1228,SEIZE PROBLÉMES D'INFORMATIQUE : AVEC CORRIGÉS DÉTAILLÉS ET PROGRAMMES EN CAML ET AVEC 18 FIGURES,PETAZZONI; BRUNO,UNKNOWN_EDITOR,2001.0,PARIS,DON,PRÊT EXTERNE,ENSIA
385,SIGNAL AND IMAGE PROCESSING FOR BIOMETRICS,NAIT-ALI AMINE,WILEY-ISTE,2012.0,USA,ACHAT,PRÊT EXTERNE,ENSIA
1206,SIMULATION NUMÉRIQUE EN C++ : COURS ET EXERCICES CORRIGÉS,"DANAILA, IONUT",UNKNOWN_EDITOR,2003.0,PARIS,DON,PRÊT EXTERNE,ENSIA
1207,SIMULATION NUMÉRIQUE EN C++ : COURS ET EXERCICES CORRIGÉS,"DANAILA, IONUT",UNKNOWN_EDITOR,2003.0,PARIS,DON,PRÊT EXTERNE,ENSIA
1210,SIMULATION NUMÉRIQUE EN C++ : COURS ET EXERCICES CORRIGÉS,"DANAILA, IONUT",UNKNOWN_EDITOR,2003.0,PARIS,DON,PRÊT EXTERNE,ENSIA
1209,SIMULATION NUMÉRIQUE EN C++ : COURS ET EXERCICES CORRIGÉS,"DANAILA, IONUT",UNKNOWN_EDITOR,2003.0,PARIS,DON,PRÊT EXTERNE,ENSIA
1208,SIMULATION NUMÉRIQUE EN C++ : COURS ET EXERCICES CORRIGÉS,"DANAILA, IONUT",UNKNOWN_EDITOR,2003.0,PARIS,DON,PRÊT EXTERNE,ENSIA
386,"SMART GRID: NETWORKING, DATA MANAGEMENT, AND BUSINESS MODELS",HUSSEIN T. MOUFTAH,CRC PRESS,2016.0,USA,ACHAT,PRÊT EXTERNE,ENSIA
387,"SMART GRID: NETWORKING, DATA MANAGEMENT, AND BUSINESS MODELS",HUSSEIN T. MOUFTAH,CRC PRESS,2016.0,USA,ACHAT,PRÊT EXTERNE,ENSIA
3727,SOFTWARE ENGINEERING,"SOMMERVILLE, LAN",UNKNOWN_EDITOR,UNKNOWN_YEAR,UNKNOWN_LOCATION,ACHAT,PRÊT EXTERNE,ENSIA
3726,SOFTWARE ENGINEERING,"SOMMERVILLE, LAN",UNKNOWN_EDITOR,UNKNOWN_YEAR,UNKNOWN_LOCATION,ACHAT,PRÊT EXTERNE,ENSIA
3725,SOFTWARE ENGINEERING,"SOMMERVILLE, LAN",UNKNOWN_EDITOR,UNKNOWN_YEAR,UNKNOWN_LOCATION,ACHAT,PRÊT EXTERNE,ENSIA
3728,SOFTWARE ENGINEERING,"SOMMERVILLE, LAN",UNKNOWN_EDITOR,UNKNOWN_YEAR,UNKNOWN_LOCATION,ACHAT,PRÊT EXTERNE,ENSIA
3729,SOFTWARE ENGINEERING,"SOMMERVILLE, LAN",UNKNOWN_EDITOR,UNKNOWN_YEAR,UNKNOWN_LOCATION,ACHAT,PRÊT EXTERNE,ENSIA
3730,SOFTWARE ENGINEERING,"SOMMERVILLE, LAN",UNKNOWN_EDITOR,UNKNOWN_YEAR,UNKNOWN_LOCATION,ACHAT,PRÊT EXTERNE,ENSIA
813,SOLARIS 10 : ADMINISTRATION D'UN SYSTÈME UNIX,"DUTREIX, MICHEL",ENI,2006.0,NANTES,DON,PRÊT EXTERNE,ENSIA
738,SOLARIS 10 : ADMINISTRATION D'UN SYSTÈME UNIX,"DUTREIX, MICHEL",ENI,2006.0,NANTES,DON,CONSULTATION SUR PLACE,ENSIA
388,SPATIAL DATA ANALYSIS IN ECOLOGY AND AGRICULTURE USING R,PLANT RICHARD E,CRC PRESS,2019.0,USA,ACHAT,PRÊT EXTERNE,ENSIA
803,"SQL2, SQL3 : APPLICATIONS À ORACLE","DELMAL, PIERRE",DE BOECK,2002.0,BRUXELLES,PASSIF,PRÊT EXTERNE,ENSIA
1341,STABILITÉ D'UN PLASMA : MODÉLISATION MATHÉMATIQUE ET SIMULATION NUMÉRIQUE,"SARAMITO, BERNARD",MASSON,1994.0,PARIS,ACHAT,PRÊT EXTERNE,ENSIA
389,STATISTICAL MODELS AND METHODS FOR BIOMEDICAL AND TECHNICALSYSTEMS,VONTA FILIA,BIRKHAUSER,2008.0,FRANCE,ACHAT,PRÊT EXTERNE,ENSIA
3874,STATISTICAL PATTERN RECOGNITION,"WEBB, A. R. (ANDREW R.)",UNKNOWN_EDITOR,2011.0,UNKNOWN_LOCATION,ACHAT,PRÊT EXTERNE,ENSIA
590,STATISTICS IN CORPUS LINGUISTICS RESEARCH : A NEW APPROACH,"WALLIS, SEAN",ROUTLEDGE,2021.0,USA,ACHAT,PRÊT EXTERNE,ENSIA
591,STATISTICS IN CORPUS LINGUISTICS RESEARCH : A NEW APPROACH,"WALLIS, SEAN",ROUTLEDGE,2021.0,USA,ACHAT,PRÊT EXTERNE,ENSIA
290,"STATISTIQUE : COURS ET EXERCICES, POUR LES ÉTUDIANTS DU TRONC COMMUN BIO-MÉDICAL",ADMANE O,OPU,2004.0,ALGER,ACHAT,PRÊT EXTERNE,ENSIA
289,"STATISTIQUE : COURS ET EXERCICES, POUR LES ÉTUDIANTS DU TRONC COMMUN BIO-MÉDICAL",ADMANE O,OPU,2004.0,ALGER,ACHAT,PRÊT EXTERNE,ENSIA
291,"STATISTIQUE : COURS ET EXERCICES, POUR LES ÉTUDIANTS DU TRONC COMMUN BIO-MÉDICAL",ADMANE O,OPU,2004.0,ALGER,ACHAT,PRÊT EXTERNE,ENSIA
292,"STATISTIQUE : COURS ET EXERCICES, POUR LES ÉTUDIANTS DU TRONC COMMUN BIO-MÉDICAL",ADMANE O,OPU,2004.0,ALGER,ACHAT,PRÊT EXTERNE,ENSIA
890,STATISTIQUE DESCRIPTIVE,"MONINO, JEAN-LOUIS",DUNOD,2010.0,PARIS,DON,PRÊT EXTERNE,ENSIA
1767,STATISTIQUE DESCRIPTIVE : AVEC INITIATION AUX MÉTHODES D'ANALYSE DE L'INFORMATION ÉCONOMIQUE,HAMDANI HOCINE,OPU,2010.0,ALGER,ACHAT,PRÊT EXTERNE,ENSIA
3970,STATISTIQUE DESCRIPTIVE : AVEC INITIATION AUX MÉTHODES D'ANALYSE DE L'INFORMATION ÉCONOMIQUE,HAMDANI HOCINE,OPU,2010.0,ALGER,ACHAT,PRÊT EXTERNE,ENSIA
3973,STATISTIQUE DESCRIPTIVE : AVEC INITIATION AUX MÉTHODES D'ANALYSE DE L'INFORMATION ÉCONOMIQUE,HAMDANI HOCINE,OPU,2010.0,ALGER,ACHAT,PRÊT EXTERNE,ENSIA
3972,STATISTIQUE DESCRIPTIVE : AVEC INITIATION AUX MÉTHODES D'ANALYSE DE L'INFORMATION ÉCONOMIQUE,HAMDANI HOCINE,OPU,2010.0,ALGER,ACHAT,PRÊT EXTERNE,ENSIA
1771,STATISTIQUE DESCRIPTIVE : AVEC INITIATION AUX MÉTHODES D'ANALYSE DE L'INFORMATION ÉCONOMIQUE,HAMDANI HOCINE,OPU,2010.0,ALGER,ACHAT,PRÊT EXTERNE,ENSIA
1763,STATISTIQUE DESCRIPTIVE : AVEC INITIATION AUX MÉTHODES D'ANALYSE DE L'INFORMATION ÉCONOMIQUE,HAMDANI HOCINE,OPU,2010.0,ALGER,ACHAT,PRÊT EXTERNE,ENSIA
1764,STATISTIQUE DESCRIPTIVE : AVEC INITIATION AUX MÉTHODES D'ANALYSE DE L'INFORMATION ÉCONOMIQUE,HAMDANI HOCINE,OPU,2010.0,ALGER,ACHAT,PRÊT EXTERNE,ENSIA
1765,STATISTIQUE DESCRIPTIVE : AVEC INITIATION AUX MÉTHODES D'ANALYSE DE L'INFORMATION ÉCONOMIQUE,HAMDANI HOCINE,OPU,2010.0,ALGER,ACHAT,PRÊT EXTERNE,ENSIA
1770,STATISTIQUE DESCRIPTIVE : AVEC INITIATION AUX MÉTHODES D'ANALYSE DE L'INFORMATION ÉCONOMIQUE,HAMDANI HOCINE,OPU,2010.0,ALGER,ACHAT,PRÊT EXTERNE,ENSIA
1769,STATISTIQUE DESCRIPTIVE : AVEC INITIATION AUX MÉTHODES D'ANALYSE DE L'INFORMATION ÉCONOMIQUE,HAMDANI HOCINE,OPU,2010.0,ALGER,ACHAT,PRÊT EXTERNE,ENSIA
1768,STATISTIQUE DESCRIPTIVE : AVEC INITIATION AUX MÉTHODES D'ANALYSE DE L'INFORMATION ÉCONOMIQUE,HAMDANI HOCINE,OPU,2010.0,ALGER,ACHAT,PRÊT EXTERNE,ENSIA
1766,STATISTIQUE DESCRIPTIVE : AVEC INITIATION AUX MÉTHODES D'ANALYSE DE L'INFORMATION ÉCONOMIQUE,HAMDANI HOCINE,OPU,2010.0,ALGER,ACHAT,PRÊT EXTERNE,ENSIA
1772,STATISTIQUE DESCRIPTIVE : AVEC INITIATION AUX MÉTHODES D'ANALYSE DE L'INFORMATION ÉCONOMIQUE,HAMDANI HOCINE,OPU,2010.0,ALGER,ACHAT,PRÊT EXTERNE,ENSIA
3966,STATISTIQUE DESCRIPTIVE : AVEC INITIATION AUX MÉTHODES D'ANALYSE DE L'INFORMATION ÉCONOMIQUE,HAMDANI HOCINE,OPU,2010.0,ALGER,ACHAT,PRÊT EXTERNE,ENSIA
11,STATISTIQUE DESCRIPTIVE : AVEC INITIATION AUX MÉTHODES D'ANALYSE DE L'INFORMATION ÉCONOMIQUE,HAMDANI HOCINE,OPU,2010.0,ALGER,ACHAT,PRÊT EXTERNE,ENSIA
3961,STATISTIQUE DESCRIPTIVE : AVEC INITIATION AUX MÉTHODES D'ANALYSE DE L'INFORMATION ÉCONOMIQUE,HAMDANI HOCINE,OPU,2010.0,ALGER,ACHAT,PRÊT EXTERNE,ENSIA
3971,STATISTIQUE DESCRIPTIVE : AVEC INITIATION AUX MÉTHODES D'ANALYSE DE L'INFORMATION ÉCONOMIQUE,HAMDANI HOCINE,OPU,2010.0,ALGER,ACHAT,PRÊT EXTERNE,ENSIA
1390,STATISTIQUE DESCRIPTIVE : AVEC INITIATION AUX MÉTHODES D'ANALYSE DE L'INFORMATION ÉCONOMIQUE,HAMDANI HOCINE,OPU,2010.0,ALGER,ACHAT,PRÊT EXTERNE,ENSIA
3980,STATISTIQUE DESCRIPTIVE : AVEC INITIATION AUX MÉTHODES D'ANALYSE DE L'INFORMATION ÉCONOMIQUE,HAMDANI HOCINE,OPU,2010.0,ALGER,ACHAT,PRÊT EXTERNE,ENSIA
1391,STATISTIQUE DESCRIPTIVE : AVEC INITIATION AUX MÉTHODES D'ANALYSE DE L'INFORMATION ÉCONOMIQUE,HAMDANI HOCINE,OPU,2010.0,ALGER,ACHAT,PRÊT EXTERNE,ENSIA
3962,STATISTIQUE DESCRIPTIVE : AVEC INITIATION AUX MÉTHODES D'ANALYSE DE L'INFORMATION ÉCONOMIQUE,HAMDANI HOCINE,OPU,2010.0,ALGER,ACHAT,PRÊT EXTERNE,ENSIA
3963,STATISTIQUE DESCRIPTIVE : AVEC INITIATION AUX MÉTHODES D'ANALYSE DE L'INFORMATION ÉCONOMIQUE,HAMDANI HOCINE,OPU,2010.0,ALGER,ACHAT,PRÊT EXTERNE,ENSIA
1392,STATISTIQUE DESCRIPTIVE : AVEC INITIATION AUX MÉTHODES D'ANALYSE DE L'INFORMATION ÉCONOMIQUE,HAMDANI HOCINE,OPU,2010.0,ALGER,ACHAT,PRÊT EXTERNE,ENSIA
1394,STATISTIQUE DESCRIPTIVE : AVEC INITIATION AUX MÉTHODES D'ANALYSE DE L'INFORMATION ÉCONOMIQUE,HAMDANI HOCINE,OPU,2010.0,ALGER,ACHAT,PRÊT EXTERNE,ENSIA
1395,STATISTIQUE DESCRIPTIVE : AVEC INITIATION AUX MÉTHODES D'ANALYSE DE L'INFORMATION ÉCONOMIQUE,HAMDANI HOCINE,OPU,2010.0,ALGER,ACHAT,PRÊT EXTERNE,ENSIA
3977,STATISTIQUE DESCRIPTIVE : AVEC INITIATION AUX MÉTHODES D'ANALYSE DE L'INFORMATION ÉCONOMIQUE,HAMDANI HOCINE,OPU,2010.0,ALGER,ACHAT,PRÊT EXTERNE,ENSIA
1396,STATISTIQUE DESCRIPTIVE : AVEC INITIATION AUX MÉTHODES D'ANALYSE DE L'INFORMATION ÉCONOMIQUE,HAMDANI HOCINE,OPU,2010.0,ALGER,ACHAT,PRÊT EXTERNE,ENSIA
1398,STATISTIQUE DESCRIPTIVE : AVEC INITIATION AUX MÉTHODES D'ANALYSE DE L'INFORMATION ÉCONOMIQUE,HAMDANI HOCINE,OPU,2010.0,ALGER,ACHAT,PRÊT EXTERNE,ENSIA
3964,STATISTIQUE DESCRIPTIVE : AVEC INITIATION AUX MÉTHODES D'ANALYSE DE L'INFORMATION ÉCONOMIQUE,HAMDANI HOCINE,OPU,2010.0,ALGER,ACHAT,PRÊT EXTERNE,ENSIA
3965,STATISTIQUE DESCRIPTIVE : AVEC INITIATION AUX MÉTHODES D'ANALYSE DE L'INFORMATION ÉCONOMIQUE,HAMDANI HOCINE,OPU,2010.0,ALGER,ACHAT,PRÊT EXTERNE,ENSIA
1399,STATISTIQUE DESCRIPTIVE : AVEC INITIATION AUX MÉTHODES D'ANALYSE DE L'INFORMATION ÉCONOMIQUE,HAMDANI HOCINE,OPU,2010.0,ALGER,ACHAT,PRÊT EXTERNE,ENSIA
14,STATISTIQUE DESCRIPTIVE : AVEC INITIATION AUX MÉTHODES D'ANALYSE DE L'INFORMATION ÉCONOMIQUE,HAMDANI HOCINE,OPU,2010.0,ALGER,ACHAT,PRÊT EXTERNE,ENSIA
3967,STATISTIQUE DESCRIPTIVE : AVEC INITIATION AUX MÉTHODES D'ANALYSE DE L'INFORMATION ÉCONOMIQUE,HAMDANI HOCINE,OPU,2010.0,ALGER,ACHAT,PRÊT EXTERNE,ENSIA
3968,STATISTIQUE DESCRIPTIVE : AVEC INITIATION AUX MÉTHODES D'ANALYSE DE L'INFORMATION ÉCONOMIQUE,HAMDANI HOCINE,OPU,2010.0,ALGER,ACHAT,PRÊT EXTERNE,ENSIA
13,STATISTIQUE DESCRIPTIVE : AVEC INITIATION AUX MÉTHODES D'ANALYSE DE L'INFORMATION ÉCONOMIQUE,HAMDANI HOCINE,OPU,2010.0,ALGER,ACHAT,PRÊT EXTERNE,ENSIA
3975,STATISTIQUE DESCRIPTIVE : AVEC INITIATION AUX MÉTHODES D'ANALYSE DE L'INFORMATION ÉCONOMIQUE,HAMDANI HOCINE,OPU,2010.0,ALGER,ACHAT,PRÊT EXTERNE,ENSIA
3976,STATISTIQUE DESCRIPTIVE : AVEC INITIATION AUX MÉTHODES D'ANALYSE DE L'INFORMATION ÉCONOMIQUE,HAMDANI HOCINE,OPU,2010.0,ALGER,ACHAT,PRÊT EXTERNE,ENSIA
1397,STATISTIQUE DESCRIPTIVE : AVEC INITIATION AUX MÉTHODES D'ANALYSE DE L'INFORMATION ÉCONOMIQUE,HAMDANI HOCINE,OPU,2010.0,ALGER,ACHAT,PRÊT EXTERNE,ENSIA
1393,STATISTIQUE DESCRIPTIVE : AVEC INITIATION AUX MÉTHODES D'ANALYSE DE L'INFORMATION ÉCONOMIQUE,HAMDANI HOCINE,OPU,2010.0,ALGER,ACHAT,PRÊT EXTERNE,ENSIA
3974,STATISTIQUE DESCRIPTIVE : AVEC INITIATION AUX MÉTHODES D'ANALYSE DE L'INFORMATION ÉCONOMIQUE,HAMDANI HOCINE,OPU,2010.0,ALGER,ACHAT,PRÊT EXTERNE,ENSIA
12,STATISTIQUE DESCRIPTIVE : AVEC INITIATION AUX MÉTHODES D'ANALYSE DE L'INFORMATION ÉCONOMIQUE,HAMDANI HOCINE,OPU,2010.0,ALGER,ACHAT,PRÊT EXTERNE,ENSIA
3978,STATISTIQUE DESCRIPTIVE : AVEC INITIATION AUX MÉTHODES D'ANALYSE DE L'INFORMATION ÉCONOMIQUE,HAMDANI HOCINE,OPU,2010.0,ALGER,ACHAT,PRÊT EXTERNE,ENSIA
3979,STATISTIQUE DESCRIPTIVE : AVEC INITIATION AUX MÉTHODES D'ANALYSE DE L'INFORMATION ÉCONOMIQUE,HAMDANI HOCINE,OPU,2010.0,ALGER,ACHAT,PRÊT EXTERNE,ENSIA
3969,STATISTIQUE DESCRIPTIVE : AVEC INITIATION AUX MÉTHODES D'ANALYSE DE L'INFORMATION ÉCONOMIQUE,HAMDANI HOCINE,OPU,2010.0,ALGER,ACHAT,PRÊT EXTERNE,ENSIA
548,"STATISTIQUE INDUSTRIELLE : SYSTÉMES DE MESURE,ESTIMATION, ÉCHANTILLONNAGE ET MAITRISE STATISTIQUE DES PROCÉDÉS","BERGERET, FRANÇOIS",DUNOD,2021,UNKNOWN_LOCATION,ACHAT,PRÊT EXTERNE,ENSIA
547,"STATISTIQUE INDUSTRIELLE : SYSTÉMES DE MESURE,ESTIMATION, ÉCHANTILLONNAGE ET MAITRISE STATISTIQUE DES PROCÉDÉS","BERGERET, FRANÇOIS",DUNOD,2021,UNKNOWN_LOCATION,ACHAT,PRÊT EXTERNE,ENSIA
546,"STATISTIQUE INDUSTRIELLE : SYSTÉMES DE MESURE,ESTIMATION, ÉCHANTILLONNAGE ET MAITRISE STATISTIQUE DES PROCÉDÉS","BERGERET, FRANÇOIS",DUNOD,2021,UNKNOWN_LOCATION,ACHAT,CONSULTATION SUR PLACE,ENSIA
3341,STATISTIQUE PARAMÉTRIQUE : COURS EXERCICES Q.C.M TABLES INDEX DES FORMULES,GRIM ZOULIKHA,OPU,2016.0,ALGER,ACHAT,PRÊT EXTERNE,ENSIA
3342,STATISTIQUE PARAMÉTRIQUE : COURS EXERCICES Q.C.M TABLES INDEX DES FORMULES,GRIM ZOULIKHA,OPU,2016.0,ALGER,ACHAT,PRÊT EXTERNE,ENSIA
3343,STATISTIQUE PARAMÉTRIQUE : COURS EXERCICES Q.C.M TABLES INDEX DES FORMULES,GRIM ZOULIKHA,OPU,2016.0,ALGER,ACHAT,PRÊT EXTERNE,ENSIA
3339,STATISTIQUE PARAMÉTRIQUE : COURS EXERCICES Q.C.M TABLES INDEX DES FORMULES,GRIM ZOULIKHA,OPU,2016.0,ALGER,ACHAT,PRÊT EXTERNE,ENSIA
151,STATISTIQUE PARAMÉTRIQUE : COURS EXERCICES Q.C.M TABLES INDEX DES FORMULES,GRIM ZOULIKHA,OPU,2016.0,ALGER,ACHAT,PRÊT EXTERNE,ENSIA
3345,STATISTIQUE PARAMÉTRIQUE : COURS EXERCICES Q.C.M TABLES INDEX DES FORMULES,GRIM ZOULIKHA,OPU,2016.0,ALGER,ACHAT,PRÊT EXTERNE,ENSIA
3338,STATISTIQUE PARAMÉTRIQUE : COURS EXERCICES Q.C.M TABLES INDEX DES FORMULES,GRIM ZOULIKHA,OPU,2016.0,ALGER,ACHAT,PRÊT EXTERNE,ENSIA
3337,STATISTIQUE PARAMÉTRIQUE : COURS EXERCICES Q.C.M TABLES INDEX DES FORMULES,GRIM ZOULIKHA,OPU,2016.0,ALGER,ACHAT,PRÊT EXTERNE,ENSIA
150,STATISTIQUE PARAMÉTRIQUE : COURS EXERCICES Q.C.M TABLES INDEX DES FORMULES,GRIM ZOULIKHA,OPU,2016.0,ALGER,ACHAT,PRÊT EXTERNE,ENSIA
149,STATISTIQUE PARAMÉTRIQUE : COURS EXERCICES Q.C.M TABLES INDEX DES FORMULES,GRIM ZOULIKHA,OPU,2016.0,ALGER,ACHAT,PRÊT EXTERNE,ENSIA
148,STATISTIQUE PARAMÉTRIQUE : COURS EXERCICES Q.C.M TABLES INDEX DES FORMULES,GRIM ZOULIKHA,OPU,2016.0,ALGER,ACHAT,PRÊT EXTERNE,ENSIA
147,STATISTIQUE PARAMÉTRIQUE : COURS EXERCICES Q.C.M TABLES INDEX DES FORMULES,GRIM ZOULIKHA,OPU,2016.0,ALGER,ACHAT,PRÊT EXTERNE,ENSIA
146,STATISTIQUE PARAMÉTRIQUE : COURS EXERCICES Q.C.M TABLES INDEX DES FORMULES,GRIM ZOULIKHA,OPU,2016.0,ALGER,ACHAT,PRÊT EXTERNE,ENSIA
3340,STATISTIQUE PARAMÉTRIQUE : COURS EXERCICES Q.C.M TABLES INDEX DES FORMULES,GRIM ZOULIKHA,OPU,2016.0,ALGER,ACHAT,PRÊT EXTERNE,ENSIA
3344,STATISTIQUE PARAMÉTRIQUE : COURS EXERCICES Q.C.M TABLES INDEX DES FORMULES,GRIM ZOULIKHA,OPU,2016.0,ALGER,ACHAT,PRÊT EXTERNE,ENSIA
3324,STATISTIQUE PARAMÉTRIQUE : COURS EXERCICES Q.C.M TABLES INDEX DES FORMULES,GRIM ZOULIKHA,OPU,2016.0,ALGER,ACHAT,PRÊT EXTERNE,ENSIA
3336,STATISTIQUE PARAMÉTRIQUE : COURS EXERCICES Q.C.M TABLES INDEX DES FORMULES,GRIM ZOULIKHA,OPU,2016.0,ALGER,ACHAT,PRÊT EXTERNE,ENSIA
2900,STATISTIQUE PARAMÉTRIQUE : COURS EXERCICES Q.C.M TABLES INDEX DES FORMULES,GRIM ZOULIKHA,OPU,2016.0,ALGER,ACHAT,PRÊT EXTERNE,ENSIA
2901,STATISTIQUE PARAMÉTRIQUE : COURS EXERCICES Q.C.M TABLES INDEX DES FORMULES,GRIM ZOULIKHA,OPU,2016.0,ALGER,ACHAT,PRÊT EXTERNE,ENSIA
2902,STATISTIQUE PARAMÉTRIQUE : COURS EXERCICES Q.C.M TABLES INDEX DES FORMULES,GRIM ZOULIKHA,OPU,2016.0,ALGER,ACHAT,PRÊT EXTERNE,ENSIA
2903,STATISTIQUE PARAMÉTRIQUE : COURS EXERCICES Q.C.M TABLES INDEX DES FORMULES,GRIM ZOULIKHA,OPU,2016.0,ALGER,ACHAT,PRÊT EXTERNE,ENSIA
2904,STATISTIQUE PARAMÉTRIQUE : COURS EXERCICES Q.C.M TABLES INDEX DES FORMULES,GRIM ZOULIKHA,OPU,2016.0,ALGER,ACHAT,PRÊT EXTERNE,ENSIA
2905,STATISTIQUE PARAMÉTRIQUE : COURS EXERCICES Q.C.M TABLES INDEX DES FORMULES,GRIM ZOULIKHA,OPU,2016.0,ALGER,ACHAT,PRÊT EXTERNE,ENSIA
3346,STATISTIQUE PARAMÉTRIQUE : COURS EXERCICES Q.C.M TABLES INDEX DES FORMULES,GRIM ZOULIKHA,OPU,2016.0,ALGER,ACHAT,PRÊT EXTERNE,ENSIA
2906,STATISTIQUE PARAMÉTRIQUE : COURS EXERCICES Q.C.M TABLES INDEX DES FORMULES,GRIM ZOULIKHA,OPU,2016.0,ALGER,ACHAT,PRÊT EXTERNE,ENSIA
2908,STATISTIQUE PARAMÉTRIQUE : COURS EXERCICES Q.C.M TABLES INDEX DES FORMULES,GRIM ZOULIKHA,OPU,2016.0,ALGER,ACHAT,PRÊT EXTERNE,ENSIA
2909,STATISTIQUE PARAMÉTRIQUE : COURS EXERCICES Q.C.M TABLES INDEX DES FORMULES,GRIM ZOULIKHA,OPU,2016.0,ALGER,ACHAT,PRÊT EXTERNE,ENSIA
144,STATISTIQUE PARAMÉTRIQUE : COURS EXERCICES Q.C.M TABLES INDEX DES FORMULES,GRIM ZOULIKHA,OPU,2016.0,ALGER,ACHAT,CONSULTATION SUR PLACE,ENSIA
145,STATISTIQUE PARAMÉTRIQUE : COURS EXERCICES Q.C.M TABLES INDEX DES FORMULES,GRIM ZOULIKHA,OPU,2016.0,ALGER,ACHAT,PRÊT EXTERNE,ENSIA
3348,STATISTIQUE PARAMÉTRIQUE : COURS EXERCICES Q.C.M TABLES INDEX DES FORMULES,GRIM ZOULIKHA,OPU,2016.0,ALGER,ACHAT,PRÊT EXTERNE,ENSIA
3347,STATISTIQUE PARAMÉTRIQUE : COURS EXERCICES Q.C.M TABLES INDEX DES FORMULES,GRIM ZOULIKHA,OPU,2016.0,ALGER,ACHAT,PRÊT EXTERNE,ENSIA
2907,STATISTIQUE PARAMÉTRIQUE : COURS EXERCICES Q.C.M TABLES INDEX DES FORMULES,GRIM ZOULIKHA,OPU,2016.0,ALGER,ACHAT,PRÊT EXTERNE,ENSIA
3335,STATISTIQUE PARAMÉTRIQUE : COURS EXERCICES Q.C.M TABLES INDEX DES FORMULES,GRIM ZOULIKHA,OPU,2016.0,ALGER,ACHAT,PRÊT EXTERNE,ENSIA
3307,STATISTIQUE PARAMÉTRIQUE : COURS EXERCICES Q.C.M TABLES INDEX DES FORMULES,GRIM ZOULIKHA,OPU,2016.0,ALGER,ACHAT,PRÊT EXTERNE,ENSIA
3333,STATISTIQUE PARAMÉTRIQUE : COURS EXERCICES Q.C.M TABLES INDEX DES FORMULES,GRIM ZOULIKHA,OPU,2016.0,ALGER,ACHAT,PRÊT EXTERNE,ENSIA
3317,STATISTIQUE PARAMÉTRIQUE : COURS EXERCICES Q.C.M TABLES INDEX DES FORMULES,GRIM ZOULIKHA,OPU,2016.0,ALGER,ACHAT,PRÊT EXTERNE,ENSIA
3301,STATISTIQUE PARAMÉTRIQUE : COURS EXERCICES Q.C.M TABLES INDEX DES FORMULES,GRIM ZOULIKHA,OPU,2016.0,ALGER,ACHAT,PRÊT EXTERNE,ENSIA
3302,STATISTIQUE PARAMÉTRIQUE : COURS EXERCICES Q.C.M TABLES INDEX DES FORMULES,GRIM ZOULIKHA,OPU,2016.0,ALGER,ACHAT,PRÊT EXTERNE,ENSIA
3318,STATISTIQUE PARAMÉTRIQUE : COURS EXERCICES Q.C.M TABLES INDEX DES FORMULES,GRIM ZOULIKHA,OPU,2016.0,ALGER,ACHAT,PRÊT EXTERNE,ENSIA
3334,STATISTIQUE PARAMÉTRIQUE : COURS EXERCICES Q.C.M TABLES INDEX DES FORMULES,GRIM ZOULIKHA,OPU,2016.0,ALGER,ACHAT,PRÊT EXTERNE,ENSIA
3319,STATISTIQUE PARAMÉTRIQUE : COURS EXERCICES Q.C.M TABLES INDEX DES FORMULES,GRIM ZOULIKHA,OPU,2016.0,ALGER,ACHAT,PRÊT EXTERNE,ENSIA
3300,STATISTIQUE PARAMÉTRIQUE : COURS EXERCICES Q.C.M TABLES INDEX DES FORMULES,GRIM ZOULIKHA,OPU,2016.0,ALGER,ACHAT,PRÊT EXTERNE,ENSIA
3320,STATISTIQUE PARAMÉTRIQUE : COURS EXERCICES Q.C.M TABLES INDEX DES FORMULES,GRIM ZOULIKHA,OPU,2016.0,ALGER,ACHAT,PRÊT EXTERNE,ENSIA
3309,STATISTIQUE PARAMÉTRIQUE : COURS EXERCICES Q.C.M TABLES INDEX DES FORMULES,GRIM ZOULIKHA,OPU,2016.0,ALGER,ACHAT,PRÊT EXTERNE,ENSIA
3308,STATISTIQUE PARAMÉTRIQUE : COURS EXERCICES Q.C.M TABLES INDEX DES FORMULES,GRIM ZOULIKHA,OPU,2016.0,ALGER,ACHAT,PRÊT EXTERNE,ENSIA
3322,STATISTIQUE PARAMÉTRIQUE : COURS EXERCICES Q.C.M TABLES INDEX DES FORMULES,GRIM ZOULIKHA,OPU,2016.0,ALGER,ACHAT,PRÊT EXTERNE,ENSIA
3323,STATISTIQUE PARAMÉTRIQUE : COURS EXERCICES Q.C.M TABLES INDEX DES FORMULES,GRIM ZOULIKHA,OPU,2016.0,ALGER,ACHAT,PRÊT EXTERNE,ENSIA
3306,STATISTIQUE PARAMÉTRIQUE : COURS EXERCICES Q.C.M TABLES INDEX DES FORMULES,GRIM ZOULIKHA,OPU,2016.0,ALGER,ACHAT,PRÊT EXTERNE,ENSIA
3305,STATISTIQUE PARAMÉTRIQUE : COURS EXERCICES Q.C.M TABLES INDEX DES FORMULES,GRIM ZOULIKHA,OPU,2016.0,ALGER,ACHAT,PRÊT EXTERNE,ENSIA
3321,STATISTIQUE PARAMÉTRIQUE : COURS EXERCICES Q.C.M TABLES INDEX DES FORMULES,GRIM ZOULIKHA,OPU,2016.0,ALGER,ACHAT,PRÊT EXTERNE,ENSIA
3304,STATISTIQUE PARAMÉTRIQUE : COURS EXERCICES Q.C.M TABLES INDEX DES FORMULES,GRIM ZOULIKHA,OPU,2016.0,ALGER,ACHAT,PRÊT EXTERNE,ENSIA
3316,STATISTIQUE PARAMÉTRIQUE : COURS EXERCICES Q.C.M TABLES INDEX DES FORMULES,GRIM ZOULIKHA,OPU,2016.0,ALGER,ACHAT,PRÊT EXTERNE,ENSIA
3315,STATISTIQUE PARAMÉTRIQUE : COURS EXERCICES Q.C.M TABLES INDEX DES FORMULES,GRIM ZOULIKHA,OPU,2016.0,ALGER,ACHAT,PRÊT EXTERNE,ENSIA
3332,STATISTIQUE PARAMÉTRIQUE : COURS EXERCICES Q.C.M TABLES INDEX DES FORMULES,GRIM ZOULIKHA,OPU,2016.0,ALGER,ACHAT,PRÊT EXTERNE,ENSIA
3331,STATISTIQUE PARAMÉTRIQUE : COURS EXERCICES Q.C.M TABLES INDEX DES FORMULES,GRIM ZOULIKHA,OPU,2016.0,ALGER,ACHAT,PRÊT EXTERNE,ENSIA
3330,STATISTIQUE PARAMÉTRIQUE : COURS EXERCICES Q.C.M TABLES INDEX DES FORMULES,GRIM ZOULIKHA,OPU,2016.0,ALGER,ACHAT,PRÊT EXTERNE,ENSIA
3329,STATISTIQUE PARAMÉTRIQUE : COURS EXERCICES Q.C.M TABLES INDEX DES FORMULES,GRIM ZOULIKHA,OPU,2016.0,ALGER,ACHAT,PRÊT EXTERNE,ENSIA
3311,STATISTIQUE PARAMÉTRIQUE : COURS EXERCICES Q.C.M TABLES INDEX DES FORMULES,GRIM ZOULIKHA,OPU,2016.0,ALGER,ACHAT,PRÊT EXTERNE,ENSIA
3310,STATISTIQUE PARAMÉTRIQUE : COURS EXERCICES Q.C.M TABLES INDEX DES FORMULES,GRIM ZOULIKHA,OPU,2016.0,ALGER,ACHAT,PRÊT EXTERNE,ENSIA
3299,STATISTIQUE PARAMÉTRIQUE : COURS EXERCICES Q.C.M TABLES INDEX DES FORMULES,GRIM ZOULIKHA,OPU,2016.0,ALGER,ACHAT,PRÊT EXTERNE,ENSIA
3328,STATISTIQUE PARAMÉTRIQUE : COURS EXERCICES Q.C.M TABLES INDEX DES FORMULES,GRIM ZOULIKHA,OPU,2016.0,ALGER,ACHAT,PRÊT EXTERNE,ENSIA
3326,STATISTIQUE PARAMÉTRIQUE : COURS EXERCICES Q.C.M TABLES INDEX DES FORMULES,GRIM ZOULIKHA,OPU,2016.0,ALGER,ACHAT,PRÊT EXTERNE,ENSIA
3325,STATISTIQUE PARAMÉTRIQUE : COURS EXERCICES Q.C.M TABLES INDEX DES FORMULES,GRIM ZOULIKHA,OPU,2016.0,ALGER,ACHAT,PRÊT EXTERNE,ENSIA
3312,STATISTIQUE PARAMÉTRIQUE : COURS EXERCICES Q.C.M TABLES INDEX DES FORMULES,GRIM ZOULIKHA,OPU,2016.0,ALGER,ACHAT,PRÊT EXTERNE,ENSIA
4115,STATISTIQUE PARAMÉTRIQUE : COURS EXERCICES Q.C.M TABLES INDEX DES FORMULES,GRIM ZOULIKHA,OPU,2016.0,ALGER,ACHAT,PRÊT EXTERNE,ENSIA
3313,STATISTIQUE PARAMÉTRIQUE : COURS EXERCICES Q.C.M TABLES INDEX DES FORMULES,GRIM ZOULIKHA,OPU,2016.0,ALGER,ACHAT,PRÊT EXTERNE,ENSIA
3314,STATISTIQUE PARAMÉTRIQUE : COURS EXERCICES Q.C.M TABLES INDEX DES FORMULES,GRIM ZOULIKHA,OPU,2016.0,ALGER,ACHAT,PRÊT EXTERNE,ENSIA
3327,STATISTIQUE PARAMÉTRIQUE : COURS EXERCICES Q.C.M TABLES INDEX DES FORMULES,GRIM ZOULIKHA,OPU,2016.0,ALGER,ACHAT,PRÊT EXTERNE,ENSIA
3303,STATISTIQUE PARAMÉTRIQUE : COURS EXERCICES Q.C.M TABLES INDEX DES FORMULES,GRIM ZOULIKHA,OPU,2016.0,ALGER,ACHAT,PRÊT EXTERNE,ENSIA
1082,"STATISTIQUE, EXERCICES CORRIGÉS AVEC RAPPELS DE COURS. 1, SCIENCES ÉCONOMIQUES","LABROUSSE, CHRISTIAN",UNKNOWN_EDITOR,1977.0,PARIS,ACHAT,PRÊT EXTERNE,ENSIA
1381,"STATISTIQUE. 2 : CIENCES ÉCONOMIQUES, 2E ANNÉE",LABROUSSE CHRISTIAN,UNKNOWN_EDITOR,1978.0,PARIS,DON,PRÊT EXTERNE,ENSIA
3960,STATISTIQUES : COURS ET EXERCICES CORRIGÉS : MASTER MATHÉMATIQUES,DEPAUW JEROME,VUIBERT,2012.0,PARIS,ACHAT,PRÊT EXTERNE,ENSIA
1083,STATISTIQUES : COURS ET EXERCICES CORRIGÉS : MASTER MATHÉMATIQUES,DEPAUW JEROME,VUIBERT,2012.0,PARIS,ACHAT,PRÊT EXTERNE,ENSIA
3959,STATISTIQUES : COURS ET EXERCICES CORRIGÉS : MASTER MATHÉMATIQUES,DEPAUW JEROME,VUIBERT,2012.0,PARIS,ACHAT,PRÊT EXTERNE,ENSIA
1084,STATISTIQUES : COURS ET EXERCICES CORRIGÉS : MASTER MATHÉMATIQUES,DEPAUW JEROME,VUIBERT,2012.0,PARIS,ACHAT,PRÊT EXTERNE,ENSIA
391,"STRUCTURAL ANALYSIS : PRINCIPLES, METHODS AND MODELLING",RANZI.?GIANLUCA,CRC PRESS,2015.0,FRANCE,ACHAT,PRÊT EXTERNE,ENSIA
390,"STRUCTURAL ANALYSIS : PRINCIPLES, METHODS AND MODELLING",RANZI.?GIANLUCA,CRC PRESS,2015.0,FRANCE,ACHAT,CONSULTATION SUR PLACE,ENSIA
1410,STRUCTURE DES ORDINATEURS : AUTOUR DU PROCESSEUR,"KHELIFATI, SI LARBI",OPU,2017.0,ALGER,ACHAT,CONSULTATION SUR PLACE,ENSIA
1415,STRUCTURE DES ORDINATEURS : AUTOUR DU PROCESSEUR,"KHELIFATI, SI LARBI",OPU,2017.0,ALGER,ACHAT,PRÊT EXTERNE,ENSIA
1416,STRUCTURE DES ORDINATEURS : AUTOUR DU PROCESSEUR,"KHELIFATI, SI LARBI",OPU,2017.0,ALGER,ACHAT,PRÊT EXTERNE,ENSIA
21,STRUCTURE DES ORDINATEURS : AUTOUR DU PROCESSEUR,"KHELIFATI, SI LARBI",OPU,2017.0,ALGER,ACHAT,PRÊT EXTERNE,ENSIA
1417,STRUCTURE DES ORDINATEURS : AUTOUR DU PROCESSEUR,"KHELIFATI, SI LARBI",OPU,2017.0,ALGER,ACHAT,PRÊT EXTERNE,ENSIA
1418,STRUCTURE DES ORDINATEURS : AUTOUR DU PROCESSEUR,"KHELIFATI, SI LARBI",OPU,2017.0,ALGER,ACHAT,PRÊT EXTERNE,ENSIA
1419,STRUCTURE DES ORDINATEURS : AUTOUR DU PROCESSEUR,"KHELIFATI, SI LARBI",OPU,2017.0,ALGER,ACHAT,PRÊT EXTERNE,ENSIA
1413,STRUCTURE DES ORDINATEURS : AUTOUR DU PROCESSEUR,"KHELIFATI, SI LARBI",OPU,2017.0,ALGER,ACHAT,PRÊT EXTERNE,ENSIA
1412,STRUCTURE DES ORDINATEURS : AUTOUR DU PROCESSEUR,"KHELIFATI, SI LARBI",OPU,2017.0,ALGER,ACHAT,PRÊT EXTERNE,ENSIA
1411,STRUCTURE DES ORDINATEURS : AUTOUR DU PROCESSEUR,"KHELIFATI, SI LARBI",OPU,2017.0,ALGER,ACHAT,PRÊT EXTERNE,ENSIA
1414,STRUCTURE DES ORDINATEURS : AUTOUR DU PROCESSEUR,"KHELIFATI, SI LARBI",OPU,2017.0,ALGER,ACHAT,PRÊT EXTERNE,ENSIA
1193,STRUCTURE DES ORDINATEURS : AUTOUR DU PROCESSEUR,"KHELIFATI, SI LARBI",OPU,2017.0,ALGER,DON,PRÊT EXTERNE,ENSIA
19,STRUCTURE DES ORDINATEURS : AUTOUR DU PROCESSEUR,"KHELIFATI, SI LARBI",OPU,2017.0,ALGER,ACHAT,PRÊT EXTERNE,ENSIA
24,STRUCTURE DES ORDINATEURS : AUTOUR DU PROCESSEUR,"KHELIFATI, SI LARBI",OPU,2017.0,ALGER,ACHAT,PRÊT EXTERNE,ENSIA
20,STRUCTURE DES ORDINATEURS : AUTOUR DU PROCESSEUR,"KHELIFATI, SI LARBI",OPU,2017.0,ALGER,ACHAT,PRÊT EXTERNE,ENSIA
23,STRUCTURE DES ORDINATEURS : AUTOUR DU PROCESSEUR,"KHELIFATI, SI LARBI",OPU,2017.0,ALGER,ACHAT,PRÊT EXTERNE,ENSIA
1194,STRUCTURE DES ORDINATEURS : AUTOUR DU PROCESSEUR,"KHELIFATI, SI LARBI",OPU,2017.0,ALGER,DON,PRÊT EXTERNE,ENSIA
740,STRUCTURE DES ORDINATEURS : AUTOUR DU PROCESSEUR,"KHELIFATI, SI LARBI",OPU,2017.0,ALGER,ACHAT,PRÊT EXTERNE,ENSIA
22,STRUCTURE DES ORDINATEURS : AUTOUR DU PROCESSEUR,"KHELIFATI, SI LARBI",OPU,2017.0,ALGER,ACHAT,PRÊT EXTERNE,ENSIA
3892,STRUCTURED PARALLEL PROGRAMMING : PATTERNS FOR EFFICIENT COMPUTATION,"MCCOOL, MICHAEL D.",UNKNOWN_EDITOR,2012.0,UNKNOWN_LOCATION,ACHAT,PRÊT EXTERNE,ENSIA
1085,STRUCTURES ALGEBRIQUES : MATHÉMATIQUES,LANG SERGE,UNKNOWN_EDITOR,UNKNOWN_YEAR,PARIS,ACHAT,PRÊT EXTERNE,ENSIA
1086,STRUCTURES ALGEBRIQUES : MATHÉMATIQUES,LANG SERGE,UNKNOWN_EDITOR,UNKNOWN_YEAR,PARIS,ACHAT,PRÊT EXTERNE,ENSIA
600,SUCCESSFUL SPOKEN ENGLISH : FINDINGS FROM LEARNER CORPORA,JONES CHRISTIAN,ROUTLEDGE,2020.0,USA,ACHAT,CONSULTATION SUR PLACE,ENSIA
601,SUCCESSFUL SPOKEN ENGLISH : FINDINGS FROM LEARNER CORPORA,JONES CHRISTIAN,ROUTLEDGE,2020.0,USA,ACHAT,PRÊT EXTERNE,ENSIA
3882,"SUPERINTELLIGENCE : PATHS, DANGERS, STRATEGIES","BOSTROM, NICK",UNKNOWN_EDITOR,2014.0,UNKNOWN_LOCATION,ACHAT,PRÊT EXTERNE,ENSIA
788,SUPERSCALAR MICROPROCESSOR DESIGN,"JOHNSON, MIKE",PRENTICE HALL,1991.0,NEW JERSEY,PASSIF,PRÊT EXTERNE,ENSIA
392,SUPERVISION AND SAFETY OF COMPLEX SYSTEMS,MATTA NADA,WILEY-ISTE,2012.0,USA,ACHAT,PRÊT EXTERNE,ENSIA
1230,SWING : LA SYNTHÈSE : DÉVELOPPEMENT DES INTERFACES GRAPHIQUES EN JAVA,"BERTHIÉ, VALÉRIE",UNKNOWN_EDITOR,UNKNOWN_YEAR,UNKNOWN_LOCATION,DON,PRÊT EXTERNE,ENSIA
1231,SWING : LA SYNTHÈSE : DÉVELOPPEMENT DES INTERFACES GRAPHIQUES EN JAVA,"BERTHIÉ, VALÉRIE",UNKNOWN_EDITOR,UNKNOWN_YEAR,UNKNOWN_LOCATION,DON,PRÊT EXTERNE,ENSIA
2953,SYSTEME D'EXPLOITATION MECANISMES DE BASE,BELKHIR ADBELKADER,OPU,2003.0,ALGER,ACHAT,PRÊT EXTERNE,ENSIA
3053,SYSTEME D'EXPLOITATION MECANISMES DE BASE,BELKHIR ADBELKADER,OPU,2003.0,ALGER,ACHAT,PRÊT EXTERNE,ENSIA
37,SYSTEME D'EXPLOITATION MECANISMES DE BASE,BELKHIR ADBELKADER,OPU,2003.0,ALGER,ACHAT,PRÊT EXTERNE,ENSIA
2952,SYSTEME D'EXPLOITATION MECANISMES DE BASE,BELKHIR ADBELKADER,OPU,2003.0,ALGER,ACHAT,PRÊT EXTERNE,ENSIA
2951,SYSTEME D'EXPLOITATION MECANISMES DE BASE,BELKHIR ADBELKADER,OPU,2003.0,ALGER,ACHAT,PRÊT EXTERNE,ENSIA
2950,SYSTEME D'EXPLOITATION MECANISMES DE BASE,BELKHIR ADBELKADER,OPU,2003.0,ALGER,ACHAT,PRÊT EXTERNE,ENSIA
3056,SYSTEME D'EXPLOITATION MECANISMES DE BASE,BELKHIR ADBELKADER,OPU,2003.0,ALGER,ACHAT,PRÊT EXTERNE,ENSIA
36,SYSTEME D'EXPLOITATION MECANISMES DE BASE,BELKHIR ADBELKADER,OPU,2003.0,ALGER,ACHAT,PRÊT EXTERNE,ENSIA
35,SYSTEME D'EXPLOITATION MECANISMES DE BASE,BELKHIR ADBELKADER,OPU,2003.0,ALGER,ACHAT,PRÊT EXTERNE,ENSIA
1176,SYSTEME D'EXPLOITATION MECANISMES DE BASE,BELKHIR ADBELKADER,OPU,2003.0,ALGER,DON,PRÊT EXTERNE,ENSIA
1177,SYSTEME D'EXPLOITATION MECANISMES DE BASE,BELKHIR ADBELKADER,OPU,2003.0,ALGER,DON,PRÊT EXTERNE,ENSIA
1178,SYSTEME D'EXPLOITATION MECANISMES DE BASE,BELKHIR ADBELKADER,OPU,2003.0,ALGER,DON,PRÊT EXTERNE,ENSIA
2954,SYSTEME D'EXPLOITATION MECANISMES DE BASE,BELKHIR ADBELKADER,OPU,2003.0,ALGER,ACHAT,PRÊT EXTERNE,ENSIA
3057,SYSTEME D'EXPLOITATION MECANISMES DE BASE,BELKHIR ADBELKADER,OPU,2003.0,ALGER,ACHAT,PRÊT EXTERNE,ENSIA
2955,SYSTEME D'EXPLOITATION MECANISMES DE BASE,BELKHIR ADBELKADER,OPU,2003.0,ALGER,ACHAT,PRÊT EXTERNE,ENSIA
2957,SYSTEME D'EXPLOITATION MECANISMES DE BASE,BELKHIR ADBELKADER,OPU,2003.0,ALGER,ACHAT,PRÊT EXTERNE,ENSIA
2958,SYSTEME D'EXPLOITATION MECANISMES DE BASE,BELKHIR ADBELKADER,OPU,2003.0,ALGER,ACHAT,PRÊT EXTERNE,ENSIA
2959,SYSTEME D'EXPLOITATION MECANISMES DE BASE,BELKHIR ADBELKADER,OPU,2003.0,ALGER,ACHAT,PRÊT EXTERNE,ENSIA
34,SYSTEME D'EXPLOITATION MECANISMES DE BASE,BELKHIR ADBELKADER,OPU,2003.0,ALGER,ACHAT,PRÊT EXTERNE,ENSIA
33,SYSTEME D'EXPLOITATION MECANISMES DE BASE,BELKHIR ADBELKADER,OPU,2003.0,ALGER,ACHAT,PRÊT EXTERNE,ENSIA
32,SYSTEME D'EXPLOITATION MECANISMES DE BASE,BELKHIR ADBELKADER,OPU,2003.0,ALGER,ACHAT,PRÊT EXTERNE,ENSIA
3062,SYSTEME D'EXPLOITATION MECANISMES DE BASE,BELKHIR ADBELKADER,OPU,2003.0,ALGER,ACHAT,PRÊT EXTERNE,ENSIA
3054,SYSTEME D'EXPLOITATION MECANISMES DE BASE,BELKHIR ADBELKADER,OPU,2003.0,ALGER,ACHAT,PRÊT EXTERNE,ENSIA
3061,SYSTEME D'EXPLOITATION MECANISMES DE BASE,BELKHIR ADBELKADER,OPU,2003.0,ALGER,ACHAT,PRÊT EXTERNE,ENSIA
3060,SYSTEME D'EXPLOITATION MECANISMES DE BASE,BELKHIR ADBELKADER,OPU,2003.0,ALGER,ACHAT,PRÊT EXTERNE,ENSIA
2956,SYSTEME D'EXPLOITATION MECANISMES DE BASE,BELKHIR ADBELKADER,OPU,2003.0,ALGER,ACHAT,PRÊT EXTERNE,ENSIA
3055,SYSTEME D'EXPLOITATION MECANISMES DE BASE,BELKHIR ADBELKADER,OPU,2003.0,ALGER,ACHAT,PRÊT EXTERNE,ENSIA
3059,SYSTEME D'EXPLOITATION MECANISMES DE BASE,BELKHIR ADBELKADER,OPU,2003.0,ALGER,ACHAT,PRÊT EXTERNE,ENSIA
3058,SYSTEME D'EXPLOITATION MECANISMES DE BASE,BELKHIR ADBELKADER,OPU,2003.0,ALGER,ACHAT,PRÊT EXTERNE,ENSIA
1743,SYSTEMES EXPERTS : ORGANISATION ET PROGRAMMATION DES BASES DE CONNAISSANCE EN CACUL PROSITIONNEL,DELAHAYE .J.P,UNKNOWN_EDITOR,1987.0,PARIS,ACHAT,CONSULTATION SUR PLACE,ENSIA
1744,SYSTEMES EXPERTS : ORGANISATION ET PROGRAMMATION DES BASES DE CONNAISSANCE EN CACUL PROSITIONNEL,DELAHAYE .J.P,UNKNOWN_EDITOR,1987.0,PARIS,ACHAT,PRÊT EXTERNE,ENSIA
3875,"SYSTEMS ANALYSIS AND DESIGN: AN OBJECT-ORIENTED APPROACH WITH UML 6TH EDITION,","DENNIS,ALAN",UNKNOWN_EDITOR,2019.0,UNKNOWN_LOCATION,ACHAT,PRÊT EXTERNE,ENSIA
393,SYSTEMS DESIGN FOR REMOTE HEALTHCARE,"MAHARATNA, KOUSHIK",SPRINGER,2014.0,USA,ACHAT,PRÊT EXTERNE,ENSIA
4122,SYSTÈMES D'EXPLOITATION : UNE APPROCHE PRATIQUE,MOHAMED BENMAIZA,OPU,2016.0,ALGER,ACHAT,PRÊT EXTERNE,ENSIA
4123,SYSTÈMES D'EXPLOITATION : UNE APPROCHE PRATIQUE,MOHAMED BENMAIZA,OPU,2016.0,ALGER,ACHAT,PRÊT EXTERNE,ENSIA
4121,SYSTÈMES D'EXPLOITATION : UNE APPROCHE PRATIQUE,MOHAMED BENMAIZA,OPU,2016.0,ALGER,ACHAT,PRÊT EXTERNE,ENSIA
200,SYSTÈMES D'EXPLOITATION : UNE APPROCHE PRATIQUE,MOHAMED BENMAIZA,OPU,2016.0,ALGER,ACHAT,PRÊT EXTERNE,ENSIA
3373,SYSTÈMES D'EXPLOITATION : UNE APPROCHE PRATIQUE,MOHAMED BENMAIZA,OPU,2016.0,ALGER,ACHAT,PRÊT EXTERNE,ENSIA
4120,SYSTÈMES D'EXPLOITATION : UNE APPROCHE PRATIQUE,MOHAMED BENMAIZA,OPU,2016.0,ALGER,ACHAT,PRÊT EXTERNE,ENSIA
3372,SYSTÈMES D'EXPLOITATION : UNE APPROCHE PRATIQUE,MOHAMED BENMAIZA,OPU,2016.0,ALGER,ACHAT,PRÊT EXTERNE,ENSIA
3371,SYSTÈMES D'EXPLOITATION : UNE APPROCHE PRATIQUE,MOHAMED BENMAIZA,OPU,2016.0,ALGER,ACHAT,PRÊT EXTERNE,ENSIA
3370,SYSTÈMES D'EXPLOITATION : UNE APPROCHE PRATIQUE,MOHAMED BENMAIZA,OPU,2016.0,ALGER,ACHAT,PRÊT EXTERNE,ENSIA
3369,SYSTÈMES D'EXPLOITATION : UNE APPROCHE PRATIQUE,MOHAMED BENMAIZA,OPU,2016.0,ALGER,ACHAT,PRÊT EXTERNE,ENSIA
3368,SYSTÈMES D'EXPLOITATION : UNE APPROCHE PRATIQUE,MOHAMED BENMAIZA,OPU,2016.0,ALGER,ACHAT,PRÊT EXTERNE,ENSIA
3367,SYSTÈMES D'EXPLOITATION : UNE APPROCHE PRATIQUE,MOHAMED BENMAIZA,OPU,2016.0,ALGER,ACHAT,PRÊT EXTERNE,ENSIA
3030,SYSTÈMES D'EXPLOITATION : UNE APPROCHE PRATIQUE,MOHAMED BENMAIZA,OPU,2016.0,ALGER,ACHAT,PRÊT EXTERNE,ENSIA
3031,SYSTÈMES D'EXPLOITATION : UNE APPROCHE PRATIQUE,MOHAMED BENMAIZA,OPU,2016.0,ALGER,ACHAT,PRÊT EXTERNE,ENSIA
3032,SYSTÈMES D'EXPLOITATION : UNE APPROCHE PRATIQUE,MOHAMED BENMAIZA,OPU,2016.0,ALGER,ACHAT,PRÊT EXTERNE,ENSIA
3033,SYSTÈMES D'EXPLOITATION : UNE APPROCHE PRATIQUE,MOHAMED BENMAIZA,OPU,2016.0,ALGER,ACHAT,PRÊT EXTERNE,ENSIA
3034,SYSTÈMES D'EXPLOITATION : UNE APPROCHE PRATIQUE,MOHAMED BENMAIZA,OPU,2016.0,ALGER,ACHAT,PRÊT EXTERNE,ENSIA
3035,SYSTÈMES D'EXPLOITATION : UNE APPROCHE PRATIQUE,MOHAMED BENMAIZA,OPU,2016.0,ALGER,ACHAT,PRÊT EXTERNE,ENSIA
3036,SYSTÈMES D'EXPLOITATION : UNE APPROCHE PRATIQUE,MOHAMED BENMAIZA,OPU,2016.0,ALGER,ACHAT,PRÊT EXTERNE,ENSIA
3037,SYSTÈMES D'EXPLOITATION : UNE APPROCHE PRATIQUE,MOHAMED BENMAIZA,OPU,2016.0,ALGER,ACHAT,PRÊT EXTERNE,ENSIA
3038,SYSTÈMES D'EXPLOITATION : UNE APPROCHE PRATIQUE,MOHAMED BENMAIZA,OPU,2016.0,ALGER,ACHAT,PRÊT EXTERNE,ENSIA
3039,SYSTÈMES D'EXPLOITATION : UNE APPROCHE PRATIQUE,MOHAMED BENMAIZA,OPU,2016.0,ALGER,ACHAT,PRÊT EXTERNE,ENSIA
3374,SYSTÈMES D'EXPLOITATION : UNE APPROCHE PRATIQUE,MOHAMED BENMAIZA,OPU,2016.0,ALGER,ACHAT,PRÊT EXTERNE,ENSIA
3375,SYSTÈMES D'EXPLOITATION : UNE APPROCHE PRATIQUE,MOHAMED BENMAIZA,OPU,2016.0,ALGER,ACHAT,PRÊT EXTERNE,ENSIA
3376,SYSTÈMES D'EXPLOITATION : UNE APPROCHE PRATIQUE,MOHAMED BENMAIZA,OPU,2016.0,ALGER,ACHAT,PRÊT EXTERNE,ENSIA
3378,SYSTÈMES D'EXPLOITATION : UNE APPROCHE PRATIQUE,MOHAMED BENMAIZA,OPU,2016.0,ALGER,ACHAT,PRÊT EXTERNE,ENSIA
4119,SYSTÈMES D'EXPLOITATION : UNE APPROCHE PRATIQUE,MOHAMED BENMAIZA,OPU,2016.0,ALGER,ACHAT,PRÊT EXTERNE,ENSIA
3377,SYSTÈMES D'EXPLOITATION : UNE APPROCHE PRATIQUE,MOHAMED BENMAIZA,OPU,2016.0,ALGER,ACHAT,PRÊT EXTERNE,ENSIA
197,SYSTÈMES D'EXPLOITATION : UNE APPROCHE PRATIQUE,MOHAMED BENMAIZA,OPU,2016.0,ALGER,ACHAT,CONSULTATION SUR PLACE,ENSIA
198,SYSTÈMES D'EXPLOITATION : UNE APPROCHE PRATIQUE,MOHAMED BENMAIZA,OPU,2016.0,ALGER,ACHAT,PRÊT EXTERNE,ENSIA
199,SYSTÈMES D'EXPLOITATION : UNE APPROCHE PRATIQUE,MOHAMED BENMAIZA,OPU,2016.0,ALGER,ACHAT,PRÊT EXTERNE,ENSIA
4118,SYSTÈMES D'EXPLOITATION : UNE APPROCHE PRATIQUE,MOHAMED BENMAIZA,OPU,2016.0,ALGER,ACHAT,PRÊT EXTERNE,ENSIA
3380,SYSTÈMES D'EXPLOITATION : UNE APPROCHE PRATIQUE,MOHAMED BENMAIZA,OPU,2016.0,ALGER,ACHAT,PRÊT EXTERNE,ENSIA
3379,SYSTÈMES D'EXPLOITATION : UNE APPROCHE PRATIQUE,MOHAMED BENMAIZA,OPU,2016.0,ALGER,ACHAT,PRÊT EXTERNE,ENSIA
1173,SYSTÈMES TEMPS RÉEL. 1 : TECHNIQUES DE DESCRIPTION ET DE VÉRIFICATION,NAVET ; NICOLAS,UNKNOWN_EDITOR,2006.0,PARIS,ACHAT,PRÊT EXTERNE,ENSIA
1174,SYSTÈMES TEMPS RÉEL. 1 : TECHNIQUES DE DESCRIPTION ET DE VÉRIFICATION,NAVET ; NICOLAS,UNKNOWN_EDITOR,2006.0,PARIS,ACHAT,PRÊT EXTERNE,ENSIA
1175,SYSTÈMES TEMPS RÉEL. 1 : TECHNIQUES DE DESCRIPTION ET DE VÉRIFICATION,NAVET ; NICOLAS,UNKNOWN_EDITOR,2006.0,PARIS,ACHAT,PRÊT EXTERNE,ENSIA
577,SYSTÈMES ÉLECTRONIQUES EMBARQUÉS ET TRANSPORTS,"LOUVEL, PHILIPPE",UNKNOWN_EDITOR,2021.0,UNKNOWN_LOCATION,ACHAT,PRÊT EXTERNE,ENSIA
576,SYSTÈMES ÉLECTRONIQUES EMBARQUÉS ET TRANSPORTS,"LOUVEL, PHILIPPE",UNKNOWN_EDITOR,2021.0,UNKNOWN_LOCATION,ACHAT,CONSULTATION SUR PLACE,ENSIA
578,SYSTÈMES ÉLECTRONIQUES EMBARQUÉS ET TRANSPORTS,"LOUVEL, PHILIPPE",UNKNOWN_EDITOR,2021.0,UNKNOWN_LOCATION,ACHAT,PRÊT EXTERNE,ENSIA
1217,SYSTÉMES D'EXPLOITATION,ARCHER HARRIS .J,UNKNOWN_EDITOR,2002.0,PARIS,DON,PRÊT EXTERNE,ENSIA
1219,SYSTÉMES D'EXPLOITATION,ARCHER HARRIS .J,UNKNOWN_EDITOR,2002.0,PARIS,ACHAT,PRÊT EXTERNE,ENSIA
1218,SYSTÉMES D'EXPLOITATION,ARCHER HARRIS .J,UNKNOWN_EDITOR,2002.0,PARIS,DON,PRÊT EXTERNE,ENSIA
1216,SYSTÉMES D'EXPLOITATION,ARCHER HARRIS .J,UNKNOWN_EDITOR,2002.0,PARIS,DON,PRÊT EXTERNE,ENSIA
741,SÉCURITÉ INFORMATIQUE : PRINCIPES ET MÉTHODE,"BLOCH, LAURENT",EYROLLES,2006.0,PARIS,DON,PRÊT EXTERNE,ENSIA
760,SÉCURITÉ INFORMATIQUE ET RÉSEAUX : COURS ET EXERCICES CORRIGÉS,"GHERNAOUTI-HÉLIE, SOLANGE",DUNOD,2006.0,PARIS,DON,PRÊT EXTERNE,ENSIA
761,SÉCURITÉ INFORMATIQUE ET RÉSEAUX : LICENCE 3 ANNÉE MASTER ECOLES D'INGÉNIEURS,"GHERNAOUTI-HÉLIE, SOLANGE",DUNOD,2008.0,PARIS,PASSIF,PRÊT EXTERNE,ENSIA
212,SÉRIES : COURS ET EXERCICES RÉSOLUS,SALAH. DERRADJI,OPU,2015.0,ALGER,ACHAT,PRÊT EXTERNE,ENSIA
211,SÉRIES : COURS ET EXERCICES RÉSOLUS,SALAH. DERRADJI,OPU,2015.0,ALGER,ACHAT,CONSULTATION SUR PLACE,ENSIA
213,SÉRIES : COURS ET EXERCICES RÉSOLUS,SALAH. DERRADJI,OPU,2015.0,ALGER,ACHAT,PRÊT EXTERNE,ENSIA
2988,SÉRIES : COURS ET EXERCICES RÉSOLUS,SALAH. DERRADJI,OPU,2015.0,ALGER,ACHAT,PRÊT EXTERNE,ENSIA
4135,SÉRIES : COURS ET EXERCICES RÉSOLUS,SALAH. DERRADJI,OPU,2015.0,ALGER,ACHAT,PRÊT EXTERNE,ENSIA
4137,SÉRIES : COURS ET EXERCICES RÉSOLUS,SALAH. DERRADJI,OPU,2015.0,ALGER,ACHAT,PRÊT EXTERNE,ENSIA
4136,SÉRIES : COURS ET EXERCICES RÉSOLUS,SALAH. DERRADJI,OPU,2015.0,ALGER,ACHAT,PRÊT EXTERNE,ENSIA
3392,SÉRIES : COURS ET EXERCICES RÉSOLUS,SALAH. DERRADJI,OPU,2015.0,ALGER,ACHAT,PRÊT EXTERNE,ENSIA
4134,SÉRIES : COURS ET EXERCICES RÉSOLUS,SALAH. DERRADJI,OPU,2015.0,ALGER,ACHAT,PRÊT EXTERNE,ENSIA
4133,SÉRIES : COURS ET EXERCICES RÉSOLUS,SALAH. DERRADJI,OPU,2015.0,ALGER,ACHAT,PRÊT EXTERNE,ENSIA
4132,SÉRIES : COURS ET EXERCICES RÉSOLUS,SALAH. DERRADJI,OPU,2015.0,ALGER,ACHAT,PRÊT EXTERNE,ENSIA
4131,SÉRIES : COURS ET EXERCICES RÉSOLUS,SALAH. DERRADJI,OPU,2015.0,ALGER,ACHAT,PRÊT EXTERNE,ENSIA
4130,SÉRIES : COURS ET EXERCICES RÉSOLUS,SALAH. DERRADJI,OPU,2015.0,ALGER,ACHAT,PRÊT EXTERNE,ENSIA
4129,SÉRIES : COURS ET EXERCICES RÉSOLUS,SALAH. DERRADJI,OPU,2015.0,ALGER,ACHAT,PRÊT EXTERNE,ENSIA
4128,SÉRIES : COURS ET EXERCICES RÉSOLUS,SALAH. DERRADJI,OPU,2015.0,ALGER,ACHAT,PRÊT EXTERNE,ENSIA
4127,SÉRIES : COURS ET EXERCICES RÉSOLUS,SALAH. DERRADJI,OPU,2015.0,ALGER,ACHAT,PRÊT EXTERNE,ENSIA
4126,SÉRIES : COURS ET EXERCICES RÉSOLUS,SALAH. DERRADJI,OPU,2015.0,ALGER,ACHAT,PRÊT EXTERNE,ENSIA
4125,SÉRIES : COURS ET EXERCICES RÉSOLUS,SALAH. DERRADJI,OPU,2015.0,ALGER,ACHAT,PRÊT EXTERNE,ENSIA
4124,SÉRIES : COURS ET EXERCICES RÉSOLUS,SALAH. DERRADJI,OPU,2015.0,ALGER,ACHAT,PRÊT EXTERNE,ENSIA
3409,SÉRIES : COURS ET EXERCICES RÉSOLUS,SALAH. DERRADJI,OPU,2015.0,ALGER,ACHAT,PRÊT EXTERNE,ENSIA
3408,SÉRIES : COURS ET EXERCICES RÉSOLUS,SALAH. DERRADJI,OPU,2015.0,ALGER,ACHAT,PRÊT EXTERNE,ENSIA
3407,SÉRIES : COURS ET EXERCICES RÉSOLUS,SALAH. DERRADJI,OPU,2015.0,ALGER,ACHAT,PRÊT EXTERNE,ENSIA
3393,SÉRIES : COURS ET EXERCICES RÉSOLUS,SALAH. DERRADJI,OPU,2015.0,ALGER,ACHAT,PRÊT EXTERNE,ENSIA
3394,SÉRIES : COURS ET EXERCICES RÉSOLUS,SALAH. DERRADJI,OPU,2015.0,ALGER,ACHAT,PRÊT EXTERNE,ENSIA
3395,SÉRIES : COURS ET EXERCICES RÉSOLUS,SALAH. DERRADJI,OPU,2015.0,ALGER,ACHAT,PRÊT EXTERNE,ENSIA
3396,SÉRIES : COURS ET EXERCICES RÉSOLUS,SALAH. DERRADJI,OPU,2015.0,ALGER,ACHAT,PRÊT EXTERNE,ENSIA
3397,SÉRIES : COURS ET EXERCICES RÉSOLUS,SALAH. DERRADJI,OPU,2015.0,ALGER,ACHAT,PRÊT EXTERNE,ENSIA
3398,SÉRIES : COURS ET EXERCICES RÉSOLUS,SALAH. DERRADJI,OPU,2015.0,ALGER,ACHAT,PRÊT EXTERNE,ENSIA
2989,SÉRIES : COURS ET EXERCICES RÉSOLUS,SALAH. DERRADJI,OPU,2015.0,ALGER,ACHAT,PRÊT EXTERNE,ENSIA
3399,SÉRIES : COURS ET EXERCICES RÉSOLUS,SALAH. DERRADJI,OPU,2015.0,ALGER,ACHAT,PRÊT EXTERNE,ENSIA
3401,SÉRIES : COURS ET EXERCICES RÉSOLUS,SALAH. DERRADJI,OPU,2015.0,ALGER,ACHAT,PRÊT EXTERNE,ENSIA
3402,SÉRIES : COURS ET EXERCICES RÉSOLUS,SALAH. DERRADJI,OPU,2015.0,ALGER,ACHAT,PRÊT EXTERNE,ENSIA
3403,SÉRIES : COURS ET EXERCICES RÉSOLUS,SALAH. DERRADJI,OPU,2015.0,ALGER,ACHAT,PRÊT EXTERNE,ENSIA
3404,SÉRIES : COURS ET EXERCICES RÉSOLUS,SALAH. DERRADJI,OPU,2015.0,ALGER,ACHAT,PRÊT EXTERNE,ENSIA
3405,SÉRIES : COURS ET EXERCICES RÉSOLUS,SALAH. DERRADJI,OPU,2015.0,ALGER,ACHAT,PRÊT EXTERNE,ENSIA
3406,SÉRIES : COURS ET EXERCICES RÉSOLUS,SALAH. DERRADJI,OPU,2015.0,ALGER,ACHAT,PRÊT EXTERNE,ENSIA
3400,SÉRIES : COURS ET EXERCICES RÉSOLUS,SALAH. DERRADJI,OPU,2015.0,ALGER,ACHAT,PRÊT EXTERNE,ENSIA
2987,SÉRIES : COURS ET EXERCICES RÉSOLUS,SALAH. DERRADJI,OPU,2015.0,ALGER,ACHAT,PRÊT EXTERNE,ENSIA
3391,SÉRIES : COURS ET EXERCICES RÉSOLUS,SALAH. DERRADJI,OPU,2015.0,ALGER,ACHAT,PRÊT EXTERNE,ENSIA
2985,SÉRIES : COURS ET EXERCICES RÉSOLUS,SALAH. DERRADJI,OPU,2015.0,ALGER,ACHAT,PRÊT EXTERNE,ENSIA
4141,SÉRIES : COURS ET EXERCICES RÉSOLUS,SALAH. DERRADJI,OPU,2015.0,ALGER,ACHAT,PRÊT EXTERNE,ENSIA
4142,SÉRIES : COURS ET EXERCICES RÉSOLUS,SALAH. DERRADJI,OPU,2015.0,ALGER,ACHAT,PRÊT EXTERNE,ENSIA
4143,SÉRIES : COURS ET EXERCICES RÉSOLUS,SALAH. DERRADJI,OPU,2015.0,ALGER,ACHAT,PRÊT EXTERNE,ENSIA
4144,SÉRIES : COURS ET EXERCICES RÉSOLUS,SALAH. DERRADJI,OPU,2015.0,ALGER,ACHAT,PRÊT EXTERNE,ENSIA
4145,SÉRIES : COURS ET EXERCICES RÉSOLUS,SALAH. DERRADJI,OPU,2015.0,ALGER,ACHAT,PRÊT EXTERNE,ENSIA
4146,SÉRIES : COURS ET EXERCICES RÉSOLUS,SALAH. DERRADJI,OPU,2015.0,ALGER,ACHAT,PRÊT EXTERNE,ENSIA
4147,SÉRIES : COURS ET EXERCICES RÉSOLUS,SALAH. DERRADJI,OPU,2015.0,ALGER,ACHAT,PRÊT EXTERNE,ENSIA
4148,SÉRIES : COURS ET EXERCICES RÉSOLUS,SALAH. DERRADJI,OPU,2015.0,ALGER,ACHAT,PRÊT EXTERNE,ENSIA
4149,SÉRIES : COURS ET EXERCICES RÉSOLUS,SALAH. DERRADJI,OPU,2015.0,ALGER,ACHAT,PRÊT EXTERNE,ENSIA
4150,SÉRIES : COURS ET EXERCICES RÉSOLUS,SALAH. DERRADJI,OPU,2015.0,ALGER,ACHAT,PRÊT EXTERNE,ENSIA
214,SÉRIES : COURS ET EXERCICES RÉSOLUS,SALAH. DERRADJI,OPU,2015.0,ALGER,ACHAT,PRÊT EXTERNE,ENSIA
4151,SÉRIES : COURS ET EXERCICES RÉSOLUS,SALAH. DERRADJI,OPU,2015.0,ALGER,ACHAT,PRÊT EXTERNE,ENSIA
4152,SÉRIES : COURS ET EXERCICES RÉSOLUS,SALAH. DERRADJI,OPU,2015.0,ALGER,ACHAT,PRÊT EXTERNE,ENSIA
4153,SÉRIES : COURS ET EXERCICES RÉSOLUS,SALAH. DERRADJI,OPU,2015.0,ALGER,ACHAT,PRÊT EXTERNE,ENSIA
4154,SÉRIES : COURS ET EXERCICES RÉSOLUS,SALAH. DERRADJI,OPU,2015.0,ALGER,ACHAT,PRÊT EXTERNE,ENSIA
2986,SÉRIES : COURS ET EXERCICES RÉSOLUS,SALAH. DERRADJI,OPU,2015.0,ALGER,ACHAT,PRÊT EXTERNE,ENSIA
4139,SÉRIES : COURS ET EXERCICES RÉSOLUS,SALAH. DERRADJI,OPU,2015.0,ALGER,ACHAT,PRÊT EXTERNE,ENSIA
4140,SÉRIES : COURS ET EXERCICES RÉSOLUS,SALAH. DERRADJI,OPU,2015.0,ALGER,ACHAT,PRÊT EXTERNE,ENSIA
2981,SÉRIES : COURS ET EXERCICES RÉSOLUS,SALAH. DERRADJI,OPU,2015.0,ALGER,ACHAT,PRÊT EXTERNE,ENSIA
2984,SÉRIES : COURS ET EXERCICES RÉSOLUS,SALAH. DERRADJI,OPU,2015.0,ALGER,ACHAT,PRÊT EXTERNE,ENSIA
2983,SÉRIES : COURS ET EXERCICES RÉSOLUS,SALAH. DERRADJI,OPU,2015.0,ALGER,ACHAT,PRÊT EXTERNE,ENSIA
2982,SÉRIES : COURS ET EXERCICES RÉSOLUS,SALAH. DERRADJI,OPU,2015.0,ALGER,ACHAT,PRÊT EXTERNE,ENSIA
2980,SÉRIES : COURS ET EXERCICES RÉSOLUS,SALAH. DERRADJI,OPU,2015.0,ALGER,ACHAT,PRÊT EXTERNE,ENSIA
4138,SÉRIES : COURS ET EXERCICES RÉSOLUS,SALAH. DERRADJI,OPU,2015.0,ALGER,ACHAT,PRÊT EXTERNE,ENSIA
766,TABLEAUX DE BORD DE LA SÉCURITÉ RÉSEAUX,"LIORENS, CÉDRIC",EYROLLES,2006.0,PARIS,DON,PRÊT EXTERNE,ENSIA
1122,TABLES : DES CARR2S ET DES CUBES DES LONGUEURS DES CIRCONF2RENCES ET DES SURFACES DES CERCLES DES VALEURS NATURELLES DES EXPRESSIONS TRIGONOM2TRIQUES,CLAUDEL.J,UNKNOWN_EDITOR,1968.0,PARIS,DON,PRÊT EXTERNE,ENSIA
1123,TABLES : DES CARR2S ET DES CUBES DES LONGUEURS DES CIRCONF2RENCES ET DES SURFACES DES CERCLES DES VALEURS NATURELLES DES EXPRESSIONS TRIGONOM2TRIQUES,CLAUDEL.J,UNKNOWN_EDITOR,1968.0,PARIS,DON,PRÊT EXTERNE,ENSIA
318,TECHNIQUES DE COMPRESSION D'IMAGES,"AOUED,BOUKELIF",OPU,2013.0,ALAGER,ACHAT,PRÊT EXTERNE,ENSIA
317,TECHNIQUES DE COMPRESSION D'IMAGES,"AOUED,BOUKELIF",OPU,2013.0,ALAGER,ACHAT,PRÊT EXTERNE,ENSIA
581,TECHNIQUES DE PRISE DE SON,"CAPLAIN, ROBERT",UNKNOWN_EDITOR,UNKNOWN_YEAR,UNKNOWN_LOCATION,ACHAT,PRÊT EXTERNE,ENSIA
580,TECHNIQUES DE PRISE DE SON,"CAPLAIN, ROBERT",UNKNOWN_EDITOR,UNKNOWN_YEAR,UNKNOWN_LOCATION,ACHAT,PRÊT EXTERNE,ENSIA
579,TECHNIQUES DE PRISE DE SON,"CAPLAIN, ROBERT",UNKNOWN_EDITOR,UNKNOWN_YEAR,UNKNOWN_LOCATION,ACHAT,CONSULTATION SUR PLACE,ENSIA
551,TECHNOLOGIE DES INSTALLATIONS FRIGORIFIQUES,"RAPIN, PIERRE",UNKNOWN_EDITOR,2021,UNKNOWN_LOCATION,ACHAT,PRÊT EXTERNE,ENSIA
550,TECHNOLOGIE DES INSTALLATIONS FRIGORIFIQUES,"RAPIN, PIERRE",UNKNOWN_EDITOR,2021,UNKNOWN_LOCATION,ACHAT,PRÊT EXTERNE,ENSIA
549,TECHNOLOGIE DES INSTALLATIONS FRIGORIFIQUES,"RAPIN, PIERRE",UNKNOWN_EDITOR,2021,UNKNOWN_LOCATION,ACHAT,CONSULTATION SUR PLACE,ENSIA
790,"TECHNOLOGIE DES ORDINATEURS ET DES RÉSEAUX : COURS ET EXERCICES CORRIGÉS DUT, BTS","GOUPILLE, PIERRE-ALAIN",DUNOD,2010.0,PARIS,PASSIF,PRÊT EXTERNE,ENSIA
553,"TECHNOLOGIES DES VOITURES ÉLECTRIQUES : MOTORISATIONS, BATTERIES, HYDROGÈNE, RECHARGE ET INTERACTIONS RÉSEAU","JUTON, ANTHONY",UNKNOWN_EDITOR,2021.0,UNKNOWN_LOCATION,ACHAT,PRÊT EXTERNE,ENSIA
552,"TECHNOLOGIES DES VOITURES ÉLECTRIQUES : MOTORISATIONS, BATTERIES, HYDROGÈNE, RECHARGE ET INTERACTIONS RÉSEAU","JUTON, ANTHONY",UNKNOWN_EDITOR,2021.0,UNKNOWN_LOCATION,ACHAT,CONSULTATION SUR PLACE,ENSIA
554,"TECHNOLOGIES DES VOITURES ÉLECTRIQUES : MOTORISATIONS, BATTERIES, HYDROGÈNE, RECHARGE ET INTERACTIONS RÉSEAU","JUTON, ANTHONY",UNKNOWN_EDITOR,2021.0,UNKNOWN_LOCATION,ACHAT,PRÊT EXTERNE,ENSIA
608,THE ANTHROPOLOGY OF ARGUMENT: CULTURAL FOUNDATIONS OF RHETORIC AND REASON,"TINDALE, CHRISTOPHER W",ROUTLEDGE,2021.0,USA,ACHAT,PRÊT EXTERNE,ENSIA
609,THE ANTHROPOLOGY OF ARGUMENT: CULTURAL FOUNDATIONS OF RHETORIC AND REASON,"TINDALE, CHRISTOPHER W",ROUTLEDGE,2021.0,USA,ACHAT,PRÊT EXTERNE,ENSIA
395,"THE FUTURE OF WIRELESS NETWORKS: ARCHITECTURES, PROTOCOLS, AND SERVICES","GUIZANI, MOHESEN",CRC PRESS,2016.0,USA,ACHAT,PRÊT EXTERNE,ENSIA
394,"THE FUTURE OF WIRELESS NETWORKS: ARCHITECTURES, PROTOCOLS, AND SERVICES","GUIZANI, MOHESEN",CRC PRESS,2016.0,USA,ACHAT,PRÊT EXTERNE,ENSIA
3745,THE HUNDRED-PAGE MACHINE LEARNING BOOK,"BUKOV, ANDRIY",UNKNOWN_EDITOR,2019.0,UNKNOWN_LOCATION,ACHAT,CONSULTATION SUR PLACE,ENSIA
3746,THE HUNDRED-PAGE MACHINE LEARNING BOOK,"BUKOV, ANDRIY",UNKNOWN_EDITOR,2019.0,UNKNOWN_LOCATION,ACHAT,CONSULTATION SUR PLACE,ENSIA
602,THE ROUTLEDGE HANDBOOK OF THE ENGLISH WRITING SYSTEM,COOK VIVIAN,ROUTLEDGE,2016.0,USA,ACHAT,CONSULTATION SUR PLACE,ENSIA
603,THE ROUTLEDGE HANDBOOK OF THE ENGLISH WRITING SYSTEM,COOK VIVIAN,ROUTLEDGE,2016.0,USA,ACHAT,PRÊT EXTERNE,ENSIA
3412,THE UNITED STATES AND ALGERIA ( FROM GEORGE BUSH SR .TO BARACK HUSSE,UNKNOWN_AUTHOR,UNKNOWN_EDITOR,UNKNOWN_YEAR,UNKNOWN_LOCATION,ACHAT,PRÊT EXTERNE,ENSIA
3413,THE UNITED STATES AND ALGERIA ( FROM GEORGE BUSH SR .TO BARACK HUSSE,UNKNOWN_AUTHOR,UNKNOWN_EDITOR,UNKNOWN_YEAR,UNKNOWN_LOCATION,ACHAT,PRÊT EXTERNE,ENSIA
3414,THE UNITED STATES AND ALGERIA ( FROM GEORGE BUSH SR .TO BARACK HUSSE,UNKNOWN_AUTHOR,UNKNOWN_EDITOR,UNKNOWN_YEAR,UNKNOWN_LOCATION,ACHAT,PRÊT EXTERNE,ENSIA
3411,THE UNITED STATES AND ALGERIA ( FROM GEORGE BUSH SR .TO BARACK HUSSE,UNKNOWN_AUTHOR,UNKNOWN_EDITOR,UNKNOWN_YEAR,UNKNOWN_LOCATION,ACHAT,PRÊT EXTERNE,ENSIA
3410,THE UNITED STATES AND ALGERIA ( FROM GEORGE BUSH SR .TO BARACK HUSSE,UNKNOWN_AUTHOR,UNKNOWN_EDITOR,UNKNOWN_YEAR,UNKNOWN_LOCATION,ACHAT,PRÊT EXTERNE,ENSIA
78,THEORIE DE LA DECISION ÉLEMENTS DE COURS,KOUIDER BOUTALEB,OPU,UNKNOWN_YEAR,ALGER,ACHAT,CONSULTATION SUR PLACE,ENSIA
79,THEORIE DE LA DECISION ÉLEMENTS DE COURS,KOUIDER BOUTALEB,OPU,UNKNOWN_YEAR,ALGER,ACHAT,PRÊT EXTERNE,ENSIA
16,THEORIE DES LANGAGES,NOUREDDINE MYRIAM,OPU,2005.0,ALGERIE,ACHAT,PRÊT EXTERNE,ENSIA
17,THEORIE DES LANGAGES,NOUREDDINE MYRIAM,OPU,2005.0,ALGERIE,ACHAT,PRÊT EXTERNE,ENSIA
18,THEORIE DES LANGAGES,NOUREDDINE MYRIAM,OPU,2005.0,ALGERIE,ACHAT,PRÊT EXTERNE,ENSIA
15,THEORIE DES LANGAGES,NOUREDDINE MYRIAM,OPU,2005.0,ALGERIE,ACHAT,PRÊT EXTERNE,ENSIA
1729,THEORIE ET APPLICATIONS DU CALCUL DIFFERENTIEL ET INTEGRAL,"AYRES, FRANCK",UNKNOWN_EDITOR,1972.0,PARIS,DON,PRÊT EXTERNE,ENSIA
1384,THEORIE ET APPLICATIONS DU CALCUL DIFFERENTIEL ET INTEGRAL,AYRES JR FRANK,UNKNOWN_EDITOR,1986.0,PARIS,DON,PRÊT EXTERNE,ENSIA
1482,THEORIE ET PRATIQUE DES FONCTIONS D'UNE VARIABLE COMPLEXE : APPLICATION A LA PHYSIQUE DE LA TERRE AU GÉNIE PÉTROLIER,K.BADDARI,OPU,2011.0,ALGER,ACHAT,PRÊT EXTERNE,ENSIA
1486,THEORIE ET PRATIQUE DES FONCTIONS D'UNE VARIABLE COMPLEXE : APPLICATION A LA PHYSIQUE DE LA TERRE AU GÉNIE PÉTROLIER,K.BADDARI,OPU,2011.0,ALGER,ACHAT,PRÊT EXTERNE,ENSIA
1484,THEORIE ET PRATIQUE DES FONCTIONS D'UNE VARIABLE COMPLEXE : APPLICATION A LA PHYSIQUE DE LA TERRE AU GÉNIE PÉTROLIER,K.BADDARI,OPU,2011.0,ALGER,ACHAT,PRÊT EXTERNE,ENSIA
1485,THEORIE ET PRATIQUE DES FONCTIONS D'UNE VARIABLE COMPLEXE : APPLICATION A LA PHYSIQUE DE LA TERRE AU GÉNIE PÉTROLIER,K.BADDARI,OPU,2011.0,ALGER,ACHAT,PRÊT EXTERNE,ENSIA
1481,THEORIE ET PRATIQUE DES FONCTIONS D'UNE VARIABLE COMPLEXE : APPLICATION A LA PHYSIQUE DE LA TERRE AU GÉNIE PÉTROLIER,K.BADDARI,OPU,2011.0,ALGER,ACHAT,PRÊT EXTERNE,ENSIA
1487,THEORIE ET PRATIQUE DES FONCTIONS D'UNE VARIABLE COMPLEXE : APPLICATION A LA PHYSIQUE DE LA TERRE AU GÉNIE PÉTROLIER,K.BADDARI,OPU,2011.0,ALGER,ACHAT,PRÊT EXTERNE,ENSIA
3283,THEORIE ET PRATIQUE DES FONCTIONS D'UNE VARIABLE COMPLEXE : APPLICATION A LA PHYSIQUE DE LA TERRE AU GÉNIE PÉTROLIER,K.BADDARI,OPU,2011.0,ALGER,ACHAT,PRÊT EXTERNE,ENSIA
1489,THEORIE ET PRATIQUE DES FONCTIONS D'UNE VARIABLE COMPLEXE : APPLICATION A LA PHYSIQUE DE LA TERRE AU GÉNIE PÉTROLIER,K.BADDARI,OPU,2011.0,ALGER,ACHAT,PRÊT EXTERNE,ENSIA
1483,THEORIE ET PRATIQUE DES FONCTIONS D'UNE VARIABLE COMPLEXE : APPLICATION A LA PHYSIQUE DE LA TERRE AU GÉNIE PÉTROLIER,K.BADDARI,OPU,2011.0,ALGER,ACHAT,PRÊT EXTERNE,ENSIA
1480,THEORIE ET PRATIQUE DES FONCTIONS D'UNE VARIABLE COMPLEXE : APPLICATION A LA PHYSIQUE DE LA TERRE AU GÉNIE PÉTROLIER,K.BADDARI,OPU,2011.0,ALGER,ACHAT,CONSULTATION SUR PLACE,ENSIA
3284,THEORIE ET PRATIQUE DES FONCTIONS D'UNE VARIABLE COMPLEXE : APPLICATION A LA PHYSIQUE DE LA TERRE AU GÉNIE PÉTROLIER,K.BADDARI,OPU,2011.0,ALGER,ACHAT,PRÊT EXTERNE,ENSIA
3272,THEORIE ET PRATIQUE DES FONCTIONS D'UNE VARIABLE COMPLEXE : APPLICATION A LA PHYSIQUE DE LA TERRE AU GÉNIE PÉTROLIER,K.BADDARI,OPU,2011.0,ALGER,ACHAT,PRÊT EXTERNE,ENSIA
4092,THEORIE ET PRATIQUE DES FONCTIONS D'UNE VARIABLE COMPLEXE : APPLICATION A LA PHYSIQUE DE LA TERRE AU GÉNIE PÉTROLIER,K.BADDARI,OPU,2011.0,ALGER,ACHAT,PRÊT EXTERNE,ENSIA
4093,THEORIE ET PRATIQUE DES FONCTIONS D'UNE VARIABLE COMPLEXE : APPLICATION A LA PHYSIQUE DE LA TERRE AU GÉNIE PÉTROLIER,K.BADDARI,OPU,2011.0,ALGER,ACHAT,PRÊT EXTERNE,ENSIA
4094,THEORIE ET PRATIQUE DES FONCTIONS D'UNE VARIABLE COMPLEXE : APPLICATION A LA PHYSIQUE DE LA TERRE AU GÉNIE PÉTROLIER,K.BADDARI,OPU,2011.0,ALGER,ACHAT,PRÊT EXTERNE,ENSIA
4095,THEORIE ET PRATIQUE DES FONCTIONS D'UNE VARIABLE COMPLEXE : APPLICATION A LA PHYSIQUE DE LA TERRE AU GÉNIE PÉTROLIER,K.BADDARI,OPU,2011.0,ALGER,ACHAT,PRÊT EXTERNE,ENSIA
4096,THEORIE ET PRATIQUE DES FONCTIONS D'UNE VARIABLE COMPLEXE : APPLICATION A LA PHYSIQUE DE LA TERRE AU GÉNIE PÉTROLIER,K.BADDARI,OPU,2011.0,ALGER,ACHAT,PRÊT EXTERNE,ENSIA
4097,THEORIE ET PRATIQUE DES FONCTIONS D'UNE VARIABLE COMPLEXE : APPLICATION A LA PHYSIQUE DE LA TERRE AU GÉNIE PÉTROLIER,K.BADDARI,OPU,2011.0,ALGER,ACHAT,PRÊT EXTERNE,ENSIA
4098,THEORIE ET PRATIQUE DES FONCTIONS D'UNE VARIABLE COMPLEXE : APPLICATION A LA PHYSIQUE DE LA TERRE AU GÉNIE PÉTROLIER,K.BADDARI,OPU,2011.0,ALGER,ACHAT,PRÊT EXTERNE,ENSIA
3273,THEORIE ET PRATIQUE DES FONCTIONS D'UNE VARIABLE COMPLEXE : APPLICATION A LA PHYSIQUE DE LA TERRE AU GÉNIE PÉTROLIER,K.BADDARI,OPU,2011.0,ALGER,ACHAT,PRÊT EXTERNE,ENSIA
4099,THEORIE ET PRATIQUE DES FONCTIONS D'UNE VARIABLE COMPLEXE : APPLICATION A LA PHYSIQUE DE LA TERRE AU GÉNIE PÉTROLIER,K.BADDARI,OPU,2011.0,ALGER,ACHAT,PRÊT EXTERNE,ENSIA
4101,THEORIE ET PRATIQUE DES FONCTIONS D'UNE VARIABLE COMPLEXE : APPLICATION A LA PHYSIQUE DE LA TERRE AU GÉNIE PÉTROLIER,K.BADDARI,OPU,2011.0,ALGER,ACHAT,PRÊT EXTERNE,ENSIA
4102,THEORIE ET PRATIQUE DES FONCTIONS D'UNE VARIABLE COMPLEXE : APPLICATION A LA PHYSIQUE DE LA TERRE AU GÉNIE PÉTROLIER,K.BADDARI,OPU,2011.0,ALGER,ACHAT,PRÊT EXTERNE,ENSIA
4103,THEORIE ET PRATIQUE DES FONCTIONS D'UNE VARIABLE COMPLEXE : APPLICATION A LA PHYSIQUE DE LA TERRE AU GÉNIE PÉTROLIER,K.BADDARI,OPU,2011.0,ALGER,ACHAT,PRÊT EXTERNE,ENSIA
4104,THEORIE ET PRATIQUE DES FONCTIONS D'UNE VARIABLE COMPLEXE : APPLICATION A LA PHYSIQUE DE LA TERRE AU GÉNIE PÉTROLIER,K.BADDARI,OPU,2011.0,ALGER,ACHAT,PRÊT EXTERNE,ENSIA
4105,THEORIE ET PRATIQUE DES FONCTIONS D'UNE VARIABLE COMPLEXE : APPLICATION A LA PHYSIQUE DE LA TERRE AU GÉNIE PÉTROLIER,K.BADDARI,OPU,2011.0,ALGER,ACHAT,PRÊT EXTERNE,ENSIA
4106,THEORIE ET PRATIQUE DES FONCTIONS D'UNE VARIABLE COMPLEXE : APPLICATION A LA PHYSIQUE DE LA TERRE AU GÉNIE PÉTROLIER,K.BADDARI,OPU,2011.0,ALGER,ACHAT,PRÊT EXTERNE,ENSIA
3274,THEORIE ET PRATIQUE DES FONCTIONS D'UNE VARIABLE COMPLEXE : APPLICATION A LA PHYSIQUE DE LA TERRE AU GÉNIE PÉTROLIER,K.BADDARI,OPU,2011.0,ALGER,ACHAT,PRÊT EXTERNE,ENSIA
4100,THEORIE ET PRATIQUE DES FONCTIONS D'UNE VARIABLE COMPLEXE : APPLICATION A LA PHYSIQUE DE LA TERRE AU GÉNIE PÉTROLIER,K.BADDARI,OPU,2011.0,ALGER,ACHAT,PRÊT EXTERNE,ENSIA
4107,THEORIE ET PRATIQUE DES FONCTIONS D'UNE VARIABLE COMPLEXE : APPLICATION A LA PHYSIQUE DE LA TERRE AU GÉNIE PÉTROLIER,K.BADDARI,OPU,2011.0,ALGER,ACHAT,PRÊT EXTERNE,ENSIA
1488,THEORIE ET PRATIQUE DES FONCTIONS D'UNE VARIABLE COMPLEXE : APPLICATION A LA PHYSIQUE DE LA TERRE AU GÉNIE PÉTROLIER,K.BADDARI,OPU,2011.0,ALGER,ACHAT,PRÊT EXTERNE,ENSIA
3276,THEORIE ET PRATIQUE DES FONCTIONS D'UNE VARIABLE COMPLEXE : APPLICATION A LA PHYSIQUE DE LA TERRE AU GÉNIE PÉTROLIER,K.BADDARI,OPU,2011.0,ALGER,ACHAT,PRÊT EXTERNE,ENSIA
4110,THEORIE ET PRATIQUE DES FONCTIONS D'UNE VARIABLE COMPLEXE : APPLICATION A LA PHYSIQUE DE LA TERRE AU GÉNIE PÉTROLIER,K.BADDARI,OPU,2011.0,ALGER,ACHAT,PRÊT EXTERNE,ENSIA
4109,THEORIE ET PRATIQUE DES FONCTIONS D'UNE VARIABLE COMPLEXE : APPLICATION A LA PHYSIQUE DE LA TERRE AU GÉNIE PÉTROLIER,K.BADDARI,OPU,2011.0,ALGER,ACHAT,PRÊT EXTERNE,ENSIA
4108,THEORIE ET PRATIQUE DES FONCTIONS D'UNE VARIABLE COMPLEXE : APPLICATION A LA PHYSIQUE DE LA TERRE AU GÉNIE PÉTROLIER,K.BADDARI,OPU,2011.0,ALGER,ACHAT,PRÊT EXTERNE,ENSIA
3275,THEORIE ET PRATIQUE DES FONCTIONS D'UNE VARIABLE COMPLEXE : APPLICATION A LA PHYSIQUE DE LA TERRE AU GÉNIE PÉTROLIER,K.BADDARI,OPU,2011.0,ALGER,ACHAT,PRÊT EXTERNE,ENSIA
3297,THEORIE ET PRATIQUE DES FONCTIONS D'UNE VARIABLE COMPLEXE : APPLICATION A LA PHYSIQUE DE LA TERRE AU GÉNIE PÉTROLIER,K.BADDARI,OPU,2011.0,ALGER,ACHAT,PRÊT EXTERNE,ENSIA
3296,THEORIE ET PRATIQUE DES FONCTIONS D'UNE VARIABLE COMPLEXE : APPLICATION A LA PHYSIQUE DE LA TERRE AU GÉNIE PÉTROLIER,K.BADDARI,OPU,2011.0,ALGER,ACHAT,PRÊT EXTERNE,ENSIA
3295,THEORIE ET PRATIQUE DES FONCTIONS D'UNE VARIABLE COMPLEXE : APPLICATION A LA PHYSIQUE DE LA TERRE AU GÉNIE PÉTROLIER,K.BADDARI,OPU,2011.0,ALGER,ACHAT,PRÊT EXTERNE,ENSIA
4111,THEORIE ET PRATIQUE DES FONCTIONS D'UNE VARIABLE COMPLEXE : APPLICATION A LA PHYSIQUE DE LA TERRE AU GÉNIE PÉTROLIER,K.BADDARI,OPU,2011.0,ALGER,ACHAT,PRÊT EXTERNE,ENSIA
3294,THEORIE ET PRATIQUE DES FONCTIONS D'UNE VARIABLE COMPLEXE : APPLICATION A LA PHYSIQUE DE LA TERRE AU GÉNIE PÉTROLIER,K.BADDARI,OPU,2011.0,ALGER,ACHAT,PRÊT EXTERNE,ENSIA
3292,THEORIE ET PRATIQUE DES FONCTIONS D'UNE VARIABLE COMPLEXE : APPLICATION A LA PHYSIQUE DE LA TERRE AU GÉNIE PÉTROLIER,K.BADDARI,OPU,2011.0,ALGER,ACHAT,PRÊT EXTERNE,ENSIA
3291,THEORIE ET PRATIQUE DES FONCTIONS D'UNE VARIABLE COMPLEXE : APPLICATION A LA PHYSIQUE DE LA TERRE AU GÉNIE PÉTROLIER,K.BADDARI,OPU,2011.0,ALGER,ACHAT,PRÊT EXTERNE,ENSIA
3289,THEORIE ET PRATIQUE DES FONCTIONS D'UNE VARIABLE COMPLEXE : APPLICATION A LA PHYSIQUE DE LA TERRE AU GÉNIE PÉTROLIER,K.BADDARI,OPU,2011.0,ALGER,ACHAT,PRÊT EXTERNE,ENSIA
3288,THEORIE ET PRATIQUE DES FONCTIONS D'UNE VARIABLE COMPLEXE : APPLICATION A LA PHYSIQUE DE LA TERRE AU GÉNIE PÉTROLIER,K.BADDARI,OPU,2011.0,ALGER,ACHAT,PRÊT EXTERNE,ENSIA
3287,THEORIE ET PRATIQUE DES FONCTIONS D'UNE VARIABLE COMPLEXE : APPLICATION A LA PHYSIQUE DE LA TERRE AU GÉNIE PÉTROLIER,K.BADDARI,OPU,2011.0,ALGER,ACHAT,PRÊT EXTERNE,ENSIA
3286,THEORIE ET PRATIQUE DES FONCTIONS D'UNE VARIABLE COMPLEXE : APPLICATION A LA PHYSIQUE DE LA TERRE AU GÉNIE PÉTROLIER,K.BADDARI,OPU,2011.0,ALGER,ACHAT,PRÊT EXTERNE,ENSIA
3285,THEORIE ET PRATIQUE DES FONCTIONS D'UNE VARIABLE COMPLEXE : APPLICATION A LA PHYSIQUE DE LA TERRE AU GÉNIE PÉTROLIER,K.BADDARI,OPU,2011.0,ALGER,ACHAT,PRÊT EXTERNE,ENSIA
3293,THEORIE ET PRATIQUE DES FONCTIONS D'UNE VARIABLE COMPLEXE : APPLICATION A LA PHYSIQUE DE LA TERRE AU GÉNIE PÉTROLIER,K.BADDARI,OPU,2011.0,ALGER,ACHAT,PRÊT EXTERNE,ENSIA
4112,THEORIE ET PRATIQUE DES FONCTIONS D'UNE VARIABLE COMPLEXE : APPLICATION A LA PHYSIQUE DE LA TERRE AU GÉNIE PÉTROLIER,K.BADDARI,OPU,2011.0,ALGER,ACHAT,PRÊT EXTERNE,ENSIA
3298,THEORIE ET PRATIQUE DES FONCTIONS D'UNE VARIABLE COMPLEXE : APPLICATION A LA PHYSIQUE DE LA TERRE AU GÉNIE PÉTROLIER,K.BADDARI,OPU,2011.0,ALGER,ACHAT,PRÊT EXTERNE,ENSIA
4114,THEORIE ET PRATIQUE DES FONCTIONS D'UNE VARIABLE COMPLEXE : APPLICATION A LA PHYSIQUE DE LA TERRE AU GÉNIE PÉTROLIER,K.BADDARI,OPU,2011.0,ALGER,ACHAT,PRÊT EXTERNE,ENSIA
3277,THEORIE ET PRATIQUE DES FONCTIONS D'UNE VARIABLE COMPLEXE : APPLICATION A LA PHYSIQUE DE LA TERRE AU GÉNIE PÉTROLIER,K.BADDARI,OPU,2011.0,ALGER,ACHAT,PRÊT EXTERNE,ENSIA
3278,THEORIE ET PRATIQUE DES FONCTIONS D'UNE VARIABLE COMPLEXE : APPLICATION A LA PHYSIQUE DE LA TERRE AU GÉNIE PÉTROLIER,K.BADDARI,OPU,2011.0,ALGER,ACHAT,PRÊT EXTERNE,ENSIA
3279,THEORIE ET PRATIQUE DES FONCTIONS D'UNE VARIABLE COMPLEXE : APPLICATION A LA PHYSIQUE DE LA TERRE AU GÉNIE PÉTROLIER,K.BADDARI,OPU,2011.0,ALGER,ACHAT,PRÊT EXTERNE,ENSIA
3280,THEORIE ET PRATIQUE DES FONCTIONS D'UNE VARIABLE COMPLEXE : APPLICATION A LA PHYSIQUE DE LA TERRE AU GÉNIE PÉTROLIER,K.BADDARI,OPU,2011.0,ALGER,ACHAT,PRÊT EXTERNE,ENSIA
4113,THEORIE ET PRATIQUE DES FONCTIONS D'UNE VARIABLE COMPLEXE : APPLICATION A LA PHYSIQUE DE LA TERRE AU GÉNIE PÉTROLIER,K.BADDARI,OPU,2011.0,ALGER,ACHAT,PRÊT EXTERNE,ENSIA
3282,THEORIE ET PRATIQUE DES FONCTIONS D'UNE VARIABLE COMPLEXE : APPLICATION A LA PHYSIQUE DE LA TERRE AU GÉNIE PÉTROLIER,K.BADDARI,OPU,2011.0,ALGER,ACHAT,PRÊT EXTERNE,ENSIA
2030,THEORIE ET PRATIQUE DES FONCTIONS D'UNE VARIABLE COMPLEXE : APPLICATION A LA PHYSIQUE DE LA TERRE AU GÉNIE PÉTROLIER,K.BADDARI,OPU,2011.0,ALGER,ACHAT,PRÊT EXTERNE,ENSIA
2031,THEORIE ET PRATIQUE DES FONCTIONS D'UNE VARIABLE COMPLEXE : APPLICATION A LA PHYSIQUE DE LA TERRE AU GÉNIE PÉTROLIER,K.BADDARI,OPU,2011.0,ALGER,ACHAT,PRÊT EXTERNE,ENSIA
2032,THEORIE ET PRATIQUE DES FONCTIONS D'UNE VARIABLE COMPLEXE : APPLICATION A LA PHYSIQUE DE LA TERRE AU GÉNIE PÉTROLIER,K.BADDARI,OPU,2011.0,ALGER,ACHAT,PRÊT EXTERNE,ENSIA
3281,THEORIE ET PRATIQUE DES FONCTIONS D'UNE VARIABLE COMPLEXE : APPLICATION A LA PHYSIQUE DE LA TERRE AU GÉNIE PÉTROLIER,K.BADDARI,OPU,2011.0,ALGER,ACHAT,PRÊT EXTERNE,ENSIA
3290,THEORIE ET PRATIQUE DES FONCTIONS D'UNE VARIABLE COMPLEXE : APPLICATION A LA PHYSIQUE DE LA TERRE AU GÉNIE PÉTROLIER,K.BADDARI,OPU,2011.0,ALGER,ACHAT,PRÊT EXTERNE,ENSIA
2034,THEORIE ET PRATIQUE DES FONCTIONS D'UNE VARIABLE COMPLEXE : APPLICATION A LA PHYSIQUE DE LA TERRE AU GÉNIE PÉTROLIER,K.BADDARI,OPU,2011.0,ALGER,ACHAT,PRÊT EXTERNE,ENSIA
2035,THEORIE ET PRATIQUE DES FONCTIONS D'UNE VARIABLE COMPLEXE : APPLICATION A LA PHYSIQUE DE LA TERRE AU GÉNIE PÉTROLIER,K.BADDARI,OPU,2011.0,ALGER,ACHAT,PRÊT EXTERNE,ENSIA
2036,THEORIE ET PRATIQUE DES FONCTIONS D'UNE VARIABLE COMPLEXE : APPLICATION A LA PHYSIQUE DE LA TERRE AU GÉNIE PÉTROLIER,K.BADDARI,OPU,2011.0,ALGER,ACHAT,PRÊT EXTERNE,ENSIA
2037,THEORIE ET PRATIQUE DES FONCTIONS D'UNE VARIABLE COMPLEXE : APPLICATION A LA PHYSIQUE DE LA TERRE AU GÉNIE PÉTROLIER,K.BADDARI,OPU,2011.0,ALGER,ACHAT,PRÊT EXTERNE,ENSIA
2038,THEORIE ET PRATIQUE DES FONCTIONS D'UNE VARIABLE COMPLEXE : APPLICATION A LA PHYSIQUE DE LA TERRE AU GÉNIE PÉTROLIER,K.BADDARI,OPU,2011.0,ALGER,ACHAT,PRÊT EXTERNE,ENSIA
2033,THEORIE ET PRATIQUE DES FONCTIONS D'UNE VARIABLE COMPLEXE : APPLICATION A LA PHYSIQUE DE LA TERRE AU GÉNIE PÉTROLIER,K.BADDARI,OPU,2011.0,ALGER,ACHAT,PRÊT EXTERNE,ENSIA
2039,THEORIE ET PRATIQUE DES FONCTIONS D'UNE VARIABLE COMPLEXE : APPLICATION A LA PHYSIQUE DE LA TERRE AU GÉNIE PÉTROLIER,K.BADDARI,OPU,2011.0,ALGER,ACHAT,PRÊT EXTERNE,ENSIA
915,THERMODYNAMIQUE GÉNÉRALE ET APPLICATIONS : A L'USAGE DES ÉTUDIANTS DE MAITRISE DE PHYSIQUE ET DES ELÈVES INGENIEURS,"EL GOLLI , SALEM",CENTRE DE PUBLICATION UNIVERSITAIRE,2003.0,TUNISIS,DON,CONSULTATION SUR PLACE,ENSIA
916,THERMODYNAMIQUE GÉNÉRALE ET APPLICATIONS : A L'USAGE DES ÉTUDIANTS DE MAITRISE DE PHYSIQUE ET DES ELÈVES INGENIEURS,"EL GOLLI , SALEM",CENTRE DE PUBLICATION UNIVERSITAIRE,2003.0,TUNISIS,DON,PRÊT EXTERNE,ENSIA
917,THERMODYNAMIQUE GÉNÉRALE ET APPLICATIONS : A L'USAGE DES ÉTUDIANTS DE MAITRISE DE PHYSIQUE ET DES ELÈVES INGENIEURS,"EL GOLLI , SALEM",CENTRE DE PUBLICATION UNIVERSITAIRE,2003.0,TUNISIS,DON,PRÊT EXTERNE,ENSIA
1088,THÉORIE DES GRAPHES ET APPLICATIONS : VEC EXERCICES ET PROBLÈMES,"FOURNIER, JEAN-CLAUDE",UNKNOWN_EDITOR,2006.0,PARIS,ACHAT,PRÊT EXTERNE,ENSIA
1087,THÉORIE DES GRAPHES ET APPLICATIONS : VEC EXERCICES ET PROBLÈMES,"FOURNIER, JEAN-CLAUDE",UNKNOWN_EDITOR,2006.0,PARIS,ACHAT,PRÊT EXTERNE,ENSIA
827,THÉORIE ÉLÉMENTAIRE DU SIGNAL : RAPPEL DE COURS ET EXERCICES CORRIGÉS,"JOLIVET, LUC",HERMÈS SCIENCE PUBLICATIONS,2005.0,PARIS,DON,CONSULTATION SUR PLACE,ENSIA
1372,TOPOLOGIE ALGÉBRIQUE,ARTIN EMIL,UNKNOWN_EDITOR,1973.0,CANADA,ACHAT,PRÊT EXTERNE,ENSIA
1370,TOPOLOGIE ALGÉBRIQUE,ARTIN EMIL,UNKNOWN_EDITOR,1973.0,CANADA,ACHAT,PRÊT EXTERNE,ENSIA
1371,TOPOLOGIE ALGÉBRIQUE,ARTIN EMIL,UNKNOWN_EDITOR,1973.0,CANADA,ACHAT,PRÊT EXTERNE,ENSIA
1144,TOPOLOGIE ET D'ANALYSE TOME 1,FLORY.G,UNKNOWN_EDITOR,1978.0,PARIS,DON,PRÊT EXTERNE,ENSIA
1155,"TOPOLOGIE ÉLÉMENTAIRE : GÉOMÉTRIE DES FONCTIONS DE SEGMENTS,DE COURBES ,DE CERCLES ET DE DISQUES",CBINN.W.G,UNKNOWN_EDITOR,1970.0,PARIS,ACHAT,PRÊT EXTERNE,ENSIA
1141,"TOPOLOGIE ÉLÉMENTAIRE : GÉOMÉTRIE DES FONCTIONS DE SEGMENTS,DE COURBES ,DE CERCLES ET DE DISQUES",CBINN.W.G,UNKNOWN_EDITOR,1970.0,PARIS,ACHAT,PRÊT EXTERNE,ENSIA
1142,"TOPOLOGIE ÉLÉMENTAIRE : GÉOMÉTRIE DES FONCTIONS DE SEGMENTS,DE COURBES ,DE CERCLES ET DE DISQUES",CBINN.W.G,UNKNOWN_EDITOR,1970.0,PARIS,ACHAT,PRÊT EXTERNE,ENSIA
519,"TOUS LES CONTRATS EN AGRICULTURE : ANALYSER, REDIGER, PRATIQUER","MANTEAU, LIONEL",EDITIONS FRANCE AGRICOLE,2021.0,FRANCE,ACHAT,CONSULTATION SUR PLACE,ENSIA
520,"TOUS LES CONTRATS EN AGRICULTURE : ANALYSER, REDIGER, PRATIQUER","MANTEAU, LIONEL",EDITIONS FRANCE AGRICOLE,2021.0,FRANCE,ACHAT,PRÊT EXTERNE,ENSIA
521,"TOUS LES CONTRATS EN AGRICULTURE : ANALYSER, REDIGER, PRATIQUER","MANTEAU, LIONEL",EDITIONS FRANCE AGRICOLE,2021.0,FRANCE,ACHAT,PRÊT EXTERNE,ENSIA
1090,TOUS LES EXERCICES AALGEBRE ET DE GEOMETRIE PC-PSI POUR ASSIMOLER LE PROGRAMME SENTRIANER,LAAMRI EL-HAJ,EDISCIENCE,2008.0,PARIS,ACHAT,PRÊT EXTERNE,ENSIA
1089,TOUS LES EXERCICES AALGEBRE ET DE GEOMETRIE PC-PSI POUR ASSIMOLER LE PROGRAMME SENTRIANER,LAAMRI EL-HAJ,EDISCIENCE,2008.0,PARIS,ACHAT,CONSULTATION SUR PLACE,ENSIA
825,TOUT LE PROGRAMME DE MATHÉMATIQUE EN BCPTI 1 : AVEC 1000 EXERCICES ET PROBLÈMES,"CADET, FRÉDÉRIC",VUIBERT,2008.0,UNKNOWN_LOCATION,DON,PRÊT EXTERNE,ENSIA
2111,TOUT SUR R : ENSEMBLE DES NOMBRES REELS STRUCTURES ALGEBRIQUE ET TOPOLOGIQUE,HAZI MOHAMMED,UNKNOWN_EDITOR,2016.0,ALGER,ACHAT,PRÊT EXTERNE,ENSIA
2115,TOUT SUR R : ENSEMBLE DES NOMBRES REELS STRUCTURES ALGEBRIQUE ET TOPOLOGIQUE,HAZI MOHAMMED,UNKNOWN_EDITOR,2016.0,ALGER,ACHAT,PRÊT EXTERNE,ENSIA
2116,TOUT SUR R : ENSEMBLE DES NOMBRES REELS STRUCTURES ALGEBRIQUE ET TOPOLOGIQUE,HAZI MOHAMMED,UNKNOWN_EDITOR,2016.0,ALGER,ACHAT,PRÊT EXTERNE,ENSIA
2117,TOUT SUR R : ENSEMBLE DES NOMBRES REELS STRUCTURES ALGEBRIQUE ET TOPOLOGIQUE,HAZI MOHAMMED,UNKNOWN_EDITOR,2016.0,ALGER,ACHAT,PRÊT EXTERNE,ENSIA
2119,TOUT SUR R : ENSEMBLE DES NOMBRES REELS STRUCTURES ALGEBRIQUE ET TOPOLOGIQUE,HAZI MOHAMMED,UNKNOWN_EDITOR,2016.0,ALGER,ACHAT,PRÊT EXTERNE,ENSIA
2120,TOUT SUR R : ENSEMBLE DES NOMBRES REELS STRUCTURES ALGEBRIQUE ET TOPOLOGIQUE,HAZI MOHAMMED,UNKNOWN_EDITOR,2016.0,ALGER,ACHAT,PRÊT EXTERNE,ENSIA
2121,TOUT SUR R : ENSEMBLE DES NOMBRES REELS STRUCTURES ALGEBRIQUE ET TOPOLOGIQUE,HAZI MOHAMMED,UNKNOWN_EDITOR,2016.0,ALGER,ACHAT,PRÊT EXTERNE,ENSIA
2122,TOUT SUR R : ENSEMBLE DES NOMBRES REELS STRUCTURES ALGEBRIQUE ET TOPOLOGIQUE,HAZI MOHAMMED,UNKNOWN_EDITOR,2016.0,ALGER,ACHAT,PRÊT EXTERNE,ENSIA
2123,TOUT SUR R : ENSEMBLE DES NOMBRES REELS STRUCTURES ALGEBRIQUE ET TOPOLOGIQUE,HAZI MOHAMMED,UNKNOWN_EDITOR,2016.0,ALGER,ACHAT,PRÊT EXTERNE,ENSIA
2124,TOUT SUR R : ENSEMBLE DES NOMBRES REELS STRUCTURES ALGEBRIQUE ET TOPOLOGIQUE,HAZI MOHAMMED,UNKNOWN_EDITOR,2016.0,ALGER,ACHAT,PRÊT EXTERNE,ENSIA
2125,TOUT SUR R : ENSEMBLE DES NOMBRES REELS STRUCTURES ALGEBRIQUE ET TOPOLOGIQUE,HAZI MOHAMMED,UNKNOWN_EDITOR,2016.0,ALGER,ACHAT,PRÊT EXTERNE,ENSIA
2118,TOUT SUR R : ENSEMBLE DES NOMBRES REELS STRUCTURES ALGEBRIQUE ET TOPOLOGIQUE,HAZI MOHAMMED,UNKNOWN_EDITOR,2016.0,ALGER,ACHAT,PRÊT EXTERNE,ENSIA
2114,TOUT SUR R : ENSEMBLE DES NOMBRES REELS STRUCTURES ALGEBRIQUE ET TOPOLOGIQUE,HAZI MOHAMMED,UNKNOWN_EDITOR,2016.0,ALGER,ACHAT,PRÊT EXTERNE,ENSIA
2112,TOUT SUR R : ENSEMBLE DES NOMBRES REELS STRUCTURES ALGEBRIQUE ET TOPOLOGIQUE,HAZI MOHAMMED,UNKNOWN_EDITOR,2016.0,ALGER,ACHAT,PRÊT EXTERNE,ENSIA
2126,TOUT SUR R : ENSEMBLE DES NOMBRES REELS STRUCTURES ALGEBRIQUE ET TOPOLOGIQUE,HAZI MOHAMMED,UNKNOWN_EDITOR,2016.0,ALGER,ACHAT,PRÊT EXTERNE,ENSIA
2096,TOUT SUR R : ENSEMBLE DES NOMBRES REELS STRUCTURES ALGEBRIQUE ET TOPOLOGIQUE,HAZI MOHAMMED,UNKNOWN_EDITOR,2016.0,ALGER,ACHAT,PRÊT EXTERNE,ENSIA
2097,TOUT SUR R : ENSEMBLE DES NOMBRES REELS STRUCTURES ALGEBRIQUE ET TOPOLOGIQUE,HAZI MOHAMMED,UNKNOWN_EDITOR,2016.0,ALGER,ACHAT,PRÊT EXTERNE,ENSIA
2098,TOUT SUR R : ENSEMBLE DES NOMBRES REELS STRUCTURES ALGEBRIQUE ET TOPOLOGIQUE,HAZI MOHAMMED,UNKNOWN_EDITOR,2016.0,ALGER,ACHAT,PRÊT EXTERNE,ENSIA
2099,TOUT SUR R : ENSEMBLE DES NOMBRES REELS STRUCTURES ALGEBRIQUE ET TOPOLOGIQUE,HAZI MOHAMMED,UNKNOWN_EDITOR,2016.0,ALGER,ACHAT,PRÊT EXTERNE,ENSIA
2100,TOUT SUR R : ENSEMBLE DES NOMBRES REELS STRUCTURES ALGEBRIQUE ET TOPOLOGIQUE,HAZI MOHAMMED,UNKNOWN_EDITOR,2016.0,ALGER,ACHAT,PRÊT EXTERNE,ENSIA
2101,TOUT SUR R : ENSEMBLE DES NOMBRES REELS STRUCTURES ALGEBRIQUE ET TOPOLOGIQUE,HAZI MOHAMMED,UNKNOWN_EDITOR,2016.0,ALGER,ACHAT,PRÊT EXTERNE,ENSIA
2102,TOUT SUR R : ENSEMBLE DES NOMBRES REELS STRUCTURES ALGEBRIQUE ET TOPOLOGIQUE,HAZI MOHAMMED,UNKNOWN_EDITOR,2016.0,ALGER,ACHAT,PRÊT EXTERNE,ENSIA
2103,TOUT SUR R : ENSEMBLE DES NOMBRES REELS STRUCTURES ALGEBRIQUE ET TOPOLOGIQUE,HAZI MOHAMMED,UNKNOWN_EDITOR,2016.0,ALGER,ACHAT,PRÊT EXTERNE,ENSIA
2104,TOUT SUR R : ENSEMBLE DES NOMBRES REELS STRUCTURES ALGEBRIQUE ET TOPOLOGIQUE,HAZI MOHAMMED,UNKNOWN_EDITOR,2016.0,ALGER,ACHAT,PRÊT EXTERNE,ENSIA
2105,TOUT SUR R : ENSEMBLE DES NOMBRES REELS STRUCTURES ALGEBRIQUE ET TOPOLOGIQUE,HAZI MOHAMMED,UNKNOWN_EDITOR,2016.0,ALGER,ACHAT,PRÊT EXTERNE,ENSIA
2106,TOUT SUR R : ENSEMBLE DES NOMBRES REELS STRUCTURES ALGEBRIQUE ET TOPOLOGIQUE,HAZI MOHAMMED,UNKNOWN_EDITOR,2016.0,ALGER,ACHAT,PRÊT EXTERNE,ENSIA
2107,TOUT SUR R : ENSEMBLE DES NOMBRES REELS STRUCTURES ALGEBRIQUE ET TOPOLOGIQUE,HAZI MOHAMMED,UNKNOWN_EDITOR,2016.0,ALGER,ACHAT,PRÊT EXTERNE,ENSIA
2108,TOUT SUR R : ENSEMBLE DES NOMBRES REELS STRUCTURES ALGEBRIQUE ET TOPOLOGIQUE,HAZI MOHAMMED,UNKNOWN_EDITOR,2016.0,ALGER,ACHAT,PRÊT EXTERNE,ENSIA
2109,TOUT SUR R : ENSEMBLE DES NOMBRES REELS STRUCTURES ALGEBRIQUE ET TOPOLOGIQUE,HAZI MOHAMMED,UNKNOWN_EDITOR,2016.0,ALGER,ACHAT,PRÊT EXTERNE,ENSIA
2110,TOUT SUR R : ENSEMBLE DES NOMBRES REELS STRUCTURES ALGEBRIQUE ET TOPOLOGIQUE,HAZI MOHAMMED,UNKNOWN_EDITOR,2016.0,ALGER,ACHAT,PRÊT EXTERNE,ENSIA
2113,TOUT SUR R : ENSEMBLE DES NOMBRES REELS STRUCTURES ALGEBRIQUE ET TOPOLOGIQUE,HAZI MOHAMMED,UNKNOWN_EDITOR,2016.0,ALGER,ACHAT,PRÊT EXTERNE,ENSIA
2128,TOUT SUR R : ENSEMBLE DES NOMBRES REELS STRUCTURES ALGEBRIQUE ET TOPOLOGIQUE,HAZI MOHAMMED,UNKNOWN_EDITOR,2016.0,ALGER,ACHAT,PRÊT EXTERNE,ENSIA
2131,TOUT SUR R : ENSEMBLE DES NOMBRES REELS STRUCTURES ALGEBRIQUE ET TOPOLOGIQUE,HAZI MOHAMMED,UNKNOWN_EDITOR,2016.0,ALGER,ACHAT,PRÊT EXTERNE,ENSIA
2130,TOUT SUR R : ENSEMBLE DES NOMBRES REELS STRUCTURES ALGEBRIQUE ET TOPOLOGIQUE,HAZI MOHAMMED,UNKNOWN_EDITOR,2016.0,ALGER,ACHAT,PRÊT EXTERNE,ENSIA
4160,TOUT SUR R : ENSEMBLE DES NOMBRES REELS STRUCTURES ALGEBRIQUE ET TOPOLOGIQUE,HAZI MOHAMMED,UNKNOWN_EDITOR,2016.0,ALGER,ACHAT,PRÊT EXTERNE,ENSIA
4159,TOUT SUR R : ENSEMBLE DES NOMBRES REELS STRUCTURES ALGEBRIQUE ET TOPOLOGIQUE,HAZI MOHAMMED,UNKNOWN_EDITOR,2016.0,ALGER,ACHAT,PRÊT EXTERNE,ENSIA
4158,TOUT SUR R : ENSEMBLE DES NOMBRES REELS STRUCTURES ALGEBRIQUE ET TOPOLOGIQUE,HAZI MOHAMMED,UNKNOWN_EDITOR,2016.0,ALGER,ACHAT,PRÊT EXTERNE,ENSIA
4157,TOUT SUR R : ENSEMBLE DES NOMBRES REELS STRUCTURES ALGEBRIQUE ET TOPOLOGIQUE,HAZI MOHAMMED,UNKNOWN_EDITOR,2016.0,ALGER,ACHAT,PRÊT EXTERNE,ENSIA
4156,TOUT SUR R : ENSEMBLE DES NOMBRES REELS STRUCTURES ALGEBRIQUE ET TOPOLOGIQUE,HAZI MOHAMMED,UNKNOWN_EDITOR,2016.0,ALGER,ACHAT,PRÊT EXTERNE,ENSIA
4155,TOUT SUR R : ENSEMBLE DES NOMBRES REELS STRUCTURES ALGEBRIQUE ET TOPOLOGIQUE,HAZI MOHAMMED,UNKNOWN_EDITOR,2016.0,ALGER,ACHAT,PRÊT EXTERNE,ENSIA
3438,TOUT SUR R : ENSEMBLE DES NOMBRES REELS STRUCTURES ALGEBRIQUE ET TOPOLOGIQUE,HAZI MOHAMMED,UNKNOWN_EDITOR,2016.0,ALGER,ACHAT,PRÊT EXTERNE,ENSIA
3437,TOUT SUR R : ENSEMBLE DES NOMBRES REELS STRUCTURES ALGEBRIQUE ET TOPOLOGIQUE,HAZI MOHAMMED,UNKNOWN_EDITOR,2016.0,ALGER,ACHAT,PRÊT EXTERNE,ENSIA
3436,TOUT SUR R : ENSEMBLE DES NOMBRES REELS STRUCTURES ALGEBRIQUE ET TOPOLOGIQUE,HAZI MOHAMMED,UNKNOWN_EDITOR,2016.0,ALGER,ACHAT,PRÊT EXTERNE,ENSIA
3435,TOUT SUR R : ENSEMBLE DES NOMBRES REELS STRUCTURES ALGEBRIQUE ET TOPOLOGIQUE,HAZI MOHAMMED,UNKNOWN_EDITOR,2016.0,ALGER,ACHAT,PRÊT EXTERNE,ENSIA
3434,TOUT SUR R : ENSEMBLE DES NOMBRES REELS STRUCTURES ALGEBRIQUE ET TOPOLOGIQUE,HAZI MOHAMMED,UNKNOWN_EDITOR,2016.0,ALGER,ACHAT,PRÊT EXTERNE,ENSIA
3433,TOUT SUR R : ENSEMBLE DES NOMBRES REELS STRUCTURES ALGEBRIQUE ET TOPOLOGIQUE,HAZI MOHAMMED,UNKNOWN_EDITOR,2016.0,ALGER,ACHAT,PRÊT EXTERNE,ENSIA
3432,TOUT SUR R : ENSEMBLE DES NOMBRES REELS STRUCTURES ALGEBRIQUE ET TOPOLOGIQUE,HAZI MOHAMMED,UNKNOWN_EDITOR,2016.0,ALGER,ACHAT,PRÊT EXTERNE,ENSIA
3431,TOUT SUR R : ENSEMBLE DES NOMBRES REELS STRUCTURES ALGEBRIQUE ET TOPOLOGIQUE,HAZI MOHAMMED,UNKNOWN_EDITOR,2016.0,ALGER,ACHAT,PRÊT EXTERNE,ENSIA
3430,TOUT SUR R : ENSEMBLE DES NOMBRES REELS STRUCTURES ALGEBRIQUE ET TOPOLOGIQUE,HAZI MOHAMMED,UNKNOWN_EDITOR,2016.0,ALGER,ACHAT,PRÊT EXTERNE,ENSIA
3429,TOUT SUR R : ENSEMBLE DES NOMBRES REELS STRUCTURES ALGEBRIQUE ET TOPOLOGIQUE,HAZI MOHAMMED,UNKNOWN_EDITOR,2016.0,ALGER,ACHAT,PRÊT EXTERNE,ENSIA
3428,TOUT SUR R : ENSEMBLE DES NOMBRES REELS STRUCTURES ALGEBRIQUE ET TOPOLOGIQUE,HAZI MOHAMMED,UNKNOWN_EDITOR,2016.0,ALGER,ACHAT,PRÊT EXTERNE,ENSIA
3427,TOUT SUR R : ENSEMBLE DES NOMBRES REELS STRUCTURES ALGEBRIQUE ET TOPOLOGIQUE,HAZI MOHAMMED,UNKNOWN_EDITOR,2016.0,ALGER,ACHAT,PRÊT EXTERNE,ENSIA
3426,TOUT SUR R : ENSEMBLE DES NOMBRES REELS STRUCTURES ALGEBRIQUE ET TOPOLOGIQUE,HAZI MOHAMMED,UNKNOWN_EDITOR,2016.0,ALGER,ACHAT,PRÊT EXTERNE,ENSIA
3425,TOUT SUR R : ENSEMBLE DES NOMBRES REELS STRUCTURES ALGEBRIQUE ET TOPOLOGIQUE,HAZI MOHAMMED,UNKNOWN_EDITOR,2016.0,ALGER,ACHAT,PRÊT EXTERNE,ENSIA
2139,TOUT SUR R : ENSEMBLE DES NOMBRES REELS STRUCTURES ALGEBRIQUE ET TOPOLOGIQUE,HAZI MOHAMMED,UNKNOWN_EDITOR,2016.0,ALGER,ACHAT,PRÊT EXTERNE,ENSIA
2138,TOUT SUR R : ENSEMBLE DES NOMBRES REELS STRUCTURES ALGEBRIQUE ET TOPOLOGIQUE,HAZI MOHAMMED,UNKNOWN_EDITOR,2016.0,ALGER,ACHAT,PRÊT EXTERNE,ENSIA
2137,TOUT SUR R : ENSEMBLE DES NOMBRES REELS STRUCTURES ALGEBRIQUE ET TOPOLOGIQUE,HAZI MOHAMMED,UNKNOWN_EDITOR,2016.0,ALGER,ACHAT,PRÊT EXTERNE,ENSIA
2136,TOUT SUR R : ENSEMBLE DES NOMBRES REELS STRUCTURES ALGEBRIQUE ET TOPOLOGIQUE,HAZI MOHAMMED,UNKNOWN_EDITOR,2016.0,ALGER,ACHAT,PRÊT EXTERNE,ENSIA
2135,TOUT SUR R : ENSEMBLE DES NOMBRES REELS STRUCTURES ALGEBRIQUE ET TOPOLOGIQUE,HAZI MOHAMMED,UNKNOWN_EDITOR,2016.0,ALGER,ACHAT,PRÊT EXTERNE,ENSIA
2134,TOUT SUR R : ENSEMBLE DES NOMBRES REELS STRUCTURES ALGEBRIQUE ET TOPOLOGIQUE,HAZI MOHAMMED,UNKNOWN_EDITOR,2016.0,ALGER,ACHAT,PRÊT EXTERNE,ENSIA
2133,TOUT SUR R : ENSEMBLE DES NOMBRES REELS STRUCTURES ALGEBRIQUE ET TOPOLOGIQUE,HAZI MOHAMMED,UNKNOWN_EDITOR,2016.0,ALGER,ACHAT,PRÊT EXTERNE,ENSIA
2132,TOUT SUR R : ENSEMBLE DES NOMBRES REELS STRUCTURES ALGEBRIQUE ET TOPOLOGIQUE,HAZI MOHAMMED,UNKNOWN_EDITOR,2016.0,ALGER,ACHAT,PRÊT EXTERNE,ENSIA
2095,TOUT SUR R : ENSEMBLE DES NOMBRES REELS STRUCTURES ALGEBRIQUE ET TOPOLOGIQUE,HAZI MOHAMMED,UNKNOWN_EDITOR,2016.0,ALGER,ACHAT,PRÊT EXTERNE,ENSIA
2129,TOUT SUR R : ENSEMBLE DES NOMBRES REELS STRUCTURES ALGEBRIQUE ET TOPOLOGIQUE,HAZI MOHAMMED,UNKNOWN_EDITOR,2016.0,ALGER,ACHAT,PRÊT EXTERNE,ENSIA
2094,TOUT SUR R : ENSEMBLE DES NOMBRES REELS STRUCTURES ALGEBRIQUE ET TOPOLOGIQUE,HAZI MOHAMMED,UNKNOWN_EDITOR,2016.0,ALGER,ACHAT,PRÊT EXTERNE,ENSIA
2127,TOUT SUR R : ENSEMBLE DES NOMBRES REELS STRUCTURES ALGEBRIQUE ET TOPOLOGIQUE,HAZI MOHAMMED,UNKNOWN_EDITOR,2016.0,ALGER,ACHAT,PRÊT EXTERNE,ENSIA
2092,TOUT SUR R : ENSEMBLE DES NOMBRES REELS STRUCTURES ALGEBRIQUE ET TOPOLOGIQUE,HAZI MOHAMMED,UNKNOWN_EDITOR,2016.0,ALGER,ACHAT,PRÊT EXTERNE,ENSIA
1519,TOUT SUR R : ENSEMBLE DES NOMBRES REELS STRUCTURES ALGEBRIQUE ET TOPOLOGIQUE,HAZI MOHAMMED,UNKNOWN_EDITOR,2016.0,ALGER,ACHAT,PRÊT EXTERNE,ENSIA
1520,TOUT SUR R : ENSEMBLE DES NOMBRES REELS STRUCTURES ALGEBRIQUE ET TOPOLOGIQUE,HAZI MOHAMMED,UNKNOWN_EDITOR,2016.0,ALGER,ACHAT,PRÊT EXTERNE,ENSIA
1521,TOUT SUR R : ENSEMBLE DES NOMBRES REELS STRUCTURES ALGEBRIQUE ET TOPOLOGIQUE,HAZI MOHAMMED,UNKNOWN_EDITOR,2016.0,ALGER,ACHAT,PRÊT EXTERNE,ENSIA
1522,TOUT SUR R : ENSEMBLE DES NOMBRES REELS STRUCTURES ALGEBRIQUE ET TOPOLOGIQUE,HAZI MOHAMMED,UNKNOWN_EDITOR,2016.0,ALGER,ACHAT,PRÊT EXTERNE,ENSIA
1523,TOUT SUR R : ENSEMBLE DES NOMBRES REELS STRUCTURES ALGEBRIQUE ET TOPOLOGIQUE,HAZI MOHAMMED,UNKNOWN_EDITOR,2016.0,ALGER,ACHAT,PRÊT EXTERNE,ENSIA
1524,TOUT SUR R : ENSEMBLE DES NOMBRES REELS STRUCTURES ALGEBRIQUE ET TOPOLOGIQUE,HAZI MOHAMMED,UNKNOWN_EDITOR,2016.0,ALGER,ACHAT,PRÊT EXTERNE,ENSIA
2066,TOUT SUR R : ENSEMBLE DES NOMBRES REELS STRUCTURES ALGEBRIQUE ET TOPOLOGIQUE,HAZI MOHAMMED,UNKNOWN_EDITOR,2016.0,ALGER,ACHAT,PRÊT EXTERNE,ENSIA
2043,TOUT SUR R : ENSEMBLE DES NOMBRES REELS STRUCTURES ALGEBRIQUE ET TOPOLOGIQUE,HAZI MOHAMMED,UNKNOWN_EDITOR,2016.0,ALGER,ACHAT,PRÊT EXTERNE,ENSIA
2065,TOUT SUR R : ENSEMBLE DES NOMBRES REELS STRUCTURES ALGEBRIQUE ET TOPOLOGIQUE,HAZI MOHAMMED,UNKNOWN_EDITOR,2016.0,ALGER,ACHAT,PRÊT EXTERNE,ENSIA
2064,TOUT SUR R : ENSEMBLE DES NOMBRES REELS STRUCTURES ALGEBRIQUE ET TOPOLOGIQUE,HAZI MOHAMMED,UNKNOWN_EDITOR,2016.0,ALGER,ACHAT,PRÊT EXTERNE,ENSIA
2063,TOUT SUR R : ENSEMBLE DES NOMBRES REELS STRUCTURES ALGEBRIQUE ET TOPOLOGIQUE,HAZI MOHAMMED,UNKNOWN_EDITOR,2016.0,ALGER,ACHAT,PRÊT EXTERNE,ENSIA
2062,TOUT SUR R : ENSEMBLE DES NOMBRES REELS STRUCTURES ALGEBRIQUE ET TOPOLOGIQUE,HAZI MOHAMMED,UNKNOWN_EDITOR,2016.0,ALGER,ACHAT,PRÊT EXTERNE,ENSIA
2061,TOUT SUR R : ENSEMBLE DES NOMBRES REELS STRUCTURES ALGEBRIQUE ET TOPOLOGIQUE,HAZI MOHAMMED,UNKNOWN_EDITOR,2016.0,ALGER,ACHAT,PRÊT EXTERNE,ENSIA
2060,TOUT SUR R : ENSEMBLE DES NOMBRES REELS STRUCTURES ALGEBRIQUE ET TOPOLOGIQUE,HAZI MOHAMMED,UNKNOWN_EDITOR,2016.0,ALGER,ACHAT,PRÊT EXTERNE,ENSIA
2093,TOUT SUR R : ENSEMBLE DES NOMBRES REELS STRUCTURES ALGEBRIQUE ET TOPOLOGIQUE,HAZI MOHAMMED,UNKNOWN_EDITOR,2016.0,ALGER,ACHAT,PRÊT EXTERNE,ENSIA
2059,TOUT SUR R : ENSEMBLE DES NOMBRES REELS STRUCTURES ALGEBRIQUE ET TOPOLOGIQUE,HAZI MOHAMMED,UNKNOWN_EDITOR,2016.0,ALGER,ACHAT,PRÊT EXTERNE,ENSIA
2058,TOUT SUR R : ENSEMBLE DES NOMBRES REELS STRUCTURES ALGEBRIQUE ET TOPOLOGIQUE,HAZI MOHAMMED,UNKNOWN_EDITOR,2016.0,ALGER,ACHAT,PRÊT EXTERNE,ENSIA
2045,TOUT SUR R : ENSEMBLE DES NOMBRES REELS STRUCTURES ALGEBRIQUE ET TOPOLOGIQUE,HAZI MOHAMMED,UNKNOWN_EDITOR,2016.0,ALGER,ACHAT,PRÊT EXTERNE,ENSIA
2046,TOUT SUR R : ENSEMBLE DES NOMBRES REELS STRUCTURES ALGEBRIQUE ET TOPOLOGIQUE,HAZI MOHAMMED,UNKNOWN_EDITOR,2016.0,ALGER,ACHAT,PRÊT EXTERNE,ENSIA
2047,TOUT SUR R : ENSEMBLE DES NOMBRES REELS STRUCTURES ALGEBRIQUE ET TOPOLOGIQUE,HAZI MOHAMMED,UNKNOWN_EDITOR,2016.0,ALGER,ACHAT,PRÊT EXTERNE,ENSIA
2048,TOUT SUR R : ENSEMBLE DES NOMBRES REELS STRUCTURES ALGEBRIQUE ET TOPOLOGIQUE,HAZI MOHAMMED,UNKNOWN_EDITOR,2016.0,ALGER,ACHAT,PRÊT EXTERNE,ENSIA
2049,TOUT SUR R : ENSEMBLE DES NOMBRES REELS STRUCTURES ALGEBRIQUE ET TOPOLOGIQUE,HAZI MOHAMMED,UNKNOWN_EDITOR,2016.0,ALGER,ACHAT,PRÊT EXTERNE,ENSIA
2050,TOUT SUR R : ENSEMBLE DES NOMBRES REELS STRUCTURES ALGEBRIQUE ET TOPOLOGIQUE,HAZI MOHAMMED,UNKNOWN_EDITOR,2016.0,ALGER,ACHAT,PRÊT EXTERNE,ENSIA
1518,TOUT SUR R : ENSEMBLE DES NOMBRES REELS STRUCTURES ALGEBRIQUE ET TOPOLOGIQUE,HAZI MOHAMMED,UNKNOWN_EDITOR,2016.0,ALGER,ACHAT,PRÊT EXTERNE,ENSIA
2051,TOUT SUR R : ENSEMBLE DES NOMBRES REELS STRUCTURES ALGEBRIQUE ET TOPOLOGIQUE,HAZI MOHAMMED,UNKNOWN_EDITOR,2016.0,ALGER,ACHAT,PRÊT EXTERNE,ENSIA
2053,TOUT SUR R : ENSEMBLE DES NOMBRES REELS STRUCTURES ALGEBRIQUE ET TOPOLOGIQUE,HAZI MOHAMMED,UNKNOWN_EDITOR,2016.0,ALGER,ACHAT,PRÊT EXTERNE,ENSIA
2054,TOUT SUR R : ENSEMBLE DES NOMBRES REELS STRUCTURES ALGEBRIQUE ET TOPOLOGIQUE,HAZI MOHAMMED,UNKNOWN_EDITOR,2016.0,ALGER,ACHAT,PRÊT EXTERNE,ENSIA
2055,TOUT SUR R : ENSEMBLE DES NOMBRES REELS STRUCTURES ALGEBRIQUE ET TOPOLOGIQUE,HAZI MOHAMMED,UNKNOWN_EDITOR,2016.0,ALGER,ACHAT,PRÊT EXTERNE,ENSIA
2056,TOUT SUR R : ENSEMBLE DES NOMBRES REELS STRUCTURES ALGEBRIQUE ET TOPOLOGIQUE,HAZI MOHAMMED,UNKNOWN_EDITOR,2016.0,ALGER,ACHAT,PRÊT EXTERNE,ENSIA
2044,TOUT SUR R : ENSEMBLE DES NOMBRES REELS STRUCTURES ALGEBRIQUE ET TOPOLOGIQUE,HAZI MOHAMMED,UNKNOWN_EDITOR,2016.0,ALGER,ACHAT,PRÊT EXTERNE,ENSIA
2057,TOUT SUR R : ENSEMBLE DES NOMBRES REELS STRUCTURES ALGEBRIQUE ET TOPOLOGIQUE,HAZI MOHAMMED,UNKNOWN_EDITOR,2016.0,ALGER,ACHAT,PRÊT EXTERNE,ENSIA
2052,TOUT SUR R : ENSEMBLE DES NOMBRES REELS STRUCTURES ALGEBRIQUE ET TOPOLOGIQUE,HAZI MOHAMMED,UNKNOWN_EDITOR,2016.0,ALGER,ACHAT,PRÊT EXTERNE,ENSIA
2067,TOUT SUR R : ENSEMBLE DES NOMBRES REELS STRUCTURES ALGEBRIQUE ET TOPOLOGIQUE,HAZI MOHAMMED,UNKNOWN_EDITOR,2016.0,ALGER,ACHAT,PRÊT EXTERNE,ENSIA
1525,TOUT SUR R : ENSEMBLE DES NOMBRES REELS STRUCTURES ALGEBRIQUE ET TOPOLOGIQUE,HAZI MOHAMMED,UNKNOWN_EDITOR,2016.0,ALGER,ACHAT,PRÊT EXTERNE,ENSIA
2041,TOUT SUR R : ENSEMBLE DES NOMBRES REELS STRUCTURES ALGEBRIQUE ET TOPOLOGIQUE,HAZI MOHAMMED,UNKNOWN_EDITOR,2016.0,ALGER,ACHAT,PRÊT EXTERNE,ENSIA
2088,TOUT SUR R : ENSEMBLE DES NOMBRES REELS STRUCTURES ALGEBRIQUE ET TOPOLOGIQUE,HAZI MOHAMMED,UNKNOWN_EDITOR,2016.0,ALGER,ACHAT,PRÊT EXTERNE,ENSIA
2087,TOUT SUR R : ENSEMBLE DES NOMBRES REELS STRUCTURES ALGEBRIQUE ET TOPOLOGIQUE,HAZI MOHAMMED,UNKNOWN_EDITOR,2016.0,ALGER,ACHAT,PRÊT EXTERNE,ENSIA
2086,TOUT SUR R : ENSEMBLE DES NOMBRES REELS STRUCTURES ALGEBRIQUE ET TOPOLOGIQUE,HAZI MOHAMMED,UNKNOWN_EDITOR,2016.0,ALGER,ACHAT,PRÊT EXTERNE,ENSIA
2085,TOUT SUR R : ENSEMBLE DES NOMBRES REELS STRUCTURES ALGEBRIQUE ET TOPOLOGIQUE,HAZI MOHAMMED,UNKNOWN_EDITOR,2016.0,ALGER,ACHAT,PRÊT EXTERNE,ENSIA
2084,TOUT SUR R : ENSEMBLE DES NOMBRES REELS STRUCTURES ALGEBRIQUE ET TOPOLOGIQUE,HAZI MOHAMMED,UNKNOWN_EDITOR,2016.0,ALGER,ACHAT,PRÊT EXTERNE,ENSIA
2083,TOUT SUR R : ENSEMBLE DES NOMBRES REELS STRUCTURES ALGEBRIQUE ET TOPOLOGIQUE,HAZI MOHAMMED,UNKNOWN_EDITOR,2016.0,ALGER,ACHAT,PRÊT EXTERNE,ENSIA
2082,TOUT SUR R : ENSEMBLE DES NOMBRES REELS STRUCTURES ALGEBRIQUE ET TOPOLOGIQUE,HAZI MOHAMMED,UNKNOWN_EDITOR,2016.0,ALGER,ACHAT,PRÊT EXTERNE,ENSIA
2081,TOUT SUR R : ENSEMBLE DES NOMBRES REELS STRUCTURES ALGEBRIQUE ET TOPOLOGIQUE,HAZI MOHAMMED,UNKNOWN_EDITOR,2016.0,ALGER,ACHAT,PRÊT EXTERNE,ENSIA
2040,TOUT SUR R : ENSEMBLE DES NOMBRES REELS STRUCTURES ALGEBRIQUE ET TOPOLOGIQUE,HAZI MOHAMMED,UNKNOWN_EDITOR,2016.0,ALGER,ACHAT,PRÊT EXTERNE,ENSIA
2080,TOUT SUR R : ENSEMBLE DES NOMBRES REELS STRUCTURES ALGEBRIQUE ET TOPOLOGIQUE,HAZI MOHAMMED,UNKNOWN_EDITOR,2016.0,ALGER,ACHAT,PRÊT EXTERNE,ENSIA
2091,TOUT SUR R : ENSEMBLE DES NOMBRES REELS STRUCTURES ALGEBRIQUE ET TOPOLOGIQUE,HAZI MOHAMMED,UNKNOWN_EDITOR,2016.0,ALGER,ACHAT,PRÊT EXTERNE,ENSIA
2089,TOUT SUR R : ENSEMBLE DES NOMBRES REELS STRUCTURES ALGEBRIQUE ET TOPOLOGIQUE,HAZI MOHAMMED,UNKNOWN_EDITOR,2016.0,ALGER,ACHAT,PRÊT EXTERNE,ENSIA
2078,TOUT SUR R : ENSEMBLE DES NOMBRES REELS STRUCTURES ALGEBRIQUE ET TOPOLOGIQUE,HAZI MOHAMMED,UNKNOWN_EDITOR,2016.0,ALGER,ACHAT,PRÊT EXTERNE,ENSIA
2077,TOUT SUR R : ENSEMBLE DES NOMBRES REELS STRUCTURES ALGEBRIQUE ET TOPOLOGIQUE,HAZI MOHAMMED,UNKNOWN_EDITOR,2016.0,ALGER,ACHAT,PRÊT EXTERNE,ENSIA
2042,TOUT SUR R : ENSEMBLE DES NOMBRES REELS STRUCTURES ALGEBRIQUE ET TOPOLOGIQUE,HAZI MOHAMMED,UNKNOWN_EDITOR,2016.0,ALGER,ACHAT,PRÊT EXTERNE,ENSIA
2079,TOUT SUR R : ENSEMBLE DES NOMBRES REELS STRUCTURES ALGEBRIQUE ET TOPOLOGIQUE,HAZI MOHAMMED,UNKNOWN_EDITOR,2016.0,ALGER,ACHAT,PRÊT EXTERNE,ENSIA
2075,TOUT SUR R : ENSEMBLE DES NOMBRES REELS STRUCTURES ALGEBRIQUE ET TOPOLOGIQUE,HAZI MOHAMMED,UNKNOWN_EDITOR,2016.0,ALGER,ACHAT,PRÊT EXTERNE,ENSIA
1517,TOUT SUR R : ENSEMBLE DES NOMBRES REELS STRUCTURES ALGEBRIQUE ET TOPOLOGIQUE,HAZI MOHAMMED,UNKNOWN_EDITOR,2016.0,ALGER,ACHAT,PRÊT EXTERNE,ENSIA
1516,TOUT SUR R : ENSEMBLE DES NOMBRES REELS STRUCTURES ALGEBRIQUE ET TOPOLOGIQUE,HAZI MOHAMMED,UNKNOWN_EDITOR,2016.0,ALGER,ACHAT,PRÊT EXTERNE,ENSIA
2068,TOUT SUR R : ENSEMBLE DES NOMBRES REELS STRUCTURES ALGEBRIQUE ET TOPOLOGIQUE,HAZI MOHAMMED,UNKNOWN_EDITOR,2016.0,ALGER,ACHAT,PRÊT EXTERNE,ENSIA
2069,TOUT SUR R : ENSEMBLE DES NOMBRES REELS STRUCTURES ALGEBRIQUE ET TOPOLOGIQUE,HAZI MOHAMMED,UNKNOWN_EDITOR,2016.0,ALGER,ACHAT,PRÊT EXTERNE,ENSIA
2070,TOUT SUR R : ENSEMBLE DES NOMBRES REELS STRUCTURES ALGEBRIQUE ET TOPOLOGIQUE,HAZI MOHAMMED,UNKNOWN_EDITOR,2016.0,ALGER,ACHAT,PRÊT EXTERNE,ENSIA
2076,TOUT SUR R : ENSEMBLE DES NOMBRES REELS STRUCTURES ALGEBRIQUE ET TOPOLOGIQUE,HAZI MOHAMMED,UNKNOWN_EDITOR,2016.0,ALGER,ACHAT,PRÊT EXTERNE,ENSIA
2071,TOUT SUR R : ENSEMBLE DES NOMBRES REELS STRUCTURES ALGEBRIQUE ET TOPOLOGIQUE,HAZI MOHAMMED,UNKNOWN_EDITOR,2016.0,ALGER,ACHAT,PRÊT EXTERNE,ENSIA
2090,TOUT SUR R : ENSEMBLE DES NOMBRES REELS STRUCTURES ALGEBRIQUE ET TOPOLOGIQUE,HAZI MOHAMMED,UNKNOWN_EDITOR,2016.0,ALGER,ACHAT,PRÊT EXTERNE,ENSIA
2072,TOUT SUR R : ENSEMBLE DES NOMBRES REELS STRUCTURES ALGEBRIQUE ET TOPOLOGIQUE,HAZI MOHAMMED,UNKNOWN_EDITOR,2016.0,ALGER,ACHAT,PRÊT EXTERNE,ENSIA
2073,TOUT SUR R : ENSEMBLE DES NOMBRES REELS STRUCTURES ALGEBRIQUE ET TOPOLOGIQUE,HAZI MOHAMMED,UNKNOWN_EDITOR,2016.0,ALGER,ACHAT,PRÊT EXTERNE,ENSIA
2074,TOUT SUR R : ENSEMBLE DES NOMBRES REELS STRUCTURES ALGEBRIQUE ET TOPOLOGIQUE,HAZI MOHAMMED,UNKNOWN_EDITOR,2016.0,ALGER,ACHAT,PRÊT EXTERNE,ENSIA
1092,TOUTE L'ALGÈBRE DE LA LICENCE : COURS ET EXERCICES CORRIGÉS,"ESCOFIER, JEAN-PIERRE",UNKNOWN_EDITOR,2016.0,UNKNOWN_LOCATION,ACHAT,PRÊT EXTERNE,ENSIA
1091,TOUTE L'ALGÈBRE DE LA LICENCE : COURS ET EXERCICES CORRIGÉS,"ESCOFIER, JEAN-PIERRE",UNKNOWN_EDITOR,2016.0,UNKNOWN_LOCATION,ACHAT,PRÊT EXTERNE,ENSIA
949,"TOUTE LA RESISTANCE DES MATERIAUX : FORMULAIRE PRATIQUE, MÉTHODES DE CALCUL, EXEMPLES : AIDE-MÉMOIRE","XIONG, YOUDE",Y. XIONG,2006.0,FRANCE,ACHAT,PRÊT EXTERNE,ENSIA
945,"TOUTE LA RESISTANCE DES MATERIAUX : FORMULAIRE PRATIQUE, MÉTHODES DE CALCUL, EXEMPLES : AIDE-MÉMOIRE","XIONG, YOUDE",Y. XIONG,2006.0,FRANCE,ACHAT,PRÊT EXTERNE,ENSIA
956,"TOUTE LA RESISTANCE DES MATERIAUX : FORMULAIRE PRATIQUE, MÉTHODES DE CALCUL, EXEMPLES : AIDE-MÉMOIRE","XIONG, YOUDE",Y. XIONG,2006.0,FRANCE,ACHAT,PRÊT EXTERNE,ENSIA
955,"TOUTE LA RESISTANCE DES MATERIAUX : FORMULAIRE PRATIQUE, MÉTHODES DE CALCUL, EXEMPLES : AIDE-MÉMOIRE","XIONG, YOUDE",Y. XIONG,2006.0,FRANCE,ACHAT,PRÊT EXTERNE,ENSIA
946,"TOUTE LA RESISTANCE DES MATERIAUX : FORMULAIRE PRATIQUE, MÉTHODES DE CALCUL, EXEMPLES : AIDE-MÉMOIRE","XIONG, YOUDE",Y. XIONG,2006.0,FRANCE,ACHAT,PRÊT EXTERNE,ENSIA
953,"TOUTE LA RESISTANCE DES MATERIAUX : FORMULAIRE PRATIQUE, MÉTHODES DE CALCUL, EXEMPLES : AIDE-MÉMOIRE","XIONG, YOUDE",Y. XIONG,2006.0,FRANCE,ACHAT,PRÊT EXTERNE,ENSIA
952,"TOUTE LA RESISTANCE DES MATERIAUX : FORMULAIRE PRATIQUE, MÉTHODES DE CALCUL, EXEMPLES : AIDE-MÉMOIRE","XIONG, YOUDE",Y. XIONG,2006.0,FRANCE,ACHAT,PRÊT EXTERNE,ENSIA
951,"TOUTE LA RESISTANCE DES MATERIAUX : FORMULAIRE PRATIQUE, MÉTHODES DE CALCUL, EXEMPLES : AIDE-MÉMOIRE","XIONG, YOUDE",Y. XIONG,2006.0,FRANCE,ACHAT,PRÊT EXTERNE,ENSIA
948,"TOUTE LA RESISTANCE DES MATERIAUX : FORMULAIRE PRATIQUE, MÉTHODES DE CALCUL, EXEMPLES : AIDE-MÉMOIRE","XIONG, YOUDE",Y. XIONG,2006.0,FRANCE,ACHAT,PRÊT EXTERNE,ENSIA
950,"TOUTE LA RESISTANCE DES MATERIAUX : FORMULAIRE PRATIQUE, MÉTHODES DE CALCUL, EXEMPLES : AIDE-MÉMOIRE","XIONG, YOUDE",Y. XIONG,2006.0,FRANCE,ACHAT,PRÊT EXTERNE,ENSIA
954,"TOUTE LA RESISTANCE DES MATERIAUX : FORMULAIRE PRATIQUE, MÉTHODES DE CALCUL, EXEMPLES : AIDE-MÉMOIRE","XIONG, YOUDE",Y. XIONG,2006.0,FRANCE,ACHAT,PRÊT EXTERNE,ENSIA
947,"TOUTE LA RESISTANCE DES MATERIAUX : FORMULAIRE PRATIQUE, MÉTHODES DE CALCUL, EXEMPLES : AIDE-MÉMOIRE","XIONG, YOUDE",Y. XIONG,2006.0,FRANCE,ACHAT,PRÊT EXTERNE,ENSIA
958,"TOUTE LA RESISTANCE DES MATERIAUX : FORMULAIRE PRATIQUE, MÉTHODES DE CALCUL, EXEMPLES : AIDE-MÉMOIRE","XIONG, YOUDE",Y. XIONG,2006.0,FRANCE,ACHAT,PRÊT EXTERNE,ENSIA
959,"TOUTE LA RESISTANCE DES MATERIAUX : FORMULAIRE PRATIQUE, MÉTHODES DE CALCUL, EXEMPLES : AIDE-MÉMOIRE","XIONG, YOUDE",Y. XIONG,2006.0,FRANCE,ACHAT,PRÊT EXTERNE,ENSIA
960,"TOUTE LA RESISTANCE DES MATERIAUX : FORMULAIRE PRATIQUE, MÉTHODES DE CALCUL, EXEMPLES : AIDE-MÉMOIRE","XIONG, YOUDE",Y. XIONG,2006.0,FRANCE,ACHAT,PRÊT EXTERNE,ENSIA
961,"TOUTE LA RESISTANCE DES MATERIAUX : FORMULAIRE PRATIQUE, MÉTHODES DE CALCUL, EXEMPLES : AIDE-MÉMOIRE","XIONG, YOUDE",Y. XIONG,2006.0,FRANCE,ACHAT,PRÊT EXTERNE,ENSIA
957,"TOUTE LA RESISTANCE DES MATERIAUX : FORMULAIRE PRATIQUE, MÉTHODES DE CALCUL, EXEMPLES : AIDE-MÉMOIRE","XIONG, YOUDE",Y. XIONG,2006.0,FRANCE,ACHAT,PRÊT EXTERNE,ENSIA
1093,"TOUTES LES MATHÉMATIQUES, MP : 1RE PARTIE, LE KIT DE SURVIE, 2E PARTIE, DES CERISES SUR LE GÂTEAU","VERSCHUEREN, LUC",UNKNOWN_EDITOR,2004.0,PARIS,ACHAT,PRÊT EXTERNE,ENSIA
1094,"TOUTES LES MATHÉMATIQUES, MP : 1RE PARTIE, LE KIT DE SURVIE, 2E PARTIE, DES CERISES SUR LE GÂTEAU","VERSCHUEREN, LUC",UNKNOWN_EDITOR,2004.0,PARIS,ACHAT,PRÊT EXTERNE,ENSIA
1096,"TOUTES LES MATHÉMATIQUES, PSI-PSI* : [NOUVEAU PROGRAMME]","GUILLAUMIE, HERVÉ",UNKNOWN_EDITOR,2005.0,PARIS,ACHAT,PRÊT EXTERNE,ENSIA
1095,"TOUTES LES MATHÉMATIQUES, PSI-PSI* : [NOUVEAU PROGRAMME]","GUILLAUMIE, HERVÉ",UNKNOWN_EDITOR,2005.0,PARIS,ACHAT,PRÊT EXTERNE,ENSIA
6174,TRAITEMENT AUTOMATIQUE DES LANGUES : TRAITEMENT AUTOMATIQUE DES LANGUES POUR LA RECHERCHE D'INFORMATION,"JACQUEMIN, CHRISTIAN",HERMÈS SCIENCE PUBLICATIONS,2001.0,PARIS,DON,CONSULTATION SUR PLACE,ENSIA
89,TRAITEMENT DU SIGNAL 2 : THÉORIE ET APPLICATIONS,"GUERCHAOUI, ATMAN",OPU,2014.0,ALGER,ACHAT,PRÊT EXTERNE,ENSIA
88,TRAITEMENT DU SIGNAL 2 : THÉORIE ET APPLICATIONS,"GUERCHAOUI, ATMAN",OPU,2014.0,ALGER,ACHAT,CONSULTATION SUR PLACE,ENSIA
555,"TRANSFERTS THERMIQUES : INTRODUCTION AUX TRANSFERTS D'ÉNERGIE : COURS, EXERCICES CORRIGÉS","TAINE, JEAN",UNKNOWN_EDITOR,UNKNOWN_YEAR,UNKNOWN_LOCATION,ACHAT,CONSULTATION SUR PLACE,ENSIA
556,"TRANSFERTS THERMIQUES : INTRODUCTION AUX TRANSFERTS D'ÉNERGIE : COURS, EXERCICES CORRIGÉS","TAINE, JEAN",UNKNOWN_EDITOR,UNKNOWN_YEAR,UNKNOWN_LOCATION,ACHAT,PRÊT EXTERNE,ENSIA
557,"TRANSFERTS THERMIQUES : INTRODUCTION AUX TRANSFERTS D'ÉNERGIE : COURS, EXERCICES CORRIGÉS","TAINE, JEAN",UNKNOWN_EDITOR,UNKNOWN_YEAR,UNKNOWN_LOCATION,ACHAT,PRÊT EXTERNE,ENSIA
597,TRANSLATION AND PRACTICE THEORY,OLOHAN MAEVE,ROUTLEDGE,2021.0,USA,ACHAT,PRÊT EXTERNE,ENSIA
596,TRANSLATION AND PRACTICE THEORY,OLOHAN MAEVE,ROUTLEDGE,2021.0,USA,ACHAT,PRÊT EXTERNE,ENSIA
1190,TRANSMISSIONS ET RÉSEAUX,PRÉSEN ; DOMINIQUE,UNKNOWN_EDITOR,1999.0,PARIS,DON,PRÊT EXTERNE,ENSIA
1189,TRANSMISSIONS ET RÉSEAUX,PRÉSEN ; DOMINIQUE,UNKNOWN_EDITOR,1999.0,PARIS,DON,PRÊT EXTERNE,ENSIA
918,TRANSMISSIONS MÉCANIQUES DE PUISSANCE : APPLICATION AUX BOÎTES DE VITESSES AUTOMATIQUES,"ARQUÈS, PHILIPPE",ELLIPSES,2001.0,PARIS,DON,CONSULTATION SUR PLACE,ENSIA
1147,TRIGONOMÉTRIE : COURS ET PROBLÈMES,"AYRES, FRANK",UNKNOWN_EDITOR,UNKNOWN_YEAR,UNKNOWN_LOCATION,DON,PRÊT EXTERNE,ENSIA
1148,TRIGONOMÉTRIE : COURS ET PROBLÈMES,"AYRES, FRANK",UNKNOWN_EDITOR,UNKNOWN_YEAR,UNKNOWN_LOCATION,DON,PRÊT EXTERNE,ENSIA
720,UML 2 : PRATIQUE DE LA MODÉLISATION,"CHARROUX, B",PEARSON ÉDUCATION FRANCE,2008.0,PARIS,DON,CONSULTATION SUR PLACE,ENSIA
3861,UNDERSTANDING ANALYSIS,AXELER.SHELDON,UNKNOWN_EDITOR,2010.0,UNKNOWN_LOCATION,ACHAT,PRÊT EXTERNE,ENSIA
3856,UNDERSTANDING ANALYSIS,AXELER.SHELDON,UNKNOWN_EDITOR,2010.0,UNKNOWN_LOCATION,ACHAT,PRÊT EXTERNE,ENSIA
3857,UNDERSTANDING ANALYSIS,AXELER.SHELDON,UNKNOWN_EDITOR,2010.0,UNKNOWN_LOCATION,ACHAT,PRÊT EXTERNE,ENSIA
3860,UNDERSTANDING ANALYSIS,AXELER.SHELDON,UNKNOWN_EDITOR,2010.0,UNKNOWN_LOCATION,ACHAT,PRÊT EXTERNE,ENSIA
3859,UNDERSTANDING ANALYSIS,AXELER.SHELDON,UNKNOWN_EDITOR,2010.0,UNKNOWN_LOCATION,ACHAT,PRÊT EXTERNE,ENSIA
3858,UNDERSTANDING ANALYSIS,AXELER.SHELDON,UNKNOWN_EDITOR,2010.0,UNKNOWN_LOCATION,ACHAT,PRÊT EXTERNE,ENSIA
773,UNIX 99 EXERCICES CORRIGÉS,"RIFFLET, JEAN-MARIE",EDISCIENCE INTERNATIONAL,1996.0,CACHAN (VAL-DE-MARNE),PASSIF,PRÊT EXTERNE,ENSIA
774,UNIX 99 EXERCICES CORRIGÉS,"RIFFLET, JEAN-MARIE",EDISCIENCE INTERNATIONAL,1996.0,CACHAN (VAL-DE-MARNE),PASSIF,PRÊT EXTERNE,ENSIA
725,UNIX ADMINISTRATION : SYSTÈMES ET RÉSEAUX,"MORENO, JEAN-MICHEL",DUNOD,2003.0,PARIS,DON,CONSULTATION SUR PLACE,ENSIA
721,"UNIX, LINUX, BSD : UTILISATEURS ET DÉVELOPPEURS","PÉLISSIER, CHRISTIAN",HERMES SCIENCE PUBLICATIONS-LAVOISIER,2008.0,PARIS,DON,PRÊT EXTERNE,ENSIA
674,"VMWARE VSPHERE 6 : IVRE, CONCEVOIR UNE INFRASTRUCTURE DE VIRTUALISATION : VIDÉO, HAUTE DISPONIBILITÉ, VMOTION, VSAN ET ÉQUILIBRAGE DE CHARGE.",ERIC FOURN,EDITIONS ENI,2019.0,FRANCE,ACHAT,PRÊT EXTERNE,ENSIA
673,"VMWARE VSPHERE 6 : IVRE, CONCEVOIR UNE INFRASTRUCTURE DE VIRTUALISATION : VIDÉO, HAUTE DISPONIBILITÉ, VMOTION, VSAN ET ÉQUILIBRAGE DE CHARGE.",ERIC FOURN,EDITIONS ENI,2019.0,FRANCE,ACHAT,PRÊT EXTERNE,ENSIA
398,WIRELESS MEDICAL SYSTEMS AND ALGORITHMS : DESIGN AND APPLICATIONS,SALVO PIETRO,CRC PRESS,2016.0,USA,ACHAT,PRÊT EXTERNE,ENSIA
397,WIRELESS MEDICAL SYSTEMS AND ALGORITHMS : DESIGN AND APPLICATIONS,SALVO PIETRO,CRC PRESS,2016.0,USA,ACHAT,PRÊT EXTERNE,ENSIA
396,WIRELESS MEDICAL SYSTEMS AND ALGORITHMS : DESIGN AND APPLICATIONS,SALVO PIETRO,CRC PRESS,2016.0,USA,ACHAT,CONSULTATION SUR PLACE,ENSIA
622,"WRITING USING SOURCES FOR ACADEMIC PURPOSES : THEORY, RESEARCH AND PRACTICE",ROSEMARY WETTE,ROUTLEDGE,2020.0,USA,ACHAT,CONSULTATION SUR PLACE,ENSIA
623,"WRITING USING SOURCES FOR ACADEMIC PURPOSES : THEORY, RESEARCH AND PRACTICE",ROSEMARY WETTE,ROUTLEDGE,2020.0,USA,ACHAT,PRÊT EXTERNE,ENSIA
794,XML,"TITTEL, ED",EDISCIENCE INTERNATIONAL,2003.0,PARIS,PASSIF,PRÊT EXTERNE,ENSIA
d01,ÉLÉMENT D'ANALYSE,"ALLAB, KADA",UNKNOWN_EDITOR,1990.0,ALGER,DON,PRÊT EXTERNE,ENSIA
1364,ÉLÉMENT D'ANALYSE,"ALLAB, KADA",UNKNOWN_EDITOR,1990.0,ALGER,ACHAT,PRÊT EXTERNE,ENSIA
1363,ÉLÉMENT D'ANALYSE,"ALLAB, KADA",UNKNOWN_EDITOR,1990.0,ALGER,DON,PRÊT EXTERNE,ENSIA
1319,ÉLÉMENTS D'ANALYSE 2,"DIEUDONNÉ, JEAN,",GAUTHIER-VILLARS,1974.0,FRANCE,ACHAT,PRÊT EXTERNE,ENSIA
1320,ÉLÉMENTS D'ANALYSE 2,"DIEUDONNÉ, JEAN,",GAUTHIER-VILLARS,1974.0,FRANCE,ACHAT,PRÊT EXTERNE,ENSIA
1321,ÉLÉMENTS D'ANALYSE 2,"DIEUDONNÉ, JEAN,",GAUTHIER-VILLARS,1974.0,FRANCE,ACHAT,PRÊT EXTERNE,ENSIA
1324,ÉLÉMENTS D'ANALYSE 3,"DIEUDONNÉ, JEAN,",J. GABAY,1978.0,FRANCE,DON,PRÊT EXTERNE,ENSIA
1323,ÉLÉMENTS D'ANALYSE 3,"DIEUDONNÉ, JEAN,",J. GABAY,1978.0,FRANCE,ACHAT,PRÊT EXTERNE,ENSIA
1322,ÉLÉMENTS D'ANALYSE 3,"DIEUDONNÉ, JEAN,",J. GABAY,1978.0,FRANCE,ACHAT,PRÊT EXTERNE,ENSIA
1346,ÉLÉMENTS D'ANALYSE 6,"DIEUDONNÉ, JEAN,",GAUTHIER-VILLARS,1976.0,FRANCE,ACHAT,PRÊT EXTERNE,ENSIA
1347,ÉLÉMENTS D'ANALYSE 6,"DIEUDONNÉ, JEAN,",GAUTHIER-VILLARS,1976.0,FRANCE,ACHAT,PRÊT EXTERNE,ENSIA
1327,ÉLÉMENTS D'ANALYSE 7,"DIEUDONNÉ, JEAN,",J. GABAY,1978.0,UNKNOWN_LOCATION,ACHAT,PRÊT EXTERNE,ENSIA
1326,ÉLÉMENTS D'ANALYSE 7,"DIEUDONNÉ, JEAN,",J. GABAY,1978.0,UNKNOWN_LOCATION,ACHAT,PRÊT EXTERNE,ENSIA
1325,ÉLÉMENTS D'ANALYSE 7,"DIEUDONNÉ, JEAN,",J. GABAY,1978.0,UNKNOWN_LOCATION,ACHAT,PRÊT EXTERNE,ENSIA
82,ÉLÉMENTS D'ANALYSE FONCTION D'UNE VARIABLE RÉELLE TOME 1,ALLAB KADA,OPU,2019.0,ALGER,ACHAT,PRÊT EXTERNE,ENSIA
81,ÉLÉMENTS D'ANALYSE FONCTION D'UNE VARIABLE RÉELLE TOME 1,ALLAB KADA,OPU,2019.0,ALGER,ACHAT,PRÊT EXTERNE,ENSIA
80,ÉLÉMENTS D'ANALYSE FONCTION D'UNE VARIABLE RÉELLE TOME 1,ALLAB KADA,OPU,2019.0,ALGER,ACHAT,PRÊT EXTERNE,ENSIA
83,ÉLÉMENTS D'ANALYSE FONCTION D'UNE VARIABLE RÉELLE TOME 1,ALLAB KADA,OPU,2019.0,ALGER,ACHAT,PRÊT EXTERNE,ENSIA
992,ÉQUATIONS DIFFÉRENTIELLES ORDINAIRES TOME 1 : THÉORIE GÉNÉRALE,ROUCHE.N,UNKNOWN_EDITOR,1973.0,PARIS,ACHAT,PRÊT EXTERNE,ENSIA
993,ÉQUATIONS DIFFÉRENTIELLES ORDINAIRES TOME 1 : THÉORIE GÉNÉRALE,ROUCHE.N,UNKNOWN_EDITOR,1973.0,PARIS,ACHAT,PRÊT EXTERNE,ENSIA
